# Blender 3.6.5
# www.blender.org
o grip
v -0.018547 0.020098 0.005565
v -0.017459 0.019550 0.004101
v -0.018595 0.019550 0.004101
v -0.018435 0.022555 0.007636
v -0.017459 0.021154 0.006804
v -0.018486 0.021154 0.006804
v -0.017459 0.020484 -0.009990
v -0.018759 0.021214 -0.010461
v -0.018759 0.020484 -0.009990
v -0.017459 0.018679 -0.008145
v -0.018753 0.018264 -0.007408
v -0.017459 0.018264 -0.007408
v -0.018755 0.018679 -0.008145
v -0.017459 0.029488 0.007927
v -0.018239 0.029096 0.007927
v -0.017842 0.029472 0.007927
v -0.018668 0.006512 -0.007653
v -0.017760 0.007263 -0.002453
v -0.018578 0.008596 -0.002809
v -0.018693 0.004749 -0.024001
v -0.019095 0.006854 -0.015155
v -0.019095 0.006507 -0.024046
v -0.011922 0.015669 0.038746
v -0.010768 0.015570 0.040331
v -0.011135 0.017020 0.040406
v -0.010417 0.016940 0.041028
v -0.019095 0.008257 -0.007879
v -0.019095 0.010286 -0.003070
v -0.018438 0.004712 -0.035790
v -0.016219 0.009848 0.005364
v -0.017647 0.009384 0.001217
v -0.016308 0.007620 0.001769
v -0.016508 0.005547 -0.001887
v -0.016904 0.018181 0.027920
v -0.016772 0.016483 0.022243
v -0.016275 0.016953 0.028025
v -0.016986 0.015555 0.016492
v -0.018255 0.015009 0.009155
v -0.017387 0.013656 0.009371
v -0.018527 0.010771 0.000896
v -0.019008 0.012391 0.000701
v -0.018679 0.016434 0.009015
v -0.017783 0.016840 0.016366
v -0.018169 0.018215 0.016196
v -0.014441 0.018400 0.036038
v -0.015287 0.017122 0.033015
v -0.014016 0.017151 0.036204
v -0.018166 0.003805 -0.014939
v -0.017030 0.003695 -0.007057
v -0.018003 0.005250 -0.007393
v -0.018733 0.005080 -0.015055
v -0.018094 0.003439 -0.023840
v -0.019095 0.020361 -0.010487
v -0.019095 0.018288 -0.008365
v -0.019095 0.017649 -0.006555
v -0.019095 0.017714 -0.007327
v -0.015281 0.015565 0.027910
v -0.015696 0.015036 0.022248
v -0.015071 0.006470 -0.043989
v -0.017509 0.004704 -0.041025
v -0.017759 0.006457 -0.041171
v -0.019095 0.029464 -0.032220
v -0.018593 0.029837 -0.033985
v -0.018833 0.029475 -0.034240
v -0.017722 0.029848 -0.035976
v -0.017921 0.029503 -0.036316
v -0.012282 0.006496 -0.045303
v -0.014956 0.004712 -0.043898
v -0.014644 0.019900 0.035121
v -0.015812 0.018353 0.032884
v -0.016963 0.003372 -0.040479
v -0.013869 0.001679 -0.042580
v -0.016142 0.001674 -0.039375
v -0.017553 0.011569 0.004863
v -0.016124 0.011992 0.009747
v -0.019095 0.019063 0.004166
v -0.018750 0.018186 -0.006560
v -0.008654 0.017576 0.042156
v -0.008444 0.016608 0.042292
v -0.007626 0.016973 0.042602
v -0.015848 0.014016 0.016642
v -0.014434 0.015748 0.032829
v -0.013346 0.015753 0.036003
v -0.001804 0.017550 0.043505
v -0.003515 0.016973 0.043445
v -0.001783 0.016973 0.043580
v -0.000001 0.017550 0.043605
v -0.000001 0.016973 0.043671
v -0.017206 0.022769 0.026170
v -0.017801 0.019104 0.021782
v -0.017115 0.019605 0.027378
v -0.014791 0.023171 0.032829
v -0.015987 0.019822 0.032157
v -0.018630 0.006457 -0.038658
v -0.018863 0.014496 0.004462
v -0.019026 0.019681 0.005761
v -0.011950 0.024216 0.034755
v -0.013433 0.024553 0.033406
v -0.011993 0.023867 0.035251
v -0.016033 -0.000129 -0.031934
v -0.017184 0.001747 -0.023570
v -0.016933 0.001757 -0.033543
v -0.018444 0.012967 0.004592
v -0.017311 0.027732 0.023893
v -0.018009 0.025244 0.020303
v -0.017308 0.025520 0.024911
v -0.017818 0.003390 -0.035028
v -0.011798 0.003395 -0.044806
v -0.011113 0.001700 -0.044044
v -0.005179 -0.092944 0.019240
v -0.005302 -0.093101 0.016998
v -0.004626 -0.092556 0.018844
v -0.003559 0.017555 0.043365
v -0.005162 0.016973 0.043224
v -0.011884 0.023228 0.035893
v -0.012874 0.019931 0.037643
v -0.011590 0.019897 0.038937
v -0.012200 0.004736 -0.045222
v -0.014535 0.003374 -0.043442
v -0.012677 0.018304 0.038701
v -0.015097 0.021645 -0.043989
v -0.015405 0.029441 -0.038187
v -0.015118 0.026251 -0.041171
v -0.015774 0.029550 -0.038072
v -0.019095 0.025792 -0.034210
v -0.018874 0.025805 -0.036592
v -0.019095 0.023142 -0.031457
v -0.019095 0.023142 -0.035680
v -0.018865 0.023142 -0.038327
v -0.017933 0.025857 -0.038919
v -0.017923 0.023139 -0.040769
v -0.009168 -0.008699 -0.037435
v -0.005955 -0.011354 -0.037279
v -0.009374 -0.011281 -0.036678
v -0.014886 0.025471 0.031179
v -0.016046 0.024456 0.029735
v -0.015981 0.023113 0.030588
v -0.017324 0.002214 -0.014794
v -0.013170 0.023217 0.034790
v -0.018309 0.004710 -0.038473
v -0.017966 0.022172 0.021045
v -0.018306 0.027584 0.015434
v -0.018206 0.029430 0.015288
v -0.018692 0.029428 0.008398
v -0.017829 0.029986 0.008403
v -0.017951 0.029824 0.015243
v -0.017368 0.029986 0.015198
v -0.012390 0.017130 0.038917
v -0.017498 0.017727 0.022133
v -0.016303 0.029519 0.026365
v -0.016259 0.027954 0.027428
v -0.016132 0.026092 0.028687
v -0.015445 0.027860 0.028908
v -0.019095 0.021637 -0.035960
v -0.019095 0.006457 -0.035960
v -0.018864 0.021637 -0.038658
v -0.017951 0.029824 0.015243
v -0.018426 0.029824 0.008403
v -0.016077 0.029991 -0.036577
v -0.017722 0.029848 -0.035976
v -0.017236 0.029988 -0.035544
v -0.018108 0.029988 -0.031823
v -0.018758 0.029832 -0.029271
v -0.018165 0.029988 -0.029161
v -0.018835 0.029824 -0.023615
v -0.018237 0.029986 -0.023595
v -0.017634 0.029829 0.019039
v -0.016928 0.029988 0.019485
v -0.017053 0.029837 0.022785
v -0.016231 0.029988 0.023738
v -0.018885 0.029824 -0.011159
v -0.019095 0.029451 -0.029381
v -0.015204 0.029146 0.027489
v -0.015067 0.027782 0.029123
v -0.014899 0.027555 0.029003
v -0.017634 0.029829 0.019039
v -0.018962 0.020716 0.007245
v -0.018593 0.029837 -0.033985
v -0.018017 0.029988 -0.033699
v -0.018697 0.029834 -0.032024
v -0.016288 0.029861 -0.037249
v -0.016362 0.029542 -0.037721
v -0.015385 0.029428 0.027554
v -0.017891 0.029443 0.019245
v -0.017053 0.029837 0.022785
v -0.017981 0.027424 0.019671
v -0.018349 0.024975 0.015624
v -0.015089 0.026154 0.030487
v -0.011398 0.023129 0.036124
v -0.015833 0.029855 0.026586
v -0.015831 0.029991 0.025367
v -0.016209 0.029853 0.025839
v -0.006841 0.017565 0.042788
v -0.018371 0.021809 0.015855
v -0.018924 0.022224 0.008168
v -0.012590 0.014274 0.035778
v -0.011388 0.014123 0.038541
v -0.014977 -0.003024 -0.029833
v -0.016228 -0.000199 -0.023389
v -0.017459 0.021214 -0.010461
v -0.018758 0.023144 -0.010657
v -0.019095 0.029428 -0.011159
v -0.018835 0.029824 -0.023615
v -0.019095 0.029433 -0.023640
v -0.017009 0.029988 0.008408
v -0.016959 0.029488 0.007425
v -0.017459 0.029488 0.007927
v -0.018889 0.023956 0.008423
v -0.013030 0.023191 -0.044596
v -0.015102 0.023142 -0.043472
v -0.017920 0.021634 -0.041171
v -0.014879 0.025552 -0.041853
v -0.014554 0.025153 -0.042294
v -0.018759 0.021214 -0.010461
v -0.019095 0.023144 -0.011159
v -0.019095 0.021074 -0.010948
v -0.016107 0.025938 -0.040815
v -0.019095 0.023144 -0.024031
v -0.017693 0.003382 -0.037741
v -0.016794 0.001700 -0.036186
v -0.018758 0.029832 -0.029271
v -0.018697 0.029834 -0.032024
v -0.015833 0.029855 0.026586
v -0.015776 0.029537 0.027288
v -0.016209 0.029853 0.025839
v -0.017274 0.029475 0.023141
v -0.010944 0.018567 0.040206
v -0.010970 0.017899 0.040562
v -0.010641 0.018184 0.040607
v -0.016288 0.029861 -0.037249
v -0.015861 0.029991 -0.036728
v -0.015835 0.029863 -0.037525
v -0.016459 0.029991 -0.010692
v -0.016459 0.029991 0.007927
v -0.015835 0.029863 -0.037525
v -0.010332 0.013956 0.040216
v -0.009456 0.015448 0.041615
v -0.014834 0.005810 0.002100
v -0.014830 0.002894 -0.000999
v -0.014659 0.008022 0.006036
v -0.012957 0.012263 0.022253
v -0.010215 0.011452 0.027664
v -0.012798 0.012897 0.027699
v -0.010212 0.010818 0.022414
v -0.007381 0.010304 0.027709
v -0.009830 0.004853 0.008789
v -0.006973 0.001572 0.008639
v -0.006800 0.003945 0.010284
v -0.012569 0.006306 0.007160
v -0.009975 0.002454 0.006859
v -0.012519 0.003828 0.004652
v -0.010108 -0.000309 0.005344
v -0.007148 -0.001070 0.007440
v -0.016013 0.001611 -0.006806
v -0.014174 0.014149 0.027779
v -0.014493 0.013559 0.022243
v -0.004582 -0.093664 0.021662
v -0.008749 -0.093502 0.021943
v -0.005976 -0.094186 0.019856
v -0.012860 0.011019 0.016918
v -0.009830 0.007200 0.011643
v -0.010047 0.009540 0.017299
v -0.006758 0.006248 0.012701
v -0.007004 0.008570 0.017765
v -0.012481 0.000907 0.002677
v -0.015275 -0.009476 -0.014654
v -0.015030 -0.007773 -0.008230
v -0.015251 -0.006746 -0.014814
v -0.014130 -0.008605 -0.003923
v -0.015167 -0.011208 -0.008185
v -0.014381 -0.012468 -0.003707
v -0.012562 -0.009474 0.000044
v -0.010162 -0.005228 0.003589
v -0.012395 -0.004312 0.000480
v -0.007921 -0.015139 0.008564
v -0.003956 -0.010966 0.007997
v -0.007571 -0.010718 0.006438
v -0.000001 -0.017888 0.013909
v -0.005080 -0.021299 0.015414
v -0.000001 -0.021224 0.016933
v -0.013586 -0.007043 -0.031813
v -0.014548 -0.005478 -0.028449
v -0.013748 -0.005246 -0.033027
v -0.010849 -0.014435 0.004968
v -0.010447 -0.010188 0.003569
v -0.015553 -0.003345 -0.014578
v -0.015145 -0.003120 -0.007362
v -0.007222 -0.005872 0.006016
v -0.000001 -0.006161 0.007917
v -0.000001 -0.011101 0.009030
v -0.014067 -0.003235 -0.003125
v -0.003746 -0.006099 0.007210
v -0.003687 -0.001321 0.008494
v -0.015275 -0.003232 -0.023203
v -0.016437 0.000270 -0.014639
v -0.014425 -0.007390 -0.027461
v -0.014902 -0.005898 -0.022687
v -0.004180 -0.015499 0.010595
v -0.000001 -0.015736 0.012079
v -0.000001 0.005722 0.013819
v -0.003530 0.008027 0.018167
v -0.003423 0.005753 0.013348
v -0.000001 -0.001357 0.009110
v -0.003575 0.001222 0.009577
v -0.013111 -0.000217 -0.041441
v -0.015259 -0.000225 -0.037846
v -0.015420 -0.013404 -0.030465
v -0.013789 -0.008877 -0.030976
v -0.011975 -0.011198 -0.034722
v -0.016637 -0.025118 0.005841
v -0.013863 -0.022390 0.009832
v -0.016350 -0.021693 0.004557
v -0.013700 -0.015869 0.001814
v -0.017542 -0.019320 -0.001506
v -0.015891 -0.020415 0.003995
v -0.018296 -0.015767 -0.013741
v -0.015957 -0.013324 -0.007754
v -0.015955 -0.011406 -0.014338
v -0.011519 -0.008712 -0.035459
v -0.004429 -0.017726 0.012390
v -0.000001 0.001092 0.010163
v -0.003468 0.003518 0.011106
v -0.014659 0.010252 0.010153
v -0.000001 0.009350 0.027945
v -0.003735 0.009783 0.032167
v -0.003733 0.009668 0.027815
v -0.018509 -0.029656 -0.004745
v -0.017490 -0.030796 -0.012101
v -0.018416 -0.031560 -0.004349
v -0.018628 -0.022476 -0.013124
v -0.018732 -0.019202 -0.006465
v -0.018751 -0.017210 -0.013601
v -0.013377 -0.093427 -0.005286
v -0.013763 -0.097295 0.000741
v -0.015079 -0.092217 -0.000132
v -0.010021 -0.094611 -0.010025
v -0.012372 -0.098581 -0.004309
v -0.011166 -0.099997 -0.003215
v -0.016688 -0.027168 -0.020822
v -0.015222 -0.028102 -0.027506
v -0.016267 -0.028451 -0.020626
v -0.014442 -0.026179 -0.033483
v -0.015771 -0.026531 -0.027546
v -0.012800 -0.029886 -0.033789
v -0.014567 -0.029740 -0.027065
v -0.015754 -0.029927 -0.020300
v -0.017341 -0.037217 -0.010928
v -0.018050 -0.039664 -0.002127
v -0.017316 -0.033347 -0.011710
v -0.015942 -0.037731 -0.017071
v -0.018098 -0.030269 0.001553
v -0.017656 -0.038879 0.004507
v -0.005007 -0.035796 -0.032826
v -0.000001 -0.040313 -0.031603
v -0.005100 -0.040045 -0.030595
v -0.015617 -0.020744 -0.032054
v -0.012651 -0.015115 -0.035178
v -0.012596 -0.020694 -0.037064
v -0.018214 -0.024427 -0.000207
v -0.018802 -0.023576 -0.005818
v -0.016017 -0.041265 -0.016404
v -0.017299 -0.040548 -0.010166
v -0.015920 -0.044739 -0.015546
v -0.017163 -0.043816 -0.009213
v -0.010553 -0.032421 -0.032049
v -0.005640 -0.032776 -0.036813
v -0.009352 -0.030128 -0.039255
v -0.015609 -0.048294 -0.014072
v -0.016875 -0.047548 -0.007774
v -0.010170 -0.043023 -0.027070
v -0.009881 -0.039377 -0.027416
v -0.005336 -0.043691 -0.030324
v -0.010106 -0.046396 -0.026423
v -0.016580 -0.050490 -0.006314
v -0.014789 -0.055642 -0.009714
v -0.016287 -0.054512 -0.004163
v -0.016696 -0.030895 0.008047
v -0.014235 -0.025587 0.011397
v -0.000001 0.009506 0.032192
v -0.003114 0.009660 0.035136
v -0.018277 -0.017838 -0.006726
v -0.009664 -0.021247 -0.039571
v -0.006084 -0.015434 -0.037851
v -0.006097 -0.021266 -0.040489
v -0.000001 -0.025814 0.020333
v -0.005682 -0.031631 0.022389
v -0.000001 -0.031688 0.023803
v -0.009147 -0.006733 -0.038352
v -0.005874 -0.008710 -0.038031
v -0.009780 -0.035188 -0.029121
v -0.013724 -0.032030 -0.025495
v -0.013213 -0.034487 -0.023890
v -0.015338 -0.031521 -0.019794
v -0.005152 -0.050451 -0.028424
v -0.009903 -0.049784 -0.024969
v -0.009537 -0.052595 -0.022867
v -0.004659 -0.057986 -0.022622
v -0.009112 -0.057353 -0.019503
v -0.011824 -0.025890 -0.039150
v -0.009689 -0.015301 -0.037179
v -0.003851 -0.026920 -0.043898
v -0.008854 -0.028373 -0.042184
v -0.009237 -0.026083 -0.041727
v -0.010576 -0.025835 0.016020
v -0.005369 -0.022807 0.016577
v -0.010184 -0.022744 0.014205
v -0.005476 -0.079572 0.032278
v -0.000001 -0.084225 0.032929
v -0.000001 -0.079311 0.033722
v -0.015220 -0.076200 0.019636
v -0.013238 -0.080996 0.024871
v -0.013136 -0.075294 0.024906
v -0.009999 -0.080156 0.029204
v -0.009899 -0.074551 0.029424
v -0.013131 -0.087623 -0.005422
v -0.000001 -0.057788 0.032298
v -0.005440 -0.066022 0.032167
v -0.000001 -0.065840 0.033571
v -0.006039 -0.013796 -0.037370
v -0.010120 -0.058211 0.027499
v -0.013218 -0.067141 0.024199
v -0.009954 -0.066471 0.028883
v -0.013465 -0.058769 0.022625
v -0.015289 -0.067965 0.018748
v -0.008835 0.012654 0.041444
v -0.008452 0.013651 0.042011
v -0.009079 0.013750 0.041605
v -0.017097 -0.020877 -0.027090
v -0.015754 -0.015001 -0.030775
v -0.014231 -0.002959 -0.034973
v -0.011608 -0.005076 -0.037380
v -0.018103 -0.015720 -0.021323
v -0.017257 -0.015141 -0.026548
v -0.017773 -0.028756 -0.012372
v -0.010837 -0.028182 -0.039561
v -0.012073 -0.002885 -0.039165
v -0.003511 -0.030222 -0.042133
v -0.000001 -0.026917 -0.044044
v -0.003776 -0.028375 -0.043898
v -0.000001 -0.028378 -0.044044
v -0.004905 -0.053240 -0.026182
v -0.000001 -0.058172 -0.023580
v -0.005286 -0.047084 -0.029848
v -0.000001 -0.050723 -0.029527
v -0.000001 -0.022750 0.018182
v -0.005594 -0.025869 0.018583
v -0.017980 -0.021172 -0.021223
v -0.000001 -0.043970 -0.031392
v -0.015720 -0.033994 -0.017958
v -0.013431 -0.038537 -0.022767
v -0.013595 -0.045556 -0.021499
v -0.013315 -0.048983 -0.020004
v -0.011450 -0.006800 -0.036327
v -0.013758 -0.028133 -0.033889
v -0.009669 -0.021284 0.013197
v -0.013352 -0.021033 0.009030
v -0.009590 -0.013665 -0.036743
v -0.012450 -0.013490 -0.034797
v -0.014768 -0.009184 -0.026714
v -0.016843 -0.013571 -0.026348
v -0.011533 -0.016785 0.006397
v -0.018006 -0.020629 -0.001114
v -0.012677 0.008805 0.010570
v -0.014563 0.012427 0.016783
v -0.000001 -0.063805 -0.021829
v -0.017111 -0.061304 0.005796
v -0.016385 -0.067144 0.000545
v -0.016894 -0.069256 0.008183
v -0.016218 -0.070347 0.001779
v -0.016703 -0.060383 0.011472
v -0.016067 -0.073589 0.002887
v -0.017047 -0.052501 0.008875
v -0.017362 -0.053378 0.002692
v -0.016793 -0.078044 0.009767
v -0.016455 -0.068803 0.013553
v -0.014843 -0.074517 -0.002794
v -0.005151 -0.073797 -0.018465
v -0.000001 -0.077407 -0.017592
v -0.005013 -0.077112 -0.016429
v -0.015232 -0.050986 -0.012402
v -0.012399 -0.056474 -0.015010
v -0.012893 -0.051797 -0.018089
v -0.000001 -0.083096 -0.014904
v -0.005128 -0.089452 -0.013270
v -0.004945 -0.082877 -0.013942
v -0.012942 -0.072110 -0.009810
v -0.009532 -0.076366 -0.013004
v -0.012747 -0.075412 -0.008160
v -0.015050 -0.071124 -0.004168
v -0.014775 -0.080206 -0.001109
v -0.016160 -0.085341 0.004938
v -0.016027 -0.079259 0.004206
v -0.015073 -0.087068 0.019816
v -0.016426 -0.082983 0.014992
v -0.016074 -0.088150 0.015278
v -0.009794 -0.088701 -0.010090
v -0.009429 -0.082175 -0.010772
v -0.012666 -0.081207 -0.006189
v -0.015085 -0.086533 -0.000402
v -0.009751 -0.073002 -0.014899
v -0.016278 -0.089499 0.010319
v -0.015857 -0.090865 0.005334
v -0.000001 -0.073834 0.033977
v -0.000001 0.003293 0.011648
v -0.009842 -0.085086 0.028772
v -0.013038 -0.085972 0.024675
v -0.008544 -0.100957 -0.006906
v -0.009385 -0.099671 -0.008636
v -0.005374 -0.084486 0.031631
v -0.016393 -0.077086 0.014686
v -0.015320 -0.082005 0.019781
v -0.013480 0.014318 0.032624
v -0.007218 0.001713 -0.044355
v -0.010372 -0.000194 -0.043066
v -0.012906 -0.013524 0.000741
v -0.014840 -0.008060 -0.022170
v -0.005426 -0.074045 0.032613
v -0.008389 -0.017437 0.010274
v -0.015338 -0.009870 -0.021649
v -0.014245 -0.095805 0.006061
v -0.012418 -0.098755 0.001588
v -0.012751 -0.097318 0.006663
v -0.010578 -0.099446 0.002511
v -0.004999 -0.100383 -0.011469
v -0.000001 -0.101708 -0.009719
v -0.004688 -0.101572 -0.009258
v -0.010961 -0.096669 0.011297
v -0.010768 -0.098093 0.007180
v -0.000001 -0.101838 -0.006881
v -0.014455 -0.092788 0.015499
v -0.012064 -0.093312 0.019265
v -0.013631 -0.091651 0.019581
v -0.014591 -0.094293 0.010790
v -0.012849 -0.094347 0.015529
v -0.010776 -0.095271 0.015389
v -0.013014 -0.095824 0.011106
v -0.010035 -0.094340 0.018728
v -0.000001 -0.095657 -0.013997
v -0.005218 -0.095430 -0.013184
v -0.009504 -0.100602 -0.001912
v -0.000001 -0.053451 -0.027180
v -0.003502 -0.092391 0.026355
v -0.007965 -0.091538 0.026315
v -0.006665 -0.092837 0.024595
v -0.002350 -0.093315 0.022860
v -0.008975 -0.089619 0.027569
v -0.011847 -0.090524 0.023928
v -0.015017 -0.060689 -0.007769
v -0.013124 -0.065493 -0.012447
v -0.015304 -0.064181 -0.006886
v -0.012764 -0.061896 -0.013119
v -0.009831 -0.066526 -0.017216
v -0.013122 -0.068800 -0.011424
v -0.015258 -0.067754 -0.005607
v -0.009856 -0.069822 -0.016389
v -0.005231 -0.067274 -0.020536
v -0.004976 -0.063558 -0.020822
v -0.000001 -0.067577 -0.021614
v -0.005235 -0.070618 -0.019884
v -0.000001 -0.074134 -0.019693
v -0.010497 -0.092323 0.023116
v -0.016666 -0.084147 0.009968
v -0.014398 -0.031179 0.013994
v -0.013712 -0.042170 -0.022316
v -0.015213 -0.014716 -0.003045
v -0.016491 -0.038441 0.010710
v -0.010748 -0.031458 0.019019
v -0.014262 -0.038368 0.016863
v -0.010611 -0.038519 0.022108
v -0.000001 -0.088727 0.031099
v -0.004880 -0.088995 0.030056
v -0.000001 -0.090785 0.029329
v -0.006561 -0.100099 -0.000157
v -0.016478 -0.062786 -0.000974
v -0.015550 -0.059530 0.016953
v -0.009478 -0.062879 -0.017667
v -0.015905 -0.051695 0.014702
v -0.016374 -0.059197 -0.002172
v -0.010316 -0.050485 0.025673
v -0.013780 -0.050973 0.020609
v -0.000001 -0.038808 0.027067
v -0.005607 -0.043860 0.027348
v -0.000001 -0.043913 0.028822
v -0.005499 -0.057903 0.030863
v -0.000001 -0.050303 0.030578
v -0.005564 -0.050337 0.029118
v -0.017335 -0.045253 0.006438
v -0.016189 -0.044421 0.012580
v -0.005648 -0.038709 0.025598
v -0.014029 -0.043967 0.018658
v -0.010469 -0.043819 0.023868
v -0.017686 -0.046317 -0.000031
v -0.000001 -0.036046 -0.033935
v -0.000001 -0.032935 -0.038162
v -0.000001 -0.030227 -0.042274
v -0.000001 0.008857 0.023151
v -0.003648 0.009183 0.022910
v -0.004294 -0.091014 0.028451
v -0.017649 -0.014192 -0.021293
v -0.009351 0.011700 0.038150
v -0.008077 0.011113 0.039147
v -0.008631 0.011530 0.039684
v -0.009689 0.012568 0.040060
v -0.008652 0.012122 0.041043
v -0.008111 0.011499 0.040526
v -0.008190 0.011921 0.041484
v -0.011590 0.012975 0.035627
v -0.009972 0.011603 0.032313
v -0.009816 0.011728 0.035437
v -0.012288 0.013056 0.032498
v -0.007372 0.010440 0.032197
v -0.007491 0.010581 0.036851
v -0.007428 0.010609 0.035256
v -0.009260 -0.005029 -0.039405
v -0.005867 -0.006722 -0.038984
v -0.010606 0.012774 0.038375
v -0.006612 -0.000183 -0.043462
v -0.009578 -0.002859 -0.041125
v -0.005928 -0.005019 -0.040032
v -0.015914 -0.000082 -0.033980
v -0.005418 0.010002 0.035171
v -0.008089 0.010873 0.037443
v -0.007233 0.009772 0.022655
v -0.000001 0.007970 0.018518
v -0.000001 -0.092219 0.027027
v -0.000001 -0.101207 -0.004083
v -0.004319 -0.101773 -0.006620
v -0.000001 0.009618 0.036786
v -0.002967 0.010156 0.037282
v -0.003031 0.009668 0.036786
v -0.006803 -0.094825 0.017655
v -0.007489 -0.096763 0.011146
v -0.007329 -0.097902 0.007355
v -0.007228 -0.099029 0.003529
v -0.007414 -0.101332 -0.004820
v -0.003792 -0.101056 -0.003516
v -0.005512 -0.100670 -0.002152
v -0.007354 -0.095631 0.014907
v -0.016959 0.020038 0.003980
v -0.016959 0.021480 0.006417
v -0.016959 0.024138 0.007425
v -0.018750 0.018186 -0.006560
v -0.017459 0.018186 -0.006560
v -0.017459 0.020098 0.005565
v -0.005016 0.016475 0.042788
v -0.006633 0.016475 0.042437
v -0.007536 0.016475 0.040963
v -0.018402 0.024091 0.007927
v -0.017459 0.022555 0.007636
v -0.000001 0.009592 0.035131
v -0.009747 0.016804 0.041595
v -0.008756 0.015677 0.042066
v -0.008134 0.016222 0.041931
v -0.007536 0.016475 0.042126
v -0.008311 0.015615 0.041795
v -0.008134 0.016222 0.040817
v -0.008030 0.013609 0.041790
v -0.007765 0.011715 0.040496
v -0.008311 0.015615 0.040722
v -0.005179 -0.092944 0.019240
v -0.004084 -0.093265 0.021190
v -0.005410 -0.093774 0.019490
v -0.004887 -0.099113 -0.001666
v -0.005961 -0.099559 -0.000076
v -0.005072 -0.100059 -0.001766
v -0.000001 -0.092905 0.022384
v -0.002154 -0.092198 0.021797
v -0.000001 -0.092141 0.022018
v -0.004427 -0.098531 -0.001325
v -0.003313 -0.098815 -0.002268
v -0.005096 -0.098124 0.000049
v -0.000001 -0.099611 -0.003296
v -0.003632 -0.100404 -0.002920
v -0.000001 -0.100547 -0.003456
v -0.006454 -0.094308 0.014601
v -0.006195 -0.094392 0.017409
v -0.006726 -0.095177 0.014752
v -0.005257 0.009991 0.036786
v -0.006599 -0.095396 0.010921
v -0.006875 -0.096272 0.011046
v -0.006434 -0.096491 0.007215
v -0.006711 -0.097376 0.007315
v -0.003556 -0.099436 -0.002754
v -0.005703 -0.098648 -0.000091
v -0.006545 -0.098479 0.003579
v -0.006271 -0.097582 0.003524
v -0.005930 -0.093536 0.017224
v -0.014079 0.025406 0.031320
v -0.014579 0.025680 0.031159
v -0.014389 0.025395 0.031540
v -0.014767 0.026264 0.030553
v -0.014425 0.025703 0.030838
v -0.014623 0.026115 0.030362
v -0.014642 0.025129 0.031631
v -0.014425 0.025703 -0.041356
v -0.014795 0.026293 -0.041151
v -0.014623 0.026115 -0.040925
v -0.014079 0.025406 -0.041787
v -0.014579 0.025698 -0.041742
v -0.014318 0.025380 -0.042113
v -0.011444 0.024000 0.034780
v -0.011789 0.024297 0.034288
v -0.011524 0.023958 0.035176
v -0.011294 0.023580 0.035266
v -0.011460 0.023637 0.035607
v -0.016959 0.020536 0.005309
v -0.017459 0.019550 0.004101
v -0.017459 0.020098 0.005565
v -0.018435 0.022555 0.007636
v -0.006633 0.016475 0.042437
v -0.006752 0.016973 0.042878
v -0.017459 0.021154 0.006804
v -0.016959 0.022735 0.007160
v -0.017459 0.022555 0.007636
v -0.017459 0.024091 0.007927
v -0.017459 0.029488 0.007927
v -0.017459 0.018186 -0.006560
v -0.016959 0.018752 -0.007252
v -0.017459 0.018264 -0.007408
v -0.017459 0.018679 -0.008145
v -0.017459 0.020484 -0.009990
v -0.016959 0.021413 -0.009995
v -0.017459 0.021214 -0.010461
v -0.016959 0.018690 -0.006570
v -0.016959 0.019083 -0.007844
v -0.016959 0.020802 -0.009599
v -0.017459 0.029488 -0.010657
v -0.011412 0.018413 0.040015
v -0.011096 0.019806 0.039238
v -0.010565 0.018288 0.040211
v -0.010809 0.018598 0.039860
v -0.010932 0.019532 0.039132
v -0.015460 0.029728 -0.037685
v -0.015276 0.029315 -0.037655
v -0.015208 0.029167 -0.038057
v -0.015484 0.029848 -0.036958
v -0.015460 0.029728 -0.037685
v -0.015272 0.029394 -0.037029
v -0.015276 0.029315 -0.037655
v -0.015249 0.029378 0.027022
v -0.015440 0.029717 0.026952
v -0.015475 0.029848 0.026070
v -0.015440 0.029717 0.026952
v -0.015271 0.029394 0.026305
v -0.015192 0.026632 0.030046
v -0.014854 0.026692 0.030151
v -0.006781 0.018025 0.042216
v -0.008563 0.017894 0.041991
v -0.006852 0.017891 0.042582
v -0.005241 0.017889 0.042928
v -0.005195 0.018025 0.042557
v -0.003538 0.018025 0.042788
v -0.003567 0.017886 0.043164
v -0.005230 0.017558 0.043134
v -0.001786 0.018025 0.042933
v -0.001805 0.017886 0.043310
v -0.000001 0.017886 0.043410
v -0.000001 0.018025 0.043039
v -0.013320 0.024879 0.033040
v -0.014038 0.024840 0.032518
v -0.013855 0.025137 0.032293
v -0.012996 0.024881 0.032799
v -0.013538 0.025145 0.032057
v -0.011232 0.022884 0.035973
v -0.018759 0.020484 -0.009990
v -0.018755 0.018679 -0.008145
v -0.009762 0.017897 0.041364
v -0.009884 0.017586 0.041524
v -0.008581 0.018025 0.041529
v -0.009742 0.018025 0.040928
v -0.018758 0.029073 -0.010657
v -0.014690 0.026465 0.030036
v -0.018573 0.029391 -0.010657
v -0.018573 0.029391 -0.010657
v -0.018285 0.029986 -0.011159
v -0.017459 0.029488 -0.010657
v -0.018218 0.029488 -0.010657
v -0.018753 0.018264 -0.007408
v -0.018547 0.020098 0.005565
v -0.018486 0.021154 0.006804
v -0.018595 0.019550 0.004101
v -0.018239 0.029096 0.007927
v -0.018099 0.029402 0.007927
v -0.018099 0.029402 0.007927
v -0.018426 0.029824 0.008403
v -0.016959 0.029490 -0.010156
v -0.018758 0.029073 -0.010657
v -0.017459 0.029488 -0.010657
v -0.005016 0.016475 0.042788
v -0.003424 0.016475 0.043004
v -0.001734 0.016475 0.043129
v -0.000001 0.016475 0.043209
v -0.007171 0.011001 0.037282
v -0.005093 0.010463 0.037282
v -0.007536 0.016475 0.042126
v -0.008311 0.015615 0.041795
v -0.008030 0.013609 0.041790
v -0.008287 0.012560 0.041895
v -0.007894 0.012633 0.041700
v -0.007831 0.012190 0.041424
v -0.007765 0.011715 0.040496
v -0.007721 0.011400 0.039338
v -0.008134 0.016222 0.041931
v -0.002212 -0.092976 0.022163
v -0.000001 -0.093242 0.023096
v -0.003473 -0.092112 0.020358
v -0.002154 -0.092198 0.021797
v -0.003905 -0.092462 0.020884
v -0.000001 -0.091810 0.021416
v -0.002010 -0.091891 0.021115
v -0.004887 -0.099113 -0.001666
v -0.003905 -0.092462 0.020884
v -0.005624 -0.097073 0.003589
v -0.006434 -0.096491 0.007215
v -0.006271 -0.097582 0.003524
v -0.005930 -0.093536 0.017224
v -0.005808 -0.093852 0.014461
v -0.000001 -0.099611 -0.003296
v -0.000001 -0.098961 -0.002734
v -0.005950 -0.094926 0.010835
v -0.006454 -0.094308 0.014601
v -0.006599 -0.095396 0.010921
v -0.005703 -0.098648 -0.000091
v -0.005785 -0.096006 0.007190
v -0.012970 0.024430 -0.043482
v -0.012609 0.024569 -0.043332
v -0.012766 0.024769 -0.042700
v -0.012962 0.021671 -0.045012
v -0.007699 0.011168 0.037783
v -0.010269 0.017946 0.041003
v -0.000001 -0.089676 -0.014202
v -0.010449 0.017652 0.041123
v -0.010193 0.018053 0.040632
v 0.008655 0.017576 0.042156
v 0.007626 0.016973 0.042602
v 0.008445 0.016608 0.042292
v 0.001803 0.017550 0.043505
v 0.003514 0.016973 0.043445
v 0.003558 0.017555 0.043365
v 0.001782 0.016973 0.043580
v 0.005179 -0.092944 0.019240
v 0.005301 -0.093101 0.016998
v 0.005930 -0.093536 0.017224
v 0.005162 0.016973 0.043224
v 0.005230 0.017558 0.043134
v 0.006841 0.017565 0.042788
v 0.006752 0.016973 0.042878
v -0.000001 0.016475 0.041755
v 0.007535 0.016475 0.040963
v 0.003424 0.016475 0.043004
v 0.008134 0.016222 0.041931
v 0.008134 0.016222 0.040817
v 0.004626 -0.092556 0.018844
v 0.003473 -0.092112 0.020358
v 0.002009 -0.091891 0.021115
v 0.006632 0.016475 0.042437
v 0.006780 0.018025 0.042216
v 0.008563 0.017894 0.041991
v 0.008580 0.018025 0.041529
v 0.006851 0.017891 0.042582
v 0.005242 0.017889 0.042928
v 0.005195 0.018025 0.042557
v 0.003536 0.018025 0.042788
v 0.003566 0.017886 0.043164
v 0.001785 0.018025 0.042933
v 0.001805 0.017886 0.043310
v 0.005016 0.016475 0.042788
v 0.003424 0.016475 0.043004
v 0.001733 0.016475 0.043129
v 0.007535 0.016475 0.042126
v 0.008134 0.016222 0.041931
v 0.002152 -0.092198 0.021797
v 0.003313 -0.098815 -0.002268
v 0.004887 -0.099113 -0.001666
v 0.004427 -0.098531 -0.001325
v 0.006434 -0.096491 0.007215
v 0.005623 -0.097073 0.003589
v 0.006270 -0.097582 0.003524
v 0.005808 -0.093852 0.014461
v 0.006453 -0.094308 0.014601
v 0.003555 -0.099436 -0.002754
v 0.005950 -0.094926 0.010835
v 0.006600 -0.095396 0.010921
v 0.005703 -0.098648 -0.000091
v 0.005785 -0.096006 0.007190
v 0.005095 -0.098124 0.000049
v 0.003905 -0.092462 0.020884
v -0.017026 0.029988 -0.011159
v -0.017459 0.024091 0.007927
v -0.018099 0.029402 0.007927
v -0.018885 0.029824 -0.011159
v -0.018758 0.023144 -0.010657
v -0.000001 -0.047384 -0.030981
v -0.000001 -0.100550 -0.012096
v -0.000001 -0.070941 -0.021052
v -0.006099 -0.002859 -0.041662
v -0.000001 0.010114 0.037282
v -0.016959 0.029490 -0.010156
v -0.016959 0.029488 0.007425
v -0.003424 0.016475 0.043004
v -0.000001 0.016475 0.043209
v -0.001734 0.016475 0.043129
v -0.007721 0.011400 0.039338
v -0.007699 0.011168 0.037783
v -0.007894 0.012633 0.041700
v -0.007831 0.012190 0.041424
v -0.018402 0.024091 0.007927
v -0.015249 0.029378 0.027022
v -0.012996 0.024881 0.032799
v -0.017842 0.029472 0.007927
v -0.018218 0.029488 -0.010657
v -0.018573 0.029391 -0.010657
v -0.000001 -0.092141 0.022018
v -0.003556 -0.099436 -0.002754
v 0.007535 0.016475 0.042126
v 0.006632 0.016475 0.042437
v 0.005016 0.016475 0.042788
v 0.001733 0.016475 0.043129
v 0.008311 0.015615 0.041795
v 0.008134 0.016222 0.041931
v 0.008134 0.016222 0.040817
v 0.008030 0.013609 0.041790
v 0.008311 0.015615 0.040722
v 0.007766 0.011715 0.040496
v 0.007721 0.011400 0.039338
v 0.007699 0.011168 0.037783
v 0.007894 0.012633 0.041700
v 0.007832 0.012190 0.041424
v 0.018548 0.020098 0.005565
v 0.018596 0.019550 0.004101
v 0.017459 0.019550 0.004101
v 0.018435 0.022555 0.007636
v 0.018486 0.021154 0.006804
v 0.017459 0.021154 0.006804
v 0.017459 0.020484 -0.009990
v 0.018759 0.020484 -0.009990
v 0.018759 0.021214 -0.010461
v 0.017459 0.018679 -0.008145
v 0.017459 0.018264 -0.007408
v 0.018753 0.018264 -0.007408
v 0.018754 0.018679 -0.008145
v 0.017459 0.029488 0.007927
v 0.017842 0.029472 0.007927
v 0.018239 0.029096 0.007927
v 0.018668 0.006512 -0.007653
v 0.018579 0.008596 -0.002809
v 0.017760 0.007263 -0.002453
v 0.018694 0.004749 -0.024001
v 0.019096 0.006507 -0.024046
v 0.019096 0.006854 -0.015155
v 0.011922 0.015669 0.038746
v 0.011134 0.017020 0.040406
v 0.010767 0.015570 0.040331
v 0.010417 0.016940 0.041028
v 0.019096 0.008257 -0.007879
v 0.019096 0.010286 -0.003070
v 0.018438 0.004712 -0.035790
v 0.016220 0.009848 0.005364
v 0.016308 0.007620 0.001769
v 0.017647 0.009384 0.001217
v 0.016507 0.005547 -0.001887
v 0.016904 0.018181 0.027920
v 0.016274 0.016953 0.028025
v 0.016773 0.016483 0.022243
v 0.016986 0.015555 0.016492
v 0.017386 0.013656 0.009371
v 0.018256 0.015009 0.009155
v 0.018527 0.010771 0.000896
v 0.019008 0.012391 0.000701
v 0.018678 0.016434 0.009015
v 0.018168 0.018215 0.016196
v 0.017783 0.016840 0.016366
v 0.014441 0.018400 0.036038
v 0.014016 0.017151 0.036204
v 0.015287 0.017122 0.033015
v 0.018167 0.003805 -0.014939
v 0.018003 0.005250 -0.007393
v 0.017029 0.003695 -0.007057
v 0.018734 0.005080 -0.015055
v 0.018094 0.003439 -0.023840
v 0.019096 0.020361 -0.010487
v 0.019096 0.018288 -0.008365
v 0.019096 0.017649 -0.006555
v 0.019096 0.017714 -0.007327
v 0.015282 0.015565 0.027910
v 0.015696 0.015036 0.022248
v 0.015072 0.006470 -0.043989
v 0.017758 0.006457 -0.041171
v 0.017509 0.004704 -0.041025
v 0.019096 0.029464 -0.032220
v 0.018833 0.029475 -0.034240
v 0.018592 0.029837 -0.033985
v 0.017921 0.029503 -0.036316
v 0.017722 0.029848 -0.035976
v 0.012281 0.006496 -0.045303
v 0.014956 0.004712 -0.043898
v 0.014644 0.019900 0.035121
v 0.015812 0.018353 0.032884
v 0.016962 0.003372 -0.040479
v 0.016141 0.001674 -0.039375
v 0.013869 0.001679 -0.042580
v 0.017552 0.011569 0.004863
v 0.016124 0.011992 0.009747
v 0.019096 0.019063 0.004166
v 0.018751 0.018186 -0.006560
v 0.015848 0.014016 0.016642
v 0.013346 0.015753 0.036003
v 0.014434 0.015748 0.032829
v 0.017206 0.022769 0.026170
v 0.017115 0.019605 0.027378
v 0.017801 0.019104 0.021782
v 0.014791 0.023171 0.032829
v 0.015988 0.019822 0.032157
v 0.018630 0.006457 -0.038658
v 0.018864 0.014496 0.004462
v 0.019026 0.019681 0.005761
v 0.011950 0.024216 0.034755
v 0.011992 0.023867 0.035251
v 0.013433 0.024553 0.033406
v 0.016033 -0.000129 -0.031934
v 0.016933 0.001757 -0.033543
v 0.017185 0.001747 -0.023570
v 0.018444 0.012967 0.004592
v 0.017310 0.027732 0.023893
v 0.017309 0.025520 0.024911
v 0.018009 0.025244 0.020303
v 0.017819 0.003390 -0.035028
v 0.011112 0.001700 -0.044044
v 0.011799 0.003395 -0.044806
v 0.011884 0.023228 0.035893
v 0.011590 0.019897 0.038937
v 0.012875 0.019931 0.037643
v 0.012200 0.004736 -0.045222
v 0.014536 0.003374 -0.043442
v 0.012677 0.018304 0.038701
v 0.015097 0.021645 -0.043989
v 0.015404 0.029441 -0.038187
v 0.015774 0.029550 -0.038072
v 0.015117 0.026251 -0.041171
v 0.019096 0.025792 -0.034210
v 0.018874 0.025805 -0.036592
v 0.019096 0.023142 -0.031457
v 0.019096 0.023142 -0.035680
v 0.018865 0.023142 -0.038327
v 0.017922 0.023139 -0.040769
v 0.017932 0.025857 -0.038919
v 0.009168 -0.008699 -0.037435
v 0.009374 -0.011281 -0.036678
v 0.005954 -0.011354 -0.037279
v 0.014886 0.025471 0.031179
v 0.015981 0.023113 0.030588
v 0.016046 0.024456 0.029735
v 0.017324 0.002214 -0.014794
v 0.013170 0.023217 0.034790
v 0.018309 0.004710 -0.038473
v 0.017966 0.022172 0.021045
v 0.018306 0.027584 0.015434
v 0.018691 0.029428 0.008398
v 0.018207 0.029430 0.015288
v 0.017829 0.029986 0.008403
v 0.017368 0.029986 0.015198
v 0.017951 0.029824 0.015243
v 0.012390 0.017130 0.038917
v 0.017498 0.017727 0.022133
v 0.016303 0.029519 0.026365
v 0.016260 0.027954 0.027428
v 0.016132 0.026092 0.028687
v 0.015444 0.027860 0.028908
v 0.019096 0.006457 -0.035960
v 0.019096 0.021637 -0.035960
v 0.018864 0.021637 -0.038658
v 0.018426 0.029824 0.008403
v 0.017951 0.029824 0.015243
v 0.016078 0.029991 -0.036577
v 0.017235 0.029988 -0.035544
v 0.017722 0.029848 -0.035976
v 0.018109 0.029988 -0.031823
v 0.018164 0.029988 -0.029161
v 0.018758 0.029832 -0.029271
v 0.018237 0.029986 -0.023595
v 0.018835 0.029824 -0.023615
v 0.016928 0.029988 0.019485
v 0.017634 0.029829 0.019039
v 0.016230 0.029988 0.023738
v 0.017054 0.029837 0.022785
v 0.018886 0.029824 -0.011159
v 0.019096 0.029451 -0.029381
v 0.015203 0.029146 0.027489
v 0.014899 0.027555 0.029003
v 0.015067 0.027782 0.029123
v 0.017634 0.029829 0.019039
v 0.018963 0.020716 0.007245
v 0.018017 0.029988 -0.033699
v 0.018592 0.029837 -0.033985
v 0.018696 0.029834 -0.032024
v 0.016362 0.029542 -0.037721
v 0.016288 0.029861 -0.037249
v 0.015385 0.029428 0.027554
v 0.017891 0.029443 0.019245
v 0.017054 0.029837 0.022785
v 0.017981 0.027424 0.019671
v 0.018348 0.024975 0.015624
v 0.015090 0.026154 0.030487
v 0.011397 0.023129 0.036124
v 0.015833 0.029855 0.026586
v 0.016209 0.029853 0.025839
v 0.015832 0.029991 0.025367
v 0.018371 0.021809 0.015855
v 0.018924 0.022224 0.008168
v 0.011388 0.014123 0.038541
v 0.012590 0.014274 0.035778
v 0.014977 -0.003024 -0.029833
v 0.016229 -0.000199 -0.023389
v 0.018757 0.023144 -0.010657
v 0.017459 0.021214 -0.010461
v 0.019096 0.029428 -0.011159
v 0.019096 0.029433 -0.023640
v 0.018835 0.029824 -0.023615
v 0.017009 0.029988 0.008408
v 0.017459 0.029488 0.007927
v 0.016959 0.029488 0.007425
v 0.018889 0.023956 0.008423
v 0.013031 0.023191 -0.044596
v 0.015102 0.023142 -0.043472
v 0.017919 0.021634 -0.041171
v 0.014554 0.025153 -0.042294
v 0.014880 0.025552 -0.041853
v 0.018759 0.021214 -0.010461
v 0.019096 0.021074 -0.010948
v 0.019096 0.023144 -0.011159
v 0.016107 0.025938 -0.040815
v 0.019096 0.023144 -0.024031
v 0.017693 0.003382 -0.037741
v 0.016794 0.001700 -0.036186
v 0.018758 0.029832 -0.029271
v 0.018696 0.029834 -0.032024
v 0.015833 0.029855 0.026586
v 0.015776 0.029537 0.027288
v 0.016209 0.029853 0.025839
v 0.017274 0.029475 0.023141
v 0.010944 0.018567 0.040206
v 0.010641 0.018184 0.040607
v 0.010971 0.017899 0.040562
v 0.016288 0.029861 -0.037249
v 0.015836 0.029863 -0.037525
v 0.015862 0.029991 -0.036728
v 0.016459 0.029991 -0.010692
v 0.016459 0.029991 0.007927
v 0.015836 0.029863 -0.037525
v 0.010331 0.013956 0.040216
v 0.009457 0.015448 0.041615
v 0.014833 0.005810 0.002100
v 0.014831 0.002894 -0.000999
v 0.014658 0.008022 0.006036
v 0.012957 0.012263 0.022253
v 0.012798 0.012897 0.027699
v 0.010215 0.011452 0.027664
v 0.010212 0.010818 0.022414
v 0.007382 0.010304 0.027709
v 0.009829 0.004853 0.008789
v 0.006801 0.003945 0.010284
v 0.006973 0.001572 0.008639
v 0.012570 0.006306 0.007160
v 0.009976 0.002454 0.006859
v 0.012518 0.003828 0.004652
v 0.010108 -0.000309 0.005344
v 0.007148 -0.001070 0.007440
v 0.016012 0.001611 -0.006806
v 0.014175 0.014149 0.027779
v 0.014493 0.013559 0.022243
v 0.004582 -0.093664 0.021662
v 0.005975 -0.094186 0.019856
v 0.008749 -0.093502 0.021943
v 0.012861 0.011019 0.016918
v 0.010047 0.009540 0.017299
v 0.009829 0.007200 0.011643
v 0.007004 0.008570 0.017765
v 0.006757 0.006248 0.012701
v 0.012481 0.000907 0.002677
v 0.015275 -0.009476 -0.014654
v 0.015251 -0.006746 -0.014814
v 0.015030 -0.007773 -0.008230
v 0.014130 -0.008605 -0.003923
v 0.014381 -0.012468 -0.003707
v 0.015167 -0.011208 -0.008185
v 0.012563 -0.009474 0.000044
v 0.012396 -0.004312 0.000480
v 0.010162 -0.005228 0.003589
v 0.007921 -0.015139 0.008564
v 0.007570 -0.010718 0.006438
v 0.003956 -0.010966 0.007997
v -0.000001 -0.017888 0.013909
v -0.000001 -0.021224 0.016933
v 0.005080 -0.021299 0.015414
v 0.013586 -0.007043 -0.031813
v 0.013748 -0.005246 -0.033027
v 0.014548 -0.005478 -0.028449
v 0.010848 -0.014435 0.004968
v 0.010446 -0.010188 0.003569
v 0.015553 -0.003345 -0.014578
v 0.015145 -0.003120 -0.007362
v 0.007222 -0.005872 0.006016
v -0.000001 -0.006161 0.007917
v -0.000001 -0.011101 0.009030
v 0.014068 -0.003235 -0.003125
v 0.003745 -0.006099 0.007210
v 0.003686 -0.001321 0.008494
v 0.015275 -0.003232 -0.023203
v 0.016437 0.000270 -0.014639
v 0.014425 -0.007390 -0.027461
v 0.014902 -0.005898 -0.022687
v -0.000001 -0.015736 0.012079
v 0.004179 -0.015499 0.010595
v -0.000001 0.005722 0.013819
v 0.003422 0.005753 0.013348
v 0.003529 0.008027 0.018167
v -0.000001 -0.001357 0.009110
v 0.003575 0.001222 0.009577
v 0.015259 -0.000225 -0.037846
v 0.013111 -0.000217 -0.041441
v 0.015421 -0.013404 -0.030465
v 0.011975 -0.011198 -0.034722
v 0.013790 -0.008877 -0.030976
v 0.016636 -0.025118 0.005841
v 0.016350 -0.021693 0.004557
v 0.013862 -0.022390 0.009832
v 0.013700 -0.015869 0.001814
v 0.015891 -0.020415 0.003995
v 0.017542 -0.019320 -0.001506
v 0.018296 -0.015767 -0.013741
v 0.015955 -0.011406 -0.014338
v 0.015957 -0.013324 -0.007754
v 0.011519 -0.008712 -0.035459
v 0.004429 -0.017726 0.012390
v -0.000001 0.001092 0.010163
v 0.003467 0.003518 0.011106
v 0.014660 0.010252 0.010153
v -0.000001 0.009350 0.027945
v 0.003733 0.009668 0.027815
v 0.003735 0.009783 0.032167
v 0.018509 -0.029656 -0.004745
v 0.018416 -0.031560 -0.004349
v 0.017490 -0.030796 -0.012101
v 0.018628 -0.022476 -0.013124
v 0.018751 -0.017210 -0.013601
v 0.018731 -0.019202 -0.006465
v 0.013376 -0.093427 -0.005286
v 0.015079 -0.092217 -0.000132
v 0.013764 -0.097295 0.000741
v 0.010021 -0.094611 -0.010025
v 0.012371 -0.098581 -0.004309
v 0.011165 -0.099997 -0.003215
v 0.016688 -0.027168 -0.020822
v 0.016267 -0.028451 -0.020626
v 0.015223 -0.028102 -0.027506
v 0.014443 -0.026179 -0.033483
v 0.015772 -0.026531 -0.027546
v 0.014567 -0.029740 -0.027065
v 0.012799 -0.029886 -0.033789
v 0.015754 -0.029927 -0.020300
v 0.018051 -0.039664 -0.002127
v 0.017342 -0.037217 -0.010928
v 0.017316 -0.033347 -0.011710
v 0.015942 -0.037731 -0.017071
v 0.018097 -0.030269 0.001553
v 0.017656 -0.038879 0.004507
v 0.005007 -0.035796 -0.032826
v 0.005100 -0.040045 -0.030595
v -0.000001 -0.040313 -0.031603
v 0.015617 -0.020744 -0.032054
v 0.012595 -0.020694 -0.037064
v 0.012651 -0.015115 -0.035178
v 0.018802 -0.023576 -0.005818
v 0.018214 -0.024427 -0.000207
v 0.017299 -0.040548 -0.010166
v 0.016018 -0.041265 -0.016404
v 0.017163 -0.043816 -0.009213
v 0.015920 -0.044739 -0.015546
v 0.005640 -0.032776 -0.036813
v 0.010553 -0.032421 -0.032049
v 0.009352 -0.030128 -0.039255
v 0.016875 -0.047548 -0.007774
v 0.015609 -0.048294 -0.014072
v 0.009881 -0.039377 -0.027416
v 0.010170 -0.043023 -0.027070
v 0.005336 -0.043691 -0.030324
v 0.010106 -0.046396 -0.026423
v 0.016579 -0.050490 -0.006314
v 0.016288 -0.054512 -0.004163
v 0.014789 -0.055642 -0.009714
v 0.016695 -0.030895 0.008047
v 0.014235 -0.025587 0.011397
v -0.000001 0.009506 0.032192
v 0.003113 0.009660 0.035136
v 0.018278 -0.017838 -0.006726
v 0.009664 -0.021247 -0.039571
v 0.006097 -0.021266 -0.040489
v 0.006083 -0.015434 -0.037851
v -0.000001 -0.025814 0.020333
v -0.000001 -0.031688 0.023803
v 0.005682 -0.031631 0.022389
v 0.009147 -0.006733 -0.038352
v 0.005873 -0.008710 -0.038031
v 0.009780 -0.035188 -0.029121
v 0.013724 -0.032030 -0.025495
v 0.013213 -0.034487 -0.023890
v 0.015338 -0.031521 -0.019794
v 0.009902 -0.049784 -0.024969
v 0.005153 -0.050451 -0.028424
v 0.009538 -0.052595 -0.022867
v 0.009113 -0.057353 -0.019503
v 0.004659 -0.057986 -0.022622
v 0.011824 -0.025890 -0.039150
v 0.009689 -0.015301 -0.037179
v 0.003850 -0.026920 -0.043898
v 0.009236 -0.026083 -0.041727
v 0.008855 -0.028373 -0.042184
v 0.010576 -0.025835 0.016020
v 0.010184 -0.022744 0.014205
v 0.005368 -0.022807 0.016577
v 0.005476 -0.079572 0.032278
v -0.000001 -0.079311 0.033722
v -0.000001 -0.084225 0.032929
v 0.015220 -0.076200 0.019636
v 0.013135 -0.075294 0.024906
v 0.013237 -0.080996 0.024871
v 0.009900 -0.074551 0.029424
v 0.009999 -0.080156 0.029204
v 0.013130 -0.087623 -0.005422
v -0.000001 -0.057788 0.032298
v -0.000001 -0.065840 0.033571
v 0.005439 -0.066022 0.032167
v 0.006040 -0.013796 -0.037370
v 0.010120 -0.058211 0.027499
v 0.009954 -0.066471 0.028883
v 0.013219 -0.067141 0.024199
v 0.013465 -0.058769 0.022625
v 0.015290 -0.067965 0.018748
v 0.008835 0.012654 0.041444
v 0.009079 0.013750 0.041605
v 0.008452 0.013651 0.042011
v 0.017096 -0.020877 -0.027090
v 0.015754 -0.015001 -0.030775
v 0.014231 -0.002959 -0.034973
v 0.011608 -0.005076 -0.037380
v 0.017257 -0.015141 -0.026548
v 0.018102 -0.015720 -0.021323
v 0.017774 -0.028756 -0.012372
v 0.010838 -0.028182 -0.039561
v 0.012073 -0.002885 -0.039165
v 0.003511 -0.030222 -0.042133
v -0.000001 -0.026917 -0.044044
v 0.003776 -0.028375 -0.043898
v -0.000001 -0.028378 -0.044044
v 0.004904 -0.053240 -0.026182
v -0.000001 -0.058172 -0.023580
v 0.005286 -0.047084 -0.029848
v -0.000001 -0.050723 -0.029527
v -0.000001 -0.022750 0.018182
v 0.005594 -0.025869 0.018583
v 0.017980 -0.021172 -0.021223
v -0.000001 -0.043970 -0.031392
v 0.015720 -0.033994 -0.017958
v 0.013431 -0.038537 -0.022767
v 0.013594 -0.045556 -0.021499
v 0.013314 -0.048983 -0.020004
v 0.011451 -0.006800 -0.036327
v 0.013758 -0.028133 -0.033889
v 0.009669 -0.021284 0.013197
v 0.013352 -0.021033 0.009030
v 0.009591 -0.013665 -0.036743
v 0.012451 -0.013490 -0.034797
v 0.014768 -0.009184 -0.026714
v 0.016844 -0.013571 -0.026348
v 0.011533 -0.016785 0.006397
v 0.018007 -0.020629 -0.001114
v 0.012677 0.008674 0.010635
v 0.014563 0.012427 0.016783
v -0.000001 -0.063805 -0.021829
v 0.017111 -0.061304 0.005796
v 0.016894 -0.069256 0.008183
v 0.016385 -0.067144 0.000545
v 0.016218 -0.070347 0.001779
v 0.016703 -0.060383 0.011472
v 0.016067 -0.073589 0.002887
v 0.017362 -0.053378 0.002692
v 0.017047 -0.052501 0.008875
v 0.016793 -0.078044 0.009767
v 0.016455 -0.068803 0.013553
v 0.014844 -0.074517 -0.002794
v 0.005152 -0.073797 -0.018465
v 0.005013 -0.077112 -0.016429
v -0.000001 -0.077407 -0.017592
v 0.015233 -0.050986 -0.012402
v 0.012400 -0.056474 -0.015010
v 0.012893 -0.051797 -0.018089
v -0.000001 -0.083096 -0.014904
v 0.004945 -0.082877 -0.013942
v 0.005127 -0.089452 -0.013270
v 0.012942 -0.072110 -0.009810
v 0.012746 -0.075412 -0.008160
v 0.009532 -0.076366 -0.013004
v 0.015050 -0.071124 -0.004168
v 0.014775 -0.080206 -0.001109
v 0.016027 -0.079259 0.004206
v 0.016159 -0.085341 0.004938
v 0.015073 -0.087068 0.019816
v 0.016074 -0.088150 0.015278
v 0.016426 -0.082983 0.014992
v 0.009794 -0.088701 -0.010090
v 0.009429 -0.082175 -0.010772
v 0.012665 -0.081207 -0.006189
v 0.015085 -0.086533 -0.000402
v 0.009750 -0.073002 -0.014899
v 0.016279 -0.089499 0.010319
v 0.015857 -0.090865 0.005334
v -0.000001 -0.073834 0.033977
v -0.000001 0.003293 0.011648
v 0.009843 -0.085086 0.028772
v 0.013037 -0.085972 0.024675
v 0.008543 -0.100957 -0.006906
v 0.009384 -0.099671 -0.008636
v 0.005375 -0.084486 0.031631
v 0.016393 -0.077086 0.014686
v 0.015321 -0.082005 0.019781
v 0.013479 0.014318 0.032624
v 0.007218 0.001713 -0.044355
v 0.010372 -0.000194 -0.043066
v 0.012906 -0.013524 0.000741
v 0.014840 -0.008060 -0.022170
v 0.005426 -0.074045 0.032613
v 0.008390 -0.017437 0.010274
v 0.015338 -0.009870 -0.021649
v 0.014245 -0.095805 0.006061
v 0.012750 -0.097318 0.006663
v 0.012419 -0.098755 0.001588
v 0.010579 -0.099446 0.002511
v 0.005000 -0.100383 -0.011469
v 0.004688 -0.101572 -0.009258
v -0.000001 -0.101708 -0.009719
v 0.010960 -0.096669 0.011297
v 0.010768 -0.098093 0.007180
v -0.000001 -0.101838 -0.006881
v 0.014455 -0.092788 0.015499
v 0.013631 -0.091651 0.019581
v 0.012065 -0.093312 0.019265
v 0.014590 -0.094293 0.010790
v 0.012849 -0.094347 0.015529
v 0.010776 -0.095271 0.015389
v 0.013014 -0.095824 0.011106
v 0.010035 -0.094340 0.018728
v -0.000001 -0.095657 -0.013997
v 0.005218 -0.095430 -0.013184
v 0.009503 -0.100602 -0.001912
v -0.000001 -0.053451 -0.027180
v 0.003501 -0.092391 0.026355
v 0.006664 -0.092837 0.024595
v 0.007965 -0.091538 0.026315
v 0.002349 -0.093315 0.022860
v 0.008975 -0.089619 0.027569
v 0.011847 -0.090524 0.023928
v 0.015018 -0.060689 -0.007769
v 0.015304 -0.064181 -0.006886
v 0.013125 -0.065493 -0.012447
v 0.012764 -0.061896 -0.013119
v 0.009831 -0.066526 -0.017216
v 0.015258 -0.067754 -0.005607
v 0.013121 -0.068800 -0.011424
v 0.009856 -0.069822 -0.016389
v 0.004977 -0.063558 -0.020822
v 0.005230 -0.067274 -0.020536
v -0.000001 -0.067577 -0.021614
v 0.005234 -0.070618 -0.019884
v -0.000001 -0.074134 -0.019693
v 0.010496 -0.092323 0.023116
v 0.016666 -0.084147 0.009968
v 0.014398 -0.031179 0.013994
v 0.013711 -0.042170 -0.022316
v 0.015212 -0.014716 -0.003045
v 0.016492 -0.038441 0.010710
v 0.010748 -0.031458 0.019019
v 0.010611 -0.038519 0.022108
v 0.014262 -0.038368 0.016863
v -0.000001 -0.088727 0.031099
v 0.004881 -0.088995 0.030056
v -0.000001 -0.090785 0.029329
v 0.006560 -0.100099 -0.000157
v 0.016478 -0.062786 -0.000974
v 0.015551 -0.059530 0.016953
v 0.009478 -0.062879 -0.017667
v 0.015905 -0.051695 0.014702
v 0.016373 -0.059197 -0.002172
v 0.010316 -0.050485 0.025673
v 0.013781 -0.050973 0.020609
v -0.000001 -0.038808 0.027067
v -0.000001 -0.043913 0.028822
v 0.005608 -0.043860 0.027348
v 0.005499 -0.057903 0.030863
v 0.005564 -0.050337 0.029118
v -0.000001 -0.050303 0.030578
v 0.017335 -0.045253 0.006438
v 0.016189 -0.044421 0.012580
v 0.005648 -0.038709 0.025598
v 0.014028 -0.043967 0.018658
v 0.010468 -0.043819 0.023868
v 0.017686 -0.046317 -0.000031
v -0.000001 -0.036046 -0.033935
v -0.000001 -0.032935 -0.038162
v -0.000001 -0.030227 -0.042274
v -0.000001 0.008857 0.023151
v 0.003648 0.009183 0.022910
v 0.004294 -0.091014 0.028451
v 0.017650 -0.014192 -0.021293
v 0.009351 0.011700 0.038150
v 0.008631 0.011530 0.039684
v 0.008077 0.011113 0.039147
v 0.009689 0.012568 0.040060
v 0.008652 0.012122 0.041043
v 0.008190 0.011921 0.041484
v 0.008111 0.011499 0.040526
v 0.011589 0.012975 0.035627
v 0.009816 0.011728 0.035437
v 0.009972 0.011603 0.032313
v 0.012288 0.013056 0.032498
v 0.007372 0.010440 0.032197
v 0.007491 0.010581 0.036851
v 0.007429 0.010609 0.035256
v 0.009259 -0.005029 -0.039405
v 0.005868 -0.006722 -0.038984
v 0.010607 0.012774 0.038375
v 0.006612 -0.000183 -0.043462
v 0.009578 -0.002859 -0.041125
v 0.005929 -0.005019 -0.040032
v 0.015914 -0.000082 -0.033980
v 0.005417 0.010002 0.035171
v 0.008088 0.010873 0.037443
v 0.007234 0.009772 0.022655
v -0.000001 0.007970 0.018518
v -0.000001 -0.092219 0.027027
v -0.000001 -0.101207 -0.004083
v 0.004318 -0.101773 -0.006620
v -0.000001 0.009618 0.036786
v 0.003031 0.009668 0.036786
v 0.002965 0.010156 0.037282
v 0.006803 -0.094825 0.017655
v 0.007489 -0.096763 0.011146
v 0.007328 -0.097902 0.007355
v 0.007229 -0.099029 0.003529
v 0.007414 -0.101332 -0.004820
v 0.005512 -0.100670 -0.002152
v 0.003791 -0.101056 -0.003516
v 0.007355 -0.095631 0.014907
v 0.016959 0.020038 0.003980
v 0.016959 0.024138 0.007425
v 0.016959 0.021480 0.006417
v 0.017459 0.018186 -0.006560
v 0.018751 0.018186 -0.006560
v 0.017459 0.020098 0.005565
v 0.018402 0.024091 0.007927
v 0.017459 0.022555 0.007636
v -0.000001 0.009592 0.035131
v 0.009747 0.016804 0.041595
v 0.008445 0.016608 0.042292
v 0.008757 0.015677 0.042066
v 0.005179 -0.092944 0.019240
v 0.005409 -0.093774 0.019490
v 0.004083 -0.093265 0.021190
v 0.004887 -0.099113 -0.001666
v 0.005073 -0.100059 -0.001766
v 0.005961 -0.099559 -0.000076
v -0.000001 -0.092905 0.022384
v -0.000001 -0.092141 0.022018
v 0.002152 -0.092198 0.021797
v -0.000001 -0.099611 -0.003296
v -0.000001 -0.100547 -0.003456
v 0.003632 -0.100404 -0.002920
v 0.006453 -0.094308 0.014601
v 0.006726 -0.095177 0.014752
v 0.006194 -0.094392 0.017409
v 0.005256 0.009991 0.036786
v 0.006600 -0.095396 0.010921
v 0.006875 -0.096272 0.011046
v 0.006434 -0.096491 0.007215
v 0.006711 -0.097376 0.007315
v 0.003555 -0.099436 -0.002754
v 0.005703 -0.098648 -0.000091
v 0.006545 -0.098479 0.003579
v 0.006270 -0.097582 0.003524
v 0.005930 -0.093536 0.017224
v 0.014079 0.025406 0.031320
v 0.014389 0.025395 0.031540
v 0.014579 0.025680 0.031159
v 0.014767 0.026264 0.030553
v 0.014623 0.026115 0.030362
v 0.014425 0.025703 0.030838
v 0.014643 0.025129 0.031631
v 0.014425 0.025703 -0.041356
v 0.014623 0.026115 -0.040925
v 0.014795 0.026293 -0.041151
v 0.014079 0.025406 -0.041787
v 0.014578 0.025698 -0.041742
v 0.014318 0.025380 -0.042113
v 0.011789 0.024297 0.034288
v 0.011443 0.024000 0.034780
v 0.011525 0.023958 0.035176
v 0.011294 0.023580 0.035266
v 0.011460 0.023637 0.035607
v 0.016959 0.020536 0.005309
v 0.017459 0.020098 0.005565
v 0.017459 0.019550 0.004101
v 0.018435 0.022555 0.007636
v 0.017459 0.021154 0.006804
v 0.016959 0.022735 0.007160
v 0.017459 0.022555 0.007636
v 0.017459 0.024091 0.007927
v 0.017459 0.029488 0.007927
v 0.017459 0.018186 -0.006560
v 0.017459 0.018264 -0.007408
v 0.016959 0.018752 -0.007252
v 0.017459 0.018679 -0.008145
v 0.017459 0.020484 -0.009990
v 0.017459 0.021214 -0.010461
v 0.016959 0.021413 -0.009995
v 0.016959 0.018690 -0.006570
v 0.016959 0.020802 -0.009599
v 0.016959 0.019083 -0.007844
v 0.017459 0.029488 -0.010657
v 0.011411 0.018413 0.040015
v 0.011097 0.019806 0.039238
v 0.010565 0.018288 0.040211
v 0.010933 0.019532 0.039132
v 0.010809 0.018598 0.039860
v 0.015460 0.029728 -0.037685
v 0.015207 0.029167 -0.038057
v 0.015276 0.029315 -0.037655
v 0.015460 0.029728 -0.037685
v 0.015484 0.029848 -0.036958
v 0.015276 0.029315 -0.037655
v 0.015272 0.029394 -0.037029
v 0.015248 0.029378 0.027022
v 0.015439 0.029717 0.026952
v 0.015475 0.029848 0.026070
v 0.015439 0.029717 0.026952
v 0.015272 0.029394 0.026305
v 0.015193 0.026632 0.030046
v 0.014854 0.026692 0.030151
v 0.013320 0.024879 0.033040
v 0.014038 0.024840 0.032518
v 0.013854 0.025137 0.032293
v 0.013538 0.025145 0.032057
v 0.012998 0.024881 0.032799
v 0.011232 0.022884 0.035973
v 0.018759 0.020484 -0.009990
v 0.018754 0.018679 -0.008145
v 0.008655 0.017576 0.042156
v 0.009884 0.017586 0.041524
v 0.009762 0.017897 0.041364
v 0.009743 0.018025 0.040928
v 0.008580 0.018025 0.041529
v 0.018757 0.029073 -0.010657
v 0.014690 0.026465 0.030036
v 0.018573 0.029391 -0.010657
v 0.018573 0.029391 -0.010657
v 0.018284 0.029986 -0.011159
v 0.017459 0.029488 -0.010657
v 0.018217 0.029488 -0.010657
v 0.018753 0.018264 -0.007408
v 0.018548 0.020098 0.005565
v 0.018486 0.021154 0.006804
v 0.018596 0.019550 0.004101
v 0.018239 0.029096 0.007927
v 0.018100 0.029402 0.007927
v 0.018426 0.029824 0.008403
v 0.018100 0.029402 0.007927
v 0.016959 0.029490 -0.010156
v 0.018757 0.029073 -0.010657
v 0.017459 0.029488 -0.010657
v 0.007171 0.011001 0.037282
v 0.005094 0.010463 0.037282
v 0.008311 0.015615 0.041795
v 0.008030 0.013609 0.041790
v 0.007894 0.012633 0.041700
v 0.008288 0.012560 0.041895
v 0.007832 0.012190 0.041424
v 0.007766 0.011715 0.040496
v 0.007721 0.011400 0.039338
v 0.008134 0.016222 0.041931
v 0.002211 -0.092976 0.022163
v -0.000001 -0.093242 0.023096
v 0.003905 -0.092462 0.020884
v 0.012969 0.024430 -0.043482
v 0.012609 0.024569 -0.043332
v 0.012765 0.024769 -0.042700
v 0.012962 0.021671 -0.045012
v 0.007699 0.011168 0.037783
v 0.010269 0.017946 0.041003
v -0.000001 -0.089676 -0.014202
v 0.010449 0.017652 0.041123
v 0.010192 0.018053 0.040632
v 0.017027 0.029988 -0.011159
v 0.017459 0.024091 0.007927
v 0.018100 0.029402 0.007927
v 0.018886 0.029824 -0.011159
v 0.018757 0.023144 -0.010657
v -0.000001 -0.047384 -0.030981
v -0.000001 -0.100550 -0.012096
v -0.000001 -0.070941 -0.021052
v 0.006100 -0.002859 -0.041662
v -0.000001 0.010114 0.037282
v 0.016959 0.029490 -0.010156
v 0.016959 0.029488 0.007425
v 0.018402 0.024091 0.007927
v 0.015248 0.029378 0.027022
v 0.012998 0.024881 0.032799
v 0.008563 0.017894 0.041991
v 0.017842 0.029472 0.007927
v 0.018217 0.029488 -0.010657
v 0.018573 0.029391 -0.010657
vn -0.0000 0.9707 -0.2402
vn -0.0000 0.9711 -0.2386
vn -0.0000 0.8637 -0.5040
vn -0.0000 0.8618 -0.5073
vn -0.0000 0.9998 -0.0176
vn -0.0000 0.6473 -0.7622
vn -0.0000 0.9999 -0.0170
vn -0.0000 0.6446 -0.7646
vn -0.0000 0.9547 0.2977
vn -0.0000 0.3566 -0.9343
vn -0.0000 0.9546 0.2980
vn -0.0000 0.3538 -0.9353
vn -0.0000 0.8001 0.5999
vn -0.0000 0.0950 -0.9955
vn -0.0000 0.8000 0.6000
vn -0.0000 0.0934 -0.9956
vn -0.0000 0.6325 0.7745
vn -0.0000 -0.0000 -1.0000
vn -0.0000 0.6325 0.7746
vn -0.0000 0.3308 0.9437
vn -0.0224 0.3169 0.9482
vn -0.0858 0.0366 0.9956
vn -0.0148 0.0030 0.9999
vn -0.0000 -0.0000 1.0000
vn -0.8351 -0.4803 0.2681
vn -0.9084 -0.3677 0.1991
vn -0.9322 -0.3412 0.1203
vn -0.9912 -0.1247 0.0445
vn -0.8677 -0.4668 0.1709
vn -0.8187 -0.4846 0.3080
vn -0.8287 -0.4703 0.3033
vn -0.7806 -0.5263 0.3373
vn -0.7843 -0.5346 0.3148
vn -0.9007 -0.3661 0.2339
vn -0.9504 -0.3084 0.0395
vn -0.9871 -0.1382 0.0812
vn -0.8149 -0.5012 0.2910
vn -0.9858 -0.1372 0.0972
vn -0.9050 -0.3642 0.2200
vn -0.9649 0.2624 -0.0042
vn -0.9831 -0.1458 0.1107
vn -0.9421 0.3315 -0.0511
vn -0.8402 0.5421 -0.0120
vn -0.6994 0.6962 -0.1617
vn -0.9669 0.2468 0.0645
vn -0.8192 0.5368 0.2017
vn -0.9552 0.2383 0.1758
vn -0.7938 0.4823 0.3705
vn -0.8040 0.3890 0.4497
vn -0.9429 0.3095 -0.1228
vn -0.7079 0.6311 -0.3171
vn -0.9579 0.1764 0.2266
vn -0.8321 0.1883 0.5217
vn -0.9942 -0.1066 0.0136
vn -0.9689 0.1851 -0.1640
vn -0.7937 0.4084 -0.4509
vn -0.9834 -0.1478 0.1050
vn -0.9687 0.1036 -0.2255
vn -0.7769 0.2170 -0.5910
vn -0.9065 -0.3821 0.1795
vn -0.9152 -0.3805 0.1330
vn -0.8191 -0.5259 0.2292
vn -0.8247 -0.5438 0.1557
vn -0.7846 -0.5693 0.2456
vn -0.7874 -0.5932 0.1674
vn -0.7844 -0.6083 0.1214
vn -0.6956 -0.6592 0.2855
vn -0.7085 -0.6794 0.1909
vn -0.7432 -0.5600 0.3662
vn -0.7110 -0.6910 0.1302
vn -0.8327 -0.5405 0.1207
vn -0.7243 -0.6787 0.1215
vn -0.7903 -0.5983 0.1322
vn -0.5834 -0.8050 0.1077
vn -0.7603 -0.6247 0.1779
vn -0.5603 -0.8156 0.1445
vn -0.5621 -0.7944 0.2301
vn -0.4373 -0.8954 0.0837
vn -0.5995 -0.7179 0.3539
vn -0.4097 -0.8990 0.1548
vn -0.4118 -0.8680 0.2774
vn -0.4905 -0.7498 0.4441
vn -0.5611 -0.5721 0.5982
vn -0.6731 -0.5604 0.4826
vn -0.7633 -0.4270 0.4848
vn -0.6332 -0.4142 0.6539
vn -0.8010 -0.4755 0.3638
vn -0.8305 -0.2900 0.4756
vn -0.8773 -0.3421 0.3366
vn -0.6936 -0.2845 0.6618
vn -0.9332 -0.3113 0.1796
vn -0.4562 -0.2996 0.8379
vn -0.9388 -0.1288 0.3196
vn -0.7487 -0.1085 0.6540
vn -0.8790 -0.1141 0.4630
vn -0.5067 -0.0811 0.8583
vn -0.8907 0.0722 0.4487
vn -0.9560 0.0186 0.2927
vn -0.7712 0.1552 0.6173
vn -0.8477 0.3184 0.4243
vn -0.4178 -0.4317 0.7994
vn -0.2645 -0.0526 0.9629
vn -0.3748 -0.5997 0.7070
vn -0.2307 -0.3111 0.9219
vn -0.2187 -0.4580 0.8616
vn -0.3180 -0.7905 0.5235
vn -0.1618 -0.3150 0.9352
vn -0.1956 -0.0291 0.9803
vn -0.1621 -0.4730 0.8660
vn -0.2076 -0.6198 0.7568
vn -0.1467 -0.6195 0.7711
vn -0.1633 -0.8041 0.5717
vn -0.0860 -0.8060 0.5856
vn -0.2607 -0.9145 0.3095
vn -0.1170 -0.9366 0.3304
vn -0.0613 -0.9456 0.3195
vn -0.2562 -0.9535 0.1590
vn -0.1292 -0.9790 0.1578
vn -0.0959 -0.9853 0.1415
vn -0.2734 -0.9597 0.0652
vn -0.1319 -0.9893 0.0622
vn -0.0843 -0.9943 0.0658
vn -0.3003 -0.9534 0.0287
vn -0.1273 -0.9919 0.0031
vn -0.0604 -0.9980 0.0196
vn -0.0892 -0.9960 0.0012
vn -0.0199 -0.9996 0.0210
vn -0.2123 -0.9772 0.0090
vn -0.0746 -0.9221 0.3797
vn -0.0143 -0.9217 0.3876
vn -0.0556 -0.7083 0.7038
vn -0.0100 -0.7077 0.7064
vn -0.1374 -0.6947 0.7060
vn -0.1881 -0.9059 0.3796
vn 0.0245 -0.7453 0.6663
vn -0.3498 -0.9367 0.0150
vn -0.2295 -0.9313 0.2827
vn -0.1844 -0.9591 0.2147
vn -0.5152 -0.8544 0.0679
vn 0.4170 -0.8650 0.2792
vn -0.4729 -0.8791 0.0594
vn 0.0478 -0.9807 0.1898
vn 0.5465 -0.8126 0.2026
vn -0.5751 -0.8056 0.1424
vn -0.0042 -0.9338 0.3578
vn 0.5339 -0.7832 0.3187
vn -0.5434 -0.8058 0.2353
vn -0.0448 -0.7721 0.6339
vn 0.5315 -0.5625 0.6333
vn -0.6417 -0.6660 0.3802
vn -0.7211 -0.5707 0.3929
vn -0.7025 -0.3830 0.5999
vn -0.0893 -0.3336 0.9385
vn 0.4677 -0.2365 0.8516
vn 0.4623 0.0137 0.8866
vn -0.0603 -0.0850 0.9946
vn 0.4992 -0.1207 0.8580
vn -0.0783 -0.1384 0.9873
vn -0.6608 -0.2117 0.7201
vn 0.3022 -0.4999 0.8116
vn -0.2060 -0.2409 0.9485
vn -0.0830 -0.6923 0.7169
vn -0.6141 -0.1471 0.7754
vn -0.2652 -0.2723 0.9249
vn -0.1921 -0.6800 0.7076
vn -0.5683 -0.0608 0.8206
vn -0.3929 0.2829 0.8750
vn -0.2411 -0.3072 0.9206
vn -0.7715 -0.3297 0.5441
vn -0.2504 0.3193 0.9140
vn -0.1649 -0.2971 0.9405
vn -0.1257 -0.6740 0.7280
vn -0.1646 0.3287 0.9300
vn -0.1008 -0.2959 0.9499
vn -0.0776 -0.6696 0.7386
vn -0.1019 0.3269 0.9396
vn -0.0617 -0.3002 0.9519
vn -0.0455 -0.6738 0.7375
vn -0.0634 0.3200 0.9453
vn -0.0000 -0.3071 0.9517
vn -0.0000 -0.6795 0.7337
vn 0.0455 -0.6739 0.7374
vn -0.0000 0.3134 0.9496
vn 0.0617 -0.3002 0.9519
vn 0.0776 -0.6696 0.7386
vn 0.1008 -0.2958 0.9499
vn 0.1258 -0.6739 0.7281
vn 0.0633 0.3200 0.9453
vn -0.0000 0.7587 0.6514
vn -0.0439 0.7645 0.6431
vn -0.0000 0.9373 0.3484
vn -0.0244 0.9388 0.3437
vn 0.0439 0.7645 0.6431
vn 0.0244 0.9388 0.3437
vn -0.0705 0.7676 0.6370
vn -0.0377 0.9390 0.3419
vn -0.1114 0.7692 0.6293
vn -0.0591 0.9401 0.3358
vn -0.1747 0.7661 0.6186
vn -0.0908 0.9427 0.3209
vn -0.2483 0.7746 0.5817
vn -0.1280 0.9531 0.2742
vn -0.2976 0.7832 0.5459
vn -0.1172 0.9558 0.2698
vn -0.5123 0.2489 0.8220
vn -0.2519 0.7889 0.5605
vn 0.1289 0.9472 0.2936
vn -0.1111 0.7780 0.6183
vn 0.4836 0.8208 0.3040
vn -0.5884 0.2120 0.7803
vn -0.6548 -0.1403 0.7427
vn 0.0568 0.7023 0.7097
vn 0.7753 0.5260 0.3498
vn -0.6543 0.2256 0.7218
vn -0.7352 -0.1215 0.6668
vn -0.7469 -0.2375 0.6211
vn 0.3139 0.6216 0.7177
vn 0.8585 0.3842 0.3397
vn 0.8617 0.3949 0.3185
vn -0.6336 0.2867 0.7186
vn 0.4058 0.6555 0.6369
vn -0.7972 -0.1941 0.5716
vn -0.4991 0.5141 0.6975
vn -0.7783 0.1093 0.6183
vn 0.3976 0.6981 0.5955
vn 0.8116 0.5053 0.2932
vn -0.3838 0.6121 0.6914
vn 0.4158 0.8048 0.4236
vn 0.4954 0.8401 0.2209
vn -0.3127 0.7073 0.6340
vn 0.0249 0.9074 0.4194
vn 0.2357 0.9404 0.2453
vn -0.7081 0.3804 0.5949
vn -0.6387 0.4737 0.6064
vn -0.5261 0.6173 0.5849
vn -0.1312 0.9014 0.4127
vn 0.1691 0.9564 0.2382
vn -0.7907 0.3381 0.5104
vn -0.5753 0.5718 0.5849
vn -0.1680 0.8914 0.4210
vn 0.1545 0.9623 0.2237
vn 0.1464 0.9619 0.2310
vn -0.6481 0.4730 0.5969
vn -0.1452 0.8275 0.5423
vn 0.2418 0.9160 0.3201
vn -0.8423 0.2466 0.4792
vn -0.9120 0.1883 0.3645
vn -0.8754 -0.0207 0.4829
vn -0.9420 0.1049 0.3188
vn -0.9371 -0.1486 0.3159
vn -0.8406 -0.3379 0.4233
vn -0.8566 -0.4364 0.2753
vn -0.9505 -0.2576 0.1737
vn -0.8490 -0.5060 0.1521
vn -0.8058 -0.5455 0.2305
vn -0.8195 -0.4550 0.3484
vn -0.9344 -0.3367 0.1165
vn -0.9837 -0.0154 0.1790
vn -0.8098 -0.3308 0.4845
vn -0.7986 -0.5373 0.2710
vn -0.8145 -0.4228 0.3972
vn -0.6304 -0.7681 0.1121
vn -0.6765 -0.7168 0.1690
vn -0.7232 -0.6375 0.2657
vn -0.9932 -0.1168 -0.0025
vn -0.9468 -0.3219 -0.0058
vn -0.8950 -0.4460 -0.0051
vn -1.0000 -0.0000 -0.0000
vn -0.8982 -0.4356 0.0594
vn -0.8740 -0.4504 0.1822
vn -0.8969 -0.4377 0.0631
vn -0.8891 -0.4577 -0.0060
vn -0.8767 -0.4799 -0.0316
vn -0.9458 -0.3221 0.0410
vn -0.9272 -0.3741 -0.0170
vn -0.9090 -0.4146 -0.0425
vn -0.9735 -0.2246 -0.0423
vn -0.8841 -0.4664 -0.0288
vn -0.9438 -0.3176 -0.0916
vn -0.8759 -0.4737 -0.0922
vn -0.8454 -0.5260 -0.0930
vn -0.9188 -0.3938 -0.0271
vn -0.8540 -0.5053 -0.1237
vn -0.7656 -0.5817 -0.2748
vn -0.9839 -0.1667 -0.0645
vn -0.7462 -0.5840 -0.3195
vn -0.9170 -0.3531 -0.1857
vn -0.7539 -0.5311 -0.3867
vn -0.5476 -0.6113 -0.5714
vn -0.8192 -0.3172 -0.4778
vn -0.8304 -0.4909 -0.2635
vn -0.5297 -0.5648 -0.6328
vn -0.5351 -0.4805 -0.6948
vn -0.4015 -0.4545 -0.7951
vn -0.3108 -0.5251 -0.7923
vn -0.4241 -0.2341 -0.8749
vn -0.5819 -0.2475 -0.7747
vn -0.4279 -0.0342 -0.9032
vn -0.5903 -0.0460 -0.8059
vn -0.4304 0.1044 -0.8966
vn -0.2430 -0.5615 -0.7910
vn -0.0847 -0.4581 -0.8849
vn -0.0994 -0.5263 -0.8444
vn -0.2858 -0.6224 -0.7287
vn -0.1233 -0.5875 -0.7998
vn -0.1429 -0.5706 -0.8087
vn -0.5739 0.1241 -0.8094
vn -0.4238 0.4201 -0.8025
vn -0.8500 -0.0838 -0.5200
vn -0.5315 0.3898 -0.7521
vn -0.2265 0.6931 -0.6843
vn -0.8287 0.0720 -0.5550
vn -0.9639 -0.1019 -0.2459
vn -0.9721 0.0235 -0.2333
vn -0.8044 0.2438 -0.5418
vn -0.9990 0.0047 -0.0455
vn -0.2664 0.6208 -0.7373
vn -0.9646 0.1109 -0.2394
vn 0.0832 0.8301 -0.5513
vn 0.0677 0.8717 -0.4853
vn 0.2793 0.9321 -0.2305
vn 0.3702 0.8804 -0.2966
vn -0.9986 0.0209 -0.0485
vn 0.2448 0.7962 -0.5533
vn 0.6814 0.6855 -0.2567
vn -0.2771 0.6216 -0.7327
vn -0.5527 0.4934 -0.6716
vn -0.2499 0.6343 -0.7316
vn 0.4360 0.6935 -0.5735
vn 0.8292 0.5072 -0.2348
vn 0.8385 0.5054 -0.2036
vn 0.4837 0.7183 -0.5000
vn 0.8822 0.4591 -0.1048
vn 0.4320 0.8026 -0.4115
vn -0.1693 0.7609 -0.6264
vn -0.1817 0.8445 -0.5039
vn -0.4635 0.6618 -0.5893
vn -0.3864 0.7894 -0.4769
vn -0.7911 0.3547 -0.4983
vn -0.7024 0.5373 -0.4667
vn -0.5892 0.7140 -0.3783
vn -0.9607 0.1554 -0.2300
vn -0.8902 0.3958 -0.2257
vn -0.7483 0.6409 -0.1712
vn -0.9983 0.0317 -0.0489
vn -0.9153 0.4009 -0.0374
vn -0.6815 0.7317 -0.0130
vn -0.9337 0.3581 -0.0037
vn -0.7500 0.6614 -0.0061
vn -0.9566 0.2914 -0.0026
vn -0.8327 0.5537 -0.0050
vn -0.9098 0.2494 0.3319
vn -0.8355 0.4425 0.3258
vn -0.6339 0.3571 0.6860
vn -0.7688 0.1481 0.6221
vn -0.9590 0.0140 0.2831
vn -0.8293 0.0292 0.5581
vn -0.9686 0.0811 0.2350
vn -0.9845 -0.1469 0.0961
vn -0.9887 -0.1049 0.1074
vn -0.9776 0.0540 0.2035
vn -0.9937 -0.0077 0.1119
vn -0.9970 -0.0203 0.0741
vn -0.9477 0.0554 -0.3143
vn -0.7229 0.0780 -0.6866
vn -0.6699 0.1263 -0.7317
vn -0.8896 0.2936 -0.3500
vn -0.5834 0.3110 -0.7503
vn -0.7832 0.5287 -0.3272
vn -0.8343 0.5476 0.0636
vn -0.9466 0.3143 0.0715
vn -0.8080 0.5829 0.0863
vn -0.9964 0.0411 0.0738
vn -0.9344 0.3388 0.1100
vn -0.7748 0.6150 0.1465
vn -0.9972 0.0180 0.0729
vn -0.9920 0.0557 0.1133
vn -0.9043 0.3784 0.1977
vn -0.7480 0.6144 0.2511
vn -0.9932 0.0312 0.1122
vn -0.9712 0.1055 0.2137
vn -0.8317 0.4403 0.3383
vn -0.5399 0.7542 0.3737
vn -0.9740 0.0771 0.2130
vn -0.9008 0.2124 0.3786
vn -0.4975 0.6824 0.5356
vn 0.2205 0.8918 0.3950
vn -0.9057 0.1910 0.3784
vn -0.5978 0.4818 0.6407
vn 0.3432 0.7576 0.5552
vn 0.8440 0.5089 0.1692
vn 0.8383 0.4791 0.2603
vn 0.3414 0.6771 0.6519
vn 0.8351 0.4548 0.3094
vn -0.6197 0.4609 0.6353
vn 0.3217 0.6794 0.6595
vn 0.8398 0.4503 0.3032
vn -0.6317 0.4527 0.6294
vn 0.2861 0.7246 0.6270
vn 0.8288 0.5092 0.2318
vn 0.6223 0.7152 0.3182
vn 0.0365 0.8028 0.5952
vn -0.6413 0.4348 0.6322
vn -0.9074 0.1912 0.3743
vn 0.3208 -0.9295 0.1818
vn 0.3116 -0.9444 0.1047
vn 0.5458 -0.8361 -0.0552
vn 0.5857 -0.8071 0.0743
vn 0.4190 -0.8768 -0.2357
vn 0.2444 -0.9696 -0.0157
vn 0.1979 -0.9045 -0.3778
vn 0.1187 -0.9901 -0.0754
vn -0.0000 -0.9914 -0.1309
vn -0.0000 -0.8760 -0.4822
vn 0.3244 -0.9172 0.2313
vn 0.5929 -0.7882 0.1648
vn -0.1979 -0.9044 -0.3780
vn 0.3165 -0.9095 0.2696
vn 0.5899 -0.7736 0.2315
vn 0.3065 -0.9089 0.2829
vn 0.5853 -0.7700 0.2540
vn 0.3096 -0.9037 0.2957
vn 0.5749 -0.7666 0.2860
vn -0.0000 -0.8265 0.5629
vn 0.3114 -0.8816 0.3548
vn 0.5485 -0.7352 0.3982
vn 0.2648 -0.8501 0.4552
vn 0.4467 -0.6859 0.5744
vn 0.1428 -0.8174 0.5580
vn 0.2263 -0.6541 0.7218
vn -0.0000 -0.6515 0.7587
vn -0.1428 -0.8174 0.5580
vn -0.2262 -0.6540 0.7218
vn -0.4465 -0.6862 0.5742
vn -0.2646 -0.8502 0.4551
vn -0.5481 -0.7356 0.3981
vn -0.3112 -0.8817 0.3547
vn -0.5749 -0.7666 0.2860
vn -0.3096 -0.9037 0.2957
vn -0.5852 -0.7700 0.2541
vn -0.3065 -0.9089 0.2829
vn -0.5895 -0.7739 0.2315
vn -0.3163 -0.9096 0.2696
vn -0.5929 -0.7882 0.1649
vn -0.3244 -0.9172 0.2314
vn -0.5852 -0.8074 0.0744
vn -0.3205 -0.9296 0.1818
vn -0.5458 -0.8361 -0.0552
vn -0.3116 -0.9444 0.1047
vn -0.4190 -0.8768 -0.2358
vn -0.1188 -0.9900 -0.0755
vn -0.2444 -0.9696 -0.0157
vn -0.1746 -0.1155 -0.9778
vn -0.4138 -0.0759 -0.9072
vn -0.4101 -0.3073 -0.8587
vn -0.1706 -0.3483 -0.9217
vn -0.1691 0.1634 -0.9720
vn -0.3887 -0.4524 -0.8027
vn -0.1635 -0.4777 -0.8632
vn -0.3495 -0.5713 -0.7426
vn -0.6029 -0.6135 -0.5100
vn -0.6863 -0.4894 -0.5381
vn -0.8951 -0.3413 -0.2869
vn -0.7457 -0.3338 -0.5766
vn -0.7738 -0.1509 -0.6152
vn -0.9358 -0.1643 -0.3120
vn -0.9752 -0.1832 -0.1244
vn -0.9338 0.1125 -0.3396
vn -0.7427 0.0798 -0.6649
vn -0.9906 -0.0045 -0.1365
vn -0.9935 -0.0963 -0.0601
vn -0.9872 -0.1597 0.0043
vn -0.3771 0.1716 -0.9101
vn -0.9806 -0.1232 0.1526
vn -0.3640 0.2965 -0.8830
vn -0.1734 0.3337 -0.9266
vn -0.9933 -0.0098 0.1154
vn -0.9990 -0.0426 -0.0156
vn -0.9648 0.2154 0.1510
vn -0.4324 0.3269 -0.8404
vn -0.2430 0.3970 -0.8851
vn -0.9934 0.1001 -0.0565
vn -0.9850 0.1718 0.0155
vn -0.5393 0.1823 -0.8221
vn -0.2196 0.0997 -0.9705
vn -0.9538 0.2683 -0.1352
vn -0.9324 0.3601 -0.0297
vn -0.9090 0.4114 0.0666
vn -0.8702 0.2847 -0.4022
vn -0.9177 0.3507 -0.1865
vn -0.9235 0.3806 -0.0489
vn -0.6913 0.2096 -0.6915
vn -0.9627 0.1382 -0.2326
vn -0.8835 0.1617 -0.4396
vn -0.6927 0.2205 -0.6867
vn -0.7535 0.1628 -0.6369
vn -0.9157 -0.0134 -0.4015
vn -0.9687 -0.1002 -0.2270
vn -0.9857 0.1374 -0.0972
vn -0.8045 -0.0330 -0.5930
vn -0.9262 -0.1652 -0.3389
vn -0.9447 -0.2603 -0.1994
vn -0.9850 -0.1180 -0.1259
vn -0.9171 0.3941 0.0602
vn -0.9893 0.1456 -0.0020
vn -0.8782 0.4348 0.1994
vn -0.8919 0.4135 0.1830
vn -0.9177 0.2573 0.3028
vn -0.8281 0.4624 0.3169
vn -0.9772 0.1801 0.1122
vn -0.8430 0.4518 0.2918
vn -0.7633 0.5022 0.4064
vn -0.7256 0.4083 0.5539
vn -0.7753 0.4998 0.3861
vn -0.5361 0.2614 0.8027
vn -0.6561 0.5527 0.5139
vn -0.5011 0.5098 0.6993
vn -0.2959 0.3331 0.8952
vn -0.2360 0.3788 0.8949
vn -0.2958 0.5626 0.7720
vn -0.2420 0.5887 0.7713
vn -0.4591 0.6103 0.6456
vn -0.2794 0.6356 0.7197
vn -0.2277 0.6439 0.7305
vn -0.6622 0.5632 0.4943
vn -0.4654 0.6174 0.6343
vn -0.2831 0.6339 0.7197
vn -0.2292 0.6338 0.7387
vn -0.3042 0.5740 0.7603
vn -0.2423 0.5809 0.7771
vn -0.5227 0.5302 0.6676
vn -0.7450 0.4350 0.5056
vn -0.8688 0.3272 0.3716
vn -0.3370 0.5182 0.7861
vn -0.2426 0.5358 0.8087
vn -0.5764 0.4267 0.6969
vn -0.8144 0.2934 0.5007
vn -0.9272 0.1683 0.3347
vn -0.3652 0.4388 0.8210
vn -0.2131 0.4478 0.8683
vn -0.6382 0.3452 0.6881
vn -0.8533 0.2118 0.4764
vn -0.9506 0.1017 0.2933
vn -0.3906 0.3339 0.8579
vn -0.2307 0.3571 0.9052
vn -0.6809 0.2498 0.6885
vn -0.8770 0.1416 0.4592
vn -0.9625 0.0553 0.2656
vn -0.4091 0.2630 0.8738
vn -0.2421 0.2841 0.9277
vn -0.7007 0.1913 0.6873
vn -0.8867 0.1038 0.4506
vn -0.9650 0.0379 0.2597
vn -0.4206 0.2179 0.8807
vn -0.2483 0.2357 0.9396
vn -0.7115 0.1582 0.6847
vn -0.8897 0.0883 0.4479
vn -0.9641 0.0370 0.2629
vn -0.4261 0.1699 0.8886
vn -0.2516 0.1836 0.9503
vn -0.7149 0.1243 0.6881
vn -0.8880 0.0718 0.4542
vn -0.9612 0.0326 0.2739
vn -0.4263 0.0945 0.8996
vn -0.2518 0.1005 0.9625
vn -0.2451 0.0044 0.9695
vn -0.7135 0.0714 0.6970
vn -0.4187 0.0022 0.9081
vn -0.2464 -0.1003 0.9640
vn -0.8839 0.0444 0.4655
vn -0.7025 0.0114 0.7115
vn -0.4076 -0.0883 0.9089
vn -0.2218 -0.2503 0.9424
vn -0.9577 0.0244 0.2867
vn -0.8769 0.0209 0.4803
vn -0.6850 -0.0512 0.7268
vn -0.3667 -0.2318 0.9010
vn -0.1637 -0.4945 0.8536
vn -0.9885 0.0082 0.1513
vn -0.2862 -0.4884 0.8244
vn -0.0981 -0.7426 0.6625
vn -0.6409 -0.1957 0.7423
vn -0.8675 -0.0220 0.4969
vn -0.9541 0.0235 0.2984
vn -0.1776 -0.7468 0.6409
vn -0.0348 -0.9100 0.4132
vn -0.5283 -0.4726 0.7053
vn -0.8337 -0.1732 0.5244
vn -0.9517 -0.0120 0.3069
vn -0.9878 0.0144 0.1550
vn -0.9270 -0.1715 0.3335
vn -0.7054 -0.4748 0.5262
vn -0.3400 -0.7472 0.5711
vn -0.9891 -0.0259 0.1451
vn -0.9996 -0.0147 -0.0233
vn -0.0654 -0.9125 0.4038
vn 0.0925 -0.9951 -0.0346
vn 0.0384 -0.9967 -0.0720
vn -0.1346 -0.9137 0.3834
vn -0.4596 -0.7617 0.4568
vn 0.2603 -0.7150 -0.6488
vn 0.0921 -0.7134 -0.6947
vn 0.2899 -0.4256 -0.8572
vn 0.1034 -0.4297 -0.8970
vn 0.6321 -0.3949 -0.6667
vn 0.5591 -0.6786 -0.4763
vn 0.8527 -0.3529 -0.3853
vn 0.2041 -0.9779 0.0449
vn 0.7398 -0.6342 -0.2247
vn 0.9290 -0.3249 -0.1774
vn -0.1867 -0.9208 0.3425
vn 0.2548 -0.9579 0.1325
vn 0.7996 -0.5984 -0.0505
vn 0.9523 -0.3037 -0.0307
vn 0.8138 -0.5763 0.0751
vn 0.9539 -0.2884 0.0837
vn 0.2757 -0.9412 0.1951
vn -0.2098 -0.9256 0.3152
vn -0.5110 -0.7796 0.3622
vn 0.8238 -0.5423 0.1650
vn 0.9507 -0.2834 0.1258
vn 0.2818 -0.9267 0.2486
vn -0.2242 -0.9223 0.3148
vn -0.5374 -0.7871 0.3028
vn 0.8271 -0.5279 0.1931
vn 0.9451 -0.2787 0.1708
vn 0.3270 -0.9027 0.2796
vn -0.2150 -0.9261 0.3101
vn -0.5601 -0.7884 0.2545
vn 0.8022 -0.5465 0.2407
vn 0.9011 -0.2506 0.3540
vn 0.3568 -0.8912 0.2802
vn -0.1954 -0.9385 0.2846
vn -0.5822 -0.7850 0.2118
vn 0.3153 -0.9018 0.2954
vn -0.2145 -0.9482 0.2342
vn -0.8663 -0.4937 0.0756
vn 0.7560 -0.5099 0.4104
vn 0.7392 -0.2143 0.6385
vn 0.2859 -0.8915 0.3514
vn 0.5998 -0.4846 0.6367
vn 0.3910 -0.1880 0.9010
vn -0.6040 -0.7890 0.1130
vn -0.2161 -0.9642 0.1535
vn 0.1991 -0.8863 0.4182
vn 0.3020 -0.4841 0.8212
vn 0.1380 -0.1690 0.9759
vn 0.1122 -0.4620 0.8797
vn 0.0834 -0.8907 0.4469
vn 0.0367 -0.8817 0.4704
vn -0.1572 -0.9836 0.0884
vn -0.0659 -0.9961 0.0594
vn -0.0158 -0.9968 0.0781
vn -0.5620 -0.8254 -0.0529
vn -0.4096 -0.8894 -0.2028
vn -0.1829 -0.9437 -0.2756
vn -0.0597 -0.9632 -0.2620
vn -0.8821 -0.4686 -0.0470
vn -0.3120 -0.6262 -0.7145
vn -0.1149 -0.6629 -0.7399
vn -0.1515 -0.1924 -0.9696
vn -0.6376 -0.5511 -0.5383
vn -0.3664 -0.1686 -0.9150
vn -0.1754 -0.0623 -0.9825
vn -0.8289 -0.4847 -0.2793
vn -0.7046 -0.1306 -0.6975
vn -0.3839 -0.0437 -0.9223
vn -0.2014 -0.2543 -0.9459
vn -0.8993 -0.1160 -0.4217
vn -0.7048 -0.0100 -0.7094
vn -0.4078 -0.2208 -0.8860
vn -0.4210 -0.4311 -0.7980
vn -0.2281 -0.4719 -0.8516
vn -0.7220 -0.1435 -0.6768
vn -0.8841 0.0091 -0.4673
vn -0.9704 -0.1433 -0.1942
vn -0.4237 -0.4344 -0.7948
vn -0.2299 -0.4564 -0.8596
vn -0.7256 -0.3187 -0.6098
vn -0.7250 -0.3459 -0.5956
vn -0.4200 -0.2754 -0.8647
vn -0.2256 -0.2727 -0.9353
vn -0.2123 -0.1143 -0.9705
vn -0.7287 -0.2382 -0.6421
vn -0.4093 -0.1085 -0.9059
vn -0.2050 -0.1746 -0.9631
vn -0.7187 -0.0888 -0.6896
vn -0.8894 -0.1887 -0.4163
vn -0.4085 -0.1538 -0.8997
vn -0.3922 -0.4252 -0.8157
vn -0.1967 -0.4553 -0.8683
vn -0.7123 -0.0993 -0.6948
vn -0.3676 -0.5866 -0.7217
vn -0.1868 -0.6167 -0.7647
vn -0.6977 -0.3284 -0.6367
vn -0.6643 -0.4863 -0.5676
vn -0.3864 -0.4889 -0.7821
vn -0.2059 -0.5147 -0.8323
vn -0.6827 -0.4127 -0.6030
vn -0.4021 -0.2506 -0.8807
vn -0.2165 -0.2559 -0.9421
vn -0.2046 -0.0914 -0.9746
vn -0.7002 -0.2308 -0.6756
vn -0.3964 -0.0920 -0.9134
vn -0.2060 -0.2657 -0.9418
vn -0.8745 -0.1967 -0.4434
vn -0.6946 -0.0804 -0.7149
vn -0.8739 -0.0691 -0.4812
vn -0.4061 -0.2279 -0.8849
vn -0.7056 -0.1257 -0.6974
vn -0.3832 -0.6223 -0.6826
vn -0.1920 -0.6583 -0.7278
vn -0.6960 -0.4580 -0.5529
vn -0.2915 -0.8258 -0.4828
vn -0.1261 -0.8324 -0.5396
vn -0.6075 -0.7096 -0.3569
vn -0.1399 -0.7805 -0.6093
vn -0.0268 -0.7666 -0.6416
vn -0.0365 -0.3697 -0.9284
vn -0.4912 -0.7463 -0.4491
vn -0.1653 -0.3674 -0.9153
vn -0.0383 -0.0005 -0.9993
vn -0.5252 -0.3599 -0.7711
vn -0.7619 -0.3832 -0.5222
vn -0.7382 -0.6076 -0.2929
vn -0.8754 -0.3634 -0.3187
vn -0.9095 -0.3690 -0.1915
vn -0.8544 -0.4700 -0.2215
vn -0.9518 -0.2654 -0.1537
vn -0.9222 -0.3461 -0.1724
vn -0.8424 -0.4508 -0.2951
vn -0.9197 -0.3376 -0.2005
vn -0.9783 -0.1530 -0.1395
vn -0.9933 -0.0910 -0.0706
vn -0.9994 -0.0170 0.0316
vn -0.9759 -0.1269 -0.1773
vn -0.9392 0.2411 0.2447
vn -0.9805 0.0648 0.1853
vn -0.9984 -0.0512 -0.0220
vn -0.9892 0.0182 0.1457
vn -0.9982 -0.0506 -0.0311
vn -0.9919 -0.0052 0.1272
vn -0.9986 -0.0510 -0.0135
vn -0.9928 -0.0070 0.1196
vn -0.9978 -0.0632 -0.0192
vn -0.9924 0.0010 0.1231
vn -0.9981 -0.0503 -0.0349
vn -0.9902 0.0035 0.1397
vn -0.9995 -0.0306 -0.0097
vn -0.9996 -0.0280 -0.0069
vn -0.9857 -0.0427 -0.1633
vn -0.9881 -0.0835 -0.1288
vn -0.9853 -0.0682 -0.1564
vn -0.9901 -0.0412 -0.1342
vn -0.9856 -0.1002 -0.1359
vn -0.9602 -0.1332 -0.2456
vn -0.9600 -0.0538 -0.2748
vn -0.9557 -0.1619 -0.2457
vn -0.9561 -0.1268 -0.2642
vn -0.8842 -0.2480 -0.3959
vn -0.8845 -0.2075 -0.4179
vn -0.8841 -0.0786 -0.4606
vn -0.9560 -0.0424 -0.2901
vn -0.9620 -0.0047 -0.2729
vn -0.9847 -0.0273 -0.1721
vn -0.9893 -0.0290 -0.1429
vn -0.9989 -0.0418 -0.0228
vn -0.9803 -0.1853 -0.0680
vn -0.9798 -0.1977 0.0297
vn -0.9675 -0.1858 0.1715
vn -0.8472 -0.5120 0.1417
vn -0.8270 -0.5068 0.2433
vn -0.7896 -0.4912 0.3678
vn -0.2655 0.9639 0.0195
vn -0.1374 0.9905 0.0100
vn -0.1247 0.9167 -0.3795
vn -0.2448 0.9043 -0.3498
vn -0.1827 0.6707 -0.7189
vn -0.1122 0.6771 -0.7273
vn -0.1957 0.7585 -0.6216
vn -0.2375 0.9710 0.0267
vn -0.1091 0.9665 -0.2322
vn -0.6056 0.7736 -0.1864
vn -0.2085 0.9720 -0.1085
vn -0.6023 0.7804 0.1680
vn -0.1235 0.9922 0.0164
vn -0.2272 0.9730 0.0405
vn -0.2064 0.9724 0.1085
vn -0.1379 0.9899 0.0325
vn -0.2355 0.9674 0.0937
vn 0.0545 0.9975 0.0450
vn 0.1342 0.9829 0.1259
vn -0.1776 0.7780 0.6026
vn -0.1043 0.9647 0.2420
vn -0.1228 0.9199 0.3725
vn -0.0933 0.7001 0.7079
vn -0.1852 0.6844 0.7052
vn -0.2439 0.9057 0.3468
vn -0.1333 0.9911 -0.0010
vn -0.2610 0.9653 -0.0020
vn 0.1270 0.9887 -0.0802
vn -0.1286 0.9917 -0.0016
vn -0.2542 0.9671 -0.0039
vn -0.1281 0.9918 -0.0040
vn -0.2501 0.9682 -0.0091
vn -0.1307 0.9911 -0.0256
vn -0.2266 0.9724 -0.0564
vn -0.1031 0.9923 -0.0694
vn -0.1723 0.9774 -0.1226
vn -0.0666 0.9947 -0.0788
vn -0.1181 0.9809 -0.1546
vn 0.1548 0.9759 -0.1535
vn 0.6466 0.7601 -0.0646
vn 0.7206 0.6865 -0.0973
vn 0.9068 0.4207 -0.0260
vn 0.9133 0.4033 -0.0563
vn 0.6171 0.7845 0.0611
vn 0.9036 0.4282 0.0093
vn 0.7492 0.6611 0.0405
vn 0.8725 0.4884 -0.0172
vn -0.9860 -0.0419 -0.1611
vn -0.9811 -0.0579 -0.1848
vn -0.9884 -0.0611 -0.1391
vn -0.9480 -0.0547 -0.3134
vn -0.9859 -0.1037 -0.1317
vn -0.9514 -0.0246 -0.3071
vn -0.9578 -0.0672 -0.2793
vn -0.9540 -0.1436 -0.2633
vn -0.8664 -0.0407 -0.4976
vn -0.8770 -0.2389 -0.4168
vn -0.9335 -0.2294 -0.2755
vn -0.8526 -0.3248 -0.4093
vn -0.9387 -0.2372 -0.2502
vn -0.8377 -0.3735 -0.3984
vn -0.8625 -0.2316 -0.4500
vn -0.9295 -0.2637 -0.2578
vn -0.9790 -0.1522 -0.1358
vn -0.9748 -0.1608 -0.1548
vn -0.9420 -0.1545 -0.2980
vn -0.9773 -0.1089 -0.1818
vn -0.9525 -0.0355 -0.3025
vn -0.8770 -0.0546 -0.4774
vn -0.8859 -0.0697 -0.4587
vn -0.9105 0.2662 -0.3163
vn -0.9165 0.0374 -0.3983
vn -0.9143 0.3932 -0.0975
vn -0.9242 -0.0000 -0.3820
vn -0.7081 -0.0000 -0.7061
vn -0.7097 0.0658 -0.7015
vn -0.9226 0.0077 0.3857
vn -0.9106 0.1462 -0.3866
vn -0.7135 0.2479 -0.6553
vn -0.7112 0.4529 -0.5377
vn -0.9102 0.3568 -0.2102
vn -0.7122 0.6050 -0.3559
vn -0.7089 0.6847 -0.1696
vn -0.7094 0.7047 -0.0125
vn -0.9151 0.4032 -0.0071
vn -0.9081 0.4000 0.1242
vn -0.7153 0.6670 0.2084
vn -0.7101 0.5636 0.4220
vn -0.9132 0.3263 0.2442
vn -0.7096 0.4458 0.5456
vn -0.9152 0.2553 0.3119
vn -0.9003 0.1217 0.4179
vn -0.7069 0.0142 0.7072
vn -0.7103 0.2142 0.6705
vn -0.0000 -1.0000 -0.0000
vn 0.2185 -0.9758 -0.0000
vn 0.1596 -0.9872 -0.0000
vn 0.6958 -0.7182 -0.0000
vn 0.7837 -0.6211 -0.0000
vn 0.9963 -0.0859 -0.0000
vn 0.9996 -0.0284 -0.0006
vn 0.9904 0.1385 -0.0000
vn -0.2183 -0.9759 -0.0000
vn -0.1595 -0.9872 -0.0000
vn -0.3891 -0.9212 -0.0000
vn 0.9903 0.1387 -0.0001
vn 0.9905 0.1376 0.0013
vn 0.9899 0.1416 -0.0018
vn 0.9904 0.1381 0.0009
vn 0.9901 0.1401 -0.0047
vn 0.9900 0.1409 -0.0070
vn 0.2651 -0.2725 0.9249
vn 0.1762 -0.3667 0.9135
vn 0.3245 0.3142 0.8922
vn 0.0830 -0.6923 0.7169
vn -0.0381 -0.6661 0.7449
vn 0.1921 -0.6800 0.7076
vn 0.2410 -0.3074 0.9206
vn 0.2505 0.3194 0.9139
vn 0.1649 -0.2971 0.9405
vn 0.1645 0.3286 0.9300
vn 0.1018 0.3269 0.9396
vn 0.0705 0.7676 0.6370
vn 0.0377 0.9390 0.3419
vn 0.1114 0.7692 0.6292
vn 0.0591 0.9401 0.3357
vn 0.1746 0.7662 0.6184
vn 0.0908 0.9427 0.3209
vn 0.2000 0.8002 0.5654
vn 0.1046 0.9560 0.2741
vn -0.9600 -0.2801 -0.0000
vn -0.9963 -0.0859 -0.0000
vn -0.9996 -0.0284 -0.0006
vn -0.9903 0.1386 -0.0002
vn -0.9903 0.1386 0.0003
vn -0.9903 0.1390 -0.0005
vn -0.9901 0.1404 -0.0049
vn -0.9899 0.1412 -0.0076
vn -0.0000 0.9546 0.2979
vn 0.0224 0.3170 0.9482
vn 0.0859 0.0366 0.9956
vn 0.0148 0.0030 0.9999
vn 0.9083 -0.3679 0.1991
vn 0.8350 -0.4805 0.2682
vn 0.9322 -0.3414 0.1203
vn 0.9912 -0.1249 0.0445
vn 0.8186 -0.4848 0.3080
vn 0.8677 -0.4668 0.1710
vn 0.9007 -0.3661 0.2340
vn 0.7806 -0.5263 0.3372
vn 0.8288 -0.4703 0.3033
vn 0.9504 -0.3084 0.0396
vn 0.9871 -0.1381 0.0812
vn 0.8150 -0.5011 0.2910
vn 0.7843 -0.5346 0.3147
vn 0.7455 -0.5600 0.3615
vn 0.9049 -0.3644 0.2200
vn 0.9858 -0.1370 0.0972
vn 0.9649 0.2624 -0.0042
vn 0.9831 -0.1460 0.1107
vn 0.9421 0.3315 -0.0512
vn 0.8401 0.5423 -0.0122
vn 0.6994 0.6962 -0.1617
vn 0.9668 0.2471 0.0645
vn 0.8187 0.5377 0.2017
vn 0.9550 0.2386 0.1761
vn 0.7931 0.4830 0.3712
vn 0.8040 0.3891 0.4497
vn 0.9429 0.3095 -0.1228
vn 0.7079 0.6312 -0.3171
vn 0.9579 0.1764 0.2266
vn 0.8320 0.1883 0.5218
vn 0.9942 -0.1066 0.0137
vn 0.9690 0.1850 -0.1639
vn 0.7936 0.4084 -0.4510
vn 0.9835 -0.1476 0.1050
vn 0.9687 0.1037 -0.2257
vn 0.7764 0.2174 -0.5915
vn 0.9066 -0.3820 0.1795
vn 0.9476 0.0554 -0.3146
vn 0.7223 0.0780 -0.6872
vn 0.6701 0.1257 -0.7315
vn 0.8191 -0.5260 0.2291
vn 0.9153 -0.3803 0.1330
vn 0.7847 -0.5692 0.2456
vn 0.8247 -0.5437 0.1557
vn 0.7873 -0.5934 0.1674
vn 0.7092 -0.6457 0.2830
vn 0.7086 -0.6793 0.1909
vn 0.7110 -0.6910 0.1301
vn 0.7844 -0.6083 0.1213
vn 0.8327 -0.5405 0.1206
vn 0.7242 -0.6788 0.1215
vn 0.5623 -0.7936 0.2324
vn 0.7904 -0.5982 0.1322
vn 0.5603 -0.8156 0.1445
vn 0.5833 -0.8051 0.1078
vn 0.7602 -0.6249 0.1779
vn 0.8490 -0.5061 0.1521
vn 0.4373 -0.8954 0.0837
vn 0.8057 -0.5457 0.2304
vn 0.6304 -0.7681 0.1121
vn 0.8194 -0.4552 0.3484
vn 0.7985 -0.5375 0.2710
vn 0.6766 -0.7167 0.1689
vn 0.8407 -0.3376 0.4233
vn 0.8568 -0.4361 0.2752
vn 0.7972 -0.1940 0.5717
vn 0.9371 -0.1485 0.3160
vn 0.8755 -0.0205 0.4828
vn 0.7783 0.1094 0.6183
vn 0.8424 0.2466 0.4792
vn 0.9504 -0.2578 0.1737
vn 0.9420 0.1047 0.3189
vn 0.9345 -0.3365 0.1164
vn 0.9838 -0.0153 0.1789
vn 0.7906 0.3381 0.5105
vn 0.9887 -0.1047 0.1073
vn 0.9120 0.1883 0.3645
vn 0.9776 0.0540 0.2034
vn 0.9845 -0.1470 0.0961
vn 0.9937 -0.0077 0.1120
vn 0.9970 -0.0203 0.0741
vn 0.9740 0.0771 0.2129
vn 0.9932 0.0311 0.1122
vn 0.9972 0.0179 0.0729
vn 0.9964 0.0410 0.0738
vn 0.9920 0.0556 0.1134
vn 0.8896 0.2936 -0.3499
vn 0.5840 0.3103 -0.7501
vn 0.7833 0.5288 -0.3268
vn 0.8336 0.5488 0.0634
vn 0.9464 0.3149 0.0714
vn 0.8079 0.5829 0.0863
vn 0.9344 0.3387 0.1101
vn 0.7756 0.6140 0.1467
vn 0.9045 0.3779 0.1979
vn 0.7488 0.6132 0.2514
vn 0.9712 0.1056 0.2136
vn 0.8318 0.4399 0.3384
vn 0.5405 0.7536 0.3741
vn 0.9008 0.2127 0.3787
vn 0.9057 0.1911 0.3784
vn 0.4974 0.6825 0.5356
vn -0.2208 0.8916 0.3953
vn 0.5976 0.4820 0.6408
vn -0.3419 0.7578 0.5557
vn -0.8435 0.5095 0.1703
vn -0.8372 0.4805 0.2613
vn -0.3414 0.6771 0.6518
vn -0.8352 0.4547 0.3094
vn 0.6194 0.4611 0.6353
vn -0.3231 0.6791 0.6591
vn -0.8411 0.4490 0.3017
vn 0.6314 0.4529 0.6295
vn -0.2874 0.7247 0.6263
vn -0.8300 0.5082 0.2298
vn -0.6224 0.7152 0.3179
vn -0.0370 0.8028 0.5951
vn -0.2418 0.9160 0.3201
vn 0.9074 0.1912 0.3742
vn 0.6410 0.4350 0.6323
vn 0.1448 0.8278 0.5421
vn -0.1465 0.9618 0.2312
vn 0.6478 0.4733 0.5969
vn 0.1675 0.8916 0.4208
vn -0.1551 0.9623 0.2234
vn 0.1307 0.9016 0.4124
vn 0.5749 0.5721 0.5850
vn 0.5259 0.6174 0.5851
vn 0.6387 0.4737 0.6064
vn -0.0250 0.9074 0.4194
vn -0.1697 0.9565 0.2374
vn -0.2357 0.9404 0.2452
vn -0.4954 0.8399 0.2217
vn 0.7082 0.3802 0.5949
vn 0.3127 0.7074 0.6339
vn -0.4153 0.8047 0.4242
vn -0.8114 0.5055 0.2934
vn -0.3973 0.6983 0.5954
vn -0.8617 0.3951 0.3183
vn 0.3838 0.6121 0.6914
vn -0.4062 0.6556 0.6365
vn -0.3138 0.6215 0.7178
vn -0.8585 0.3842 0.3398
vn 0.4992 0.5140 0.6976
vn -0.7761 0.5257 0.3484
vn 0.6336 0.2870 0.7185
vn -0.0572 0.7027 0.7092
vn -0.4837 0.8208 0.3038
vn 0.6541 0.2256 0.7220
vn 0.1107 0.7782 0.6182
vn -0.1287 0.9472 0.2937
vn 0.2524 0.7886 0.5608
vn 0.1172 0.9557 0.2699
vn 0.5886 0.2117 0.7802
vn 0.7351 -0.1219 0.6669
vn 0.8097 -0.3310 0.4846
vn 0.2972 0.7835 0.5457
vn 0.1413 0.9513 0.2739
vn 0.3125 0.7358 0.6007
vn 0.4481 0.2556 0.8567
vn 0.5124 0.2489 0.8219
vn 0.5683 -0.0609 0.8206
vn 0.6549 -0.1403 0.7426
vn 0.2292 -0.1270 0.9651
vn 0.7470 -0.2375 0.6210
vn 0.6142 -0.1471 0.7753
vn 0.0784 -0.1384 0.9873
vn -0.4776 -0.3447 0.8081
vn -0.4993 -0.1206 0.8580
vn 0.8146 -0.4227 0.3972
vn 0.7715 -0.3296 0.5441
vn 0.6609 -0.2117 0.7200
vn 0.0598 -0.0849 0.9946
vn -0.4628 0.0137 0.8864
vn 0.7232 -0.6374 0.2658
vn 0.7210 -0.5707 0.3930
vn 0.7026 -0.3830 0.5997
vn 0.0897 -0.3336 0.9384
vn -0.4670 -0.2369 0.8519
vn -0.5320 -0.5621 0.6333
vn 0.0441 -0.7721 0.6340
vn -0.5340 -0.7832 0.3186
vn 0.6417 -0.6662 0.3800
vn 0.0047 -0.9338 0.3578
vn -0.5465 -0.8126 0.2027
vn 0.5435 -0.8058 0.2352
vn -0.0479 -0.9807 0.1897
vn -0.4175 -0.8647 0.2792
vn 0.5750 -0.8056 0.1425
vn 0.1843 -0.9591 0.2149
vn -0.0245 -0.7452 0.6664
vn 0.5153 -0.8543 0.0678
vn 0.2294 -0.9313 0.2828
vn 0.1880 -0.9059 0.3795
vn 0.1374 -0.6948 0.7059
vn 0.3498 -0.9367 0.0151
vn 0.4729 -0.8791 0.0594
vn 0.3003 -0.9534 0.0287
vn 0.2122 -0.9772 0.0090
vn 0.0746 -0.9221 0.3797
vn 0.0555 -0.7082 0.7038
vn 0.0143 -0.9217 0.3876
vn 0.0100 -0.7077 0.7064
vn 0.0199 -0.9996 0.0210
vn 0.0892 -0.9960 0.0012
vn 0.0604 -0.9980 0.0196
vn 0.1273 -0.9919 0.0031
vn 0.0842 -0.9943 0.0658
vn 0.1319 -0.9893 0.0622
vn 0.0958 -0.9853 0.1415
vn 0.2735 -0.9597 0.0652
vn 0.1291 -0.9790 0.1578
vn 0.0613 -0.9456 0.3195
vn 0.4097 -0.8990 0.1548
vn 0.2562 -0.9534 0.1590
vn 0.1169 -0.9366 0.3304
vn 0.0860 -0.8060 0.5856
vn 0.4118 -0.8680 0.2774
vn 0.2607 -0.9145 0.3095
vn 0.1632 -0.8041 0.5717
vn 0.1467 -0.6195 0.7711
vn 0.3179 -0.7905 0.5235
vn 0.2075 -0.6198 0.7569
vn 0.1621 -0.4730 0.8660
vn 0.4766 -0.7546 0.4511
vn 0.3748 -0.5997 0.7070
vn 0.2187 -0.4581 0.8616
vn 0.1618 -0.3151 0.9352
vn 0.6034 -0.7136 0.3558
vn 0.5577 -0.5769 0.5968
vn 0.4178 -0.4318 0.7994
vn 0.6734 -0.5680 0.4731
vn 0.6332 -0.4142 0.6539
vn 0.2307 -0.3112 0.9219
vn 0.1956 -0.0291 0.9803
vn 0.4561 -0.2996 0.8380
vn 0.2645 -0.0526 0.9630
vn 0.2959 0.3331 0.8953
vn 0.2360 0.3788 0.8949
vn 0.5067 -0.0811 0.8583
vn 0.2957 0.5626 0.7720
vn 0.2420 0.5887 0.7713
vn 0.5361 0.2614 0.8027
vn 0.5011 0.5098 0.6993
vn 0.2794 0.6356 0.7197
vn 0.2277 0.6439 0.7305
vn 0.4591 0.6103 0.6456
vn 0.2831 0.6339 0.7197
vn 0.2292 0.6338 0.7387
vn 0.4654 0.6173 0.6343
vn 0.3041 0.5740 0.7603
vn 0.2423 0.5809 0.7771
vn 0.5227 0.5302 0.6676
vn 0.3369 0.5182 0.7861
vn 0.2426 0.5358 0.8087
vn 0.5764 0.4267 0.6969
vn 0.3652 0.4388 0.8210
vn 0.2131 0.4478 0.8684
vn 0.6382 0.3452 0.6881
vn 0.3906 0.3339 0.8579
vn 0.2306 0.3571 0.9052
vn 0.6809 0.2498 0.6885
vn 0.4091 0.2630 0.8738
vn 0.2420 0.2841 0.9278
vn 0.7008 0.1913 0.6873
vn 0.4206 0.2179 0.8807
vn 0.2482 0.2357 0.9396
vn 0.7114 0.1582 0.6847
vn 0.4261 0.1699 0.8886
vn 0.2515 0.1836 0.9503
vn 0.7149 0.1243 0.6881
vn 0.4263 0.0945 0.8996
vn 0.2518 0.1005 0.9625
vn 0.2451 0.0044 0.9695
vn 0.7134 0.0714 0.6971
vn 0.4186 0.0023 0.9081
vn 0.2464 -0.1003 0.9640
vn 0.4076 -0.0883 0.9089
vn 0.2218 -0.2503 0.9424
vn 0.7026 0.0114 0.7115
vn 0.8839 0.0444 0.4656
vn 0.8880 0.0718 0.4542
vn 0.3667 -0.2318 0.9010
vn 0.1636 -0.4945 0.8536
vn 0.6850 -0.0511 0.7267
vn 0.8769 0.0208 0.4803
vn 0.9577 0.0244 0.2868
vn 0.2862 -0.4884 0.8243
vn 0.0981 -0.7426 0.6625
vn 0.6410 -0.1957 0.7422
vn 0.8675 -0.0220 0.4969
vn 0.9541 0.0235 0.2985
vn 0.1775 -0.7468 0.6409
vn 0.0348 -0.9100 0.4132
vn 0.5283 -0.4727 0.7053
vn 0.8336 -0.1733 0.5244
vn 0.9517 -0.0120 0.3069
vn 0.9878 0.0143 0.1550
vn 0.9885 0.0082 0.1512
vn 0.9891 -0.0259 0.1451
vn 0.9270 -0.1714 0.3336
vn 0.7054 -0.4748 0.5263
vn 0.3400 -0.7472 0.5711
vn 0.9996 -0.0148 -0.0233
vn 0.0654 -0.9125 0.4038
vn -0.0924 -0.9951 -0.0345
vn -0.0384 -0.9967 -0.0720
vn 0.1346 -0.9137 0.3835
vn 0.4596 -0.7617 0.4568
vn -0.2039 -0.9780 0.0452
vn 0.1866 -0.9208 0.3425
vn 0.7896 -0.4912 0.3678
vn 0.5110 -0.7796 0.3622
vn -0.2549 -0.9578 0.1325
vn 0.2097 -0.9256 0.3151
vn 0.9675 -0.1857 0.1715
vn 0.8270 -0.5068 0.2433
vn 0.5375 -0.7870 0.3028
vn 0.9989 -0.0418 -0.0228
vn 0.2242 -0.9223 0.3148
vn 0.9798 -0.1977 0.0296
vn 0.8472 -0.5120 0.1417
vn 0.5601 -0.7884 0.2545
vn 0.8663 -0.4937 0.0757
vn 0.9803 -0.1853 -0.0680
vn 0.9893 -0.0290 -0.1429
vn 0.9847 -0.0274 -0.1721
vn 0.9620 -0.0047 -0.2729
vn 0.9560 -0.0425 -0.2901
vn 0.9853 -0.0682 -0.1563
vn 0.9996 -0.0280 -0.0069
vn 0.9561 -0.1268 -0.2642
vn 0.9704 -0.1433 -0.1942
vn 0.8841 -0.0786 -0.4606
vn 0.8841 0.0091 -0.4672
vn 0.9857 -0.1002 -0.1359
vn 0.8845 -0.2075 -0.4178
vn 0.9557 -0.1619 -0.2457
vn 0.9881 -0.0835 -0.1288
vn 0.7220 -0.1435 -0.6768
vn 0.9995 -0.0306 -0.0097
vn 0.7048 -0.0100 -0.7093
vn 0.9602 -0.1331 -0.2456
vn 0.8842 -0.2479 -0.3959
vn 0.7256 -0.3187 -0.6099
vn 0.4077 -0.2208 -0.8860
vn 0.9901 -0.0411 -0.1341
vn 0.8894 -0.1887 -0.4163
vn 0.9600 -0.0538 -0.2748
vn 0.9857 -0.0427 -0.1632
vn 0.8859 -0.0697 -0.4586
vn 0.7250 -0.3459 -0.5956
vn 0.7287 -0.2383 -0.6420
vn 0.4210 -0.4312 -0.7981
vn 0.4237 -0.4344 -0.7948
vn 0.2281 -0.4719 -0.8516
vn 0.2014 -0.2543 -0.9459
vn 0.2298 -0.4564 -0.8596
vn 0.3839 -0.0438 -0.9223
vn 0.4200 -0.2753 -0.8648
vn 0.2256 -0.2727 -0.9353
vn 0.2122 -0.1143 -0.9705
vn 0.1754 -0.0623 -0.9825
vn 0.7187 -0.0888 -0.6896
vn 0.4092 -0.1086 -0.9059
vn 0.2049 -0.1746 -0.9631
vn 0.3664 -0.1686 -0.9150
vn 0.1514 -0.1924 -0.9696
vn 0.4085 -0.1538 -0.8997
vn 0.3922 -0.4252 -0.8158
vn 0.1967 -0.4553 -0.8684
vn 0.3120 -0.6262 -0.7145
vn 0.1149 -0.6629 -0.7399
vn 0.0597 -0.9632 -0.2620
vn 0.1828 -0.9437 -0.2755
vn 0.0158 -0.9968 0.0781
vn 0.6376 -0.5511 -0.5383
vn 0.7046 -0.1306 -0.6975
vn 0.0659 -0.9961 0.0594
vn -0.0367 -0.8817 0.4704
vn 0.4096 -0.8894 -0.2029
vn 0.8288 -0.4848 -0.2793
vn 0.8993 -0.1160 -0.4217
vn 0.8822 -0.4686 -0.0470
vn 0.5620 -0.8254 -0.0529
vn 0.1573 -0.9836 0.0883
vn 0.6040 -0.7889 0.1130
vn 0.2161 -0.9642 0.1535
vn -0.0834 -0.8906 0.4470
vn -0.1122 -0.4620 0.8797
vn -0.1991 -0.8863 0.4182
vn -0.3019 -0.4840 0.8213
vn -0.1379 -0.1690 0.9759
vn -0.3908 -0.1880 0.9011
vn -0.5998 -0.4846 0.6367
vn -0.7392 -0.2142 0.6385
vn -0.2860 -0.8915 0.3514
vn -0.7562 -0.5096 0.4104
vn -0.9013 -0.2499 0.3538
vn 0.2146 -0.9482 0.2342
vn -0.3150 -0.9019 0.2954
vn -0.8020 -0.5466 0.2407
vn -0.9451 -0.2787 0.1707
vn 0.5822 -0.7850 0.2118
vn 0.1955 -0.9385 0.2846
vn 0.2150 -0.9261 0.3101
vn -0.3568 -0.8912 0.2802
vn -0.3267 -0.9028 0.2796
vn -0.2818 -0.9267 0.2487
vn -0.8271 -0.5279 0.1932
vn -0.9507 -0.2834 0.1258
vn -0.8239 -0.5422 0.1650
vn -0.9541 -0.2877 0.0837
vn -0.8136 -0.5766 0.0752
vn -0.9521 -0.3043 -0.0307
vn -0.2754 -0.9413 0.1951
vn -0.7996 -0.5984 -0.0505
vn -0.9292 -0.3243 -0.1775
vn -0.7398 -0.6342 -0.2248
vn -0.8526 -0.3528 -0.3855
vn -0.5589 -0.6788 -0.4764
vn -0.6322 -0.3944 -0.6669
vn -0.2602 -0.7151 -0.6488
vn -0.2898 -0.4256 -0.8572
vn -0.0921 -0.7134 -0.6947
vn -0.1034 -0.4297 -0.8970
vn 0.9932 -0.1168 -0.0025
vn 0.9467 -0.3221 -0.0058
vn 1.0000 -0.0000 -0.0000
vn 0.8950 -0.4461 -0.0051
vn 0.9686 0.0811 0.2349
vn 0.9589 0.0141 0.2836
vn 0.8287 0.0294 0.5590
vn 0.7681 0.1481 0.6229
vn 0.9096 0.2493 0.3323
vn 0.6335 0.3568 0.6866
vn 0.8353 0.4425 0.3263
vn 0.8327 0.5537 -0.0050
vn 0.9566 0.2914 -0.0026
vn 0.7499 0.6615 -0.0062
vn 0.9336 0.3582 -0.0038
vn 0.6808 0.7324 -0.0130
vn 0.9151 0.4014 -0.0375
vn 0.7482 0.6410 -0.1713
vn 0.8901 0.3958 -0.2258
vn 0.5898 0.7133 -0.3786
vn 0.9983 0.0318 -0.0491
vn 0.7025 0.5371 -0.4669
vn 0.3866 0.7893 -0.4769
vn 0.9607 0.1555 -0.2301
vn 0.9986 0.0209 -0.0486
vn 0.4637 0.6617 -0.5892
vn 0.1820 0.8444 -0.5038
vn 0.7910 0.3548 -0.4984
vn 0.9645 0.1108 -0.2395
vn 0.9989 0.0047 -0.0456
vn 0.9839 -0.1667 -0.0645
vn 0.9721 0.0234 -0.2335
vn 0.8044 0.2438 -0.5418
vn 0.5527 0.4934 -0.6716
vn 0.9188 -0.3938 -0.0273
vn 0.9639 -0.1021 -0.2460
vn 0.8841 -0.4665 -0.0288
vn 0.9169 -0.3533 -0.1858
vn 0.8540 -0.5053 -0.1239
vn 0.8287 0.0720 -0.5550
vn 0.8192 -0.3173 -0.4778
vn 0.5315 0.3898 -0.7520
vn 0.8500 -0.0838 -0.5201
vn 0.5740 0.1241 -0.8094
vn 0.5903 -0.0461 -0.8059
vn 0.4304 0.1043 -0.8966
vn 0.4238 0.4201 -0.8024
vn 0.4279 -0.0342 -0.9032
vn 0.2265 0.6931 -0.6843
vn 0.5819 -0.2475 -0.7747
vn 0.4241 -0.2340 -0.8749
vn 0.5352 -0.4805 -0.6948
vn 0.4015 -0.4545 -0.7951
vn 0.2661 0.6208 -0.7374
vn 0.7539 -0.5311 -0.3867
vn 0.5297 -0.5648 -0.6327
vn 0.3108 -0.5251 -0.7922
vn -0.0833 0.8301 -0.5513
vn -0.0676 0.8717 -0.4854
vn -0.2792 0.9321 -0.2308
vn -0.3702 0.8804 -0.2966
vn 0.7462 -0.5840 -0.3196
vn 0.5476 -0.6113 -0.5714
vn 0.8454 -0.5260 -0.0930
vn -0.2449 0.7962 -0.5532
vn -0.6815 0.6855 -0.2564
vn 0.2772 0.6215 -0.7327
vn 0.2498 0.6344 -0.7315
vn -0.4367 0.6935 -0.5730
vn -0.8301 0.5065 -0.2331
vn -0.8385 0.5054 -0.2036
vn -0.4837 0.7184 -0.5000
vn -0.8822 0.4591 -0.1048
vn -0.4319 0.8026 -0.4115
vn 0.1697 0.7608 -0.6264
vn 0.8740 -0.4504 0.1822
vn 0.8981 -0.4357 0.0595
vn 0.8892 -0.4575 -0.0061
vn 0.8969 -0.4377 0.0632
vn 0.9332 -0.3112 0.1796
vn 0.9272 -0.3741 -0.0170
vn 0.8767 -0.4800 -0.0316
vn 0.9090 -0.4146 -0.0427
vn 0.8758 -0.4737 -0.0923
vn 0.9438 -0.3176 -0.0917
vn 0.9459 -0.3220 0.0411
vn 0.7655 -0.5818 -0.2748
vn 0.8304 -0.4909 -0.2635
vn 0.6029 -0.6135 -0.5101
vn 0.2858 -0.6224 -0.7287
vn 0.8951 -0.3412 -0.2869
vn 0.6864 -0.4893 -0.5381
vn 0.3495 -0.5712 -0.7427
vn 0.7457 -0.3338 -0.5766
vn 0.3887 -0.4523 -0.8027
vn 0.1635 -0.4777 -0.8632
vn 0.1430 -0.5706 -0.8087
vn 0.1706 -0.3483 -0.9217
vn 0.1234 -0.5875 -0.7998
vn 0.0994 -0.5264 -0.8444
vn 0.2430 -0.5615 -0.7910
vn 0.0847 -0.4581 -0.8849
vn 0.4100 -0.3073 -0.8587
vn 0.1745 -0.1155 -0.9779
vn 0.4138 -0.0759 -0.9072
vn 0.1691 0.1634 -0.9720
vn 0.7739 -0.1509 -0.6151
vn 0.9358 -0.1642 -0.3121
vn 0.7427 0.0797 -0.6649
vn 0.3772 0.1715 -0.9101
vn 0.3640 0.2964 -0.8830
vn 0.1734 0.3337 -0.9266
vn 0.9751 -0.1833 -0.1244
vn 0.9338 0.1127 -0.3395
vn 0.9906 -0.0046 -0.1365
vn 0.9735 -0.2247 -0.0423
vn 0.9935 -0.0964 -0.0601
vn 0.9871 -0.1598 0.0043
vn 0.9806 -0.1232 0.1526
vn 0.9990 -0.0426 -0.0156
vn 0.9933 -0.0098 0.1154
vn 0.9934 0.1003 -0.0565
vn 0.9538 0.2684 -0.1352
vn 0.9850 0.1718 0.0155
vn 0.9324 0.3603 -0.0297
vn 0.8702 0.2847 -0.4022
vn 0.9178 0.3505 -0.1866
vn 0.6913 0.2095 -0.6915
vn 0.9627 0.1379 -0.2326
vn 0.6927 0.2203 -0.6868
vn 0.8835 0.1616 -0.4396
vn 0.9236 0.3803 -0.0489
vn 0.9091 0.4112 0.0666
vn 0.9858 0.1372 -0.0972
vn 0.9648 0.2153 0.1510
vn 0.9171 0.3941 0.0602
vn 0.8782 0.4348 0.1994
vn 0.9560 0.0186 0.2927
vn 0.9177 0.2572 0.3028
vn 0.8920 0.4133 0.1830
vn 0.8281 0.4624 0.3169
vn 0.9388 -0.1288 0.3196
vn 0.8907 0.0721 0.4487
vn 0.9893 0.1456 -0.0020
vn 0.8773 -0.3420 0.3366
vn 0.8790 -0.1140 0.4631
vn 0.8305 -0.2899 0.4756
vn 0.8010 -0.4754 0.3639
vn 0.7634 -0.4270 0.4847
vn 0.6936 -0.2845 0.6618
vn 0.7487 -0.1085 0.6540
vn 0.7712 0.1551 0.6174
vn 0.8477 0.3184 0.4243
vn 0.7256 0.4083 0.5539
vn 0.6561 0.5527 0.5138
vn 0.7633 0.5023 0.4064
vn 0.8429 0.4521 0.2918
vn 0.7753 0.4999 0.3861
vn 0.6622 0.5632 0.4943
vn 0.9773 0.1799 0.1121
vn 0.9391 0.2413 0.2446
vn 0.8688 0.3271 0.3717
vn 0.7450 0.4350 0.5057
vn 0.8144 0.2934 0.5007
vn 0.9272 0.1682 0.3348
vn 0.9806 0.0647 0.1853
vn 0.9994 -0.0170 0.0315
vn 0.9892 0.0182 0.1457
vn 0.9933 -0.0910 -0.0706
vn 0.9985 -0.0511 -0.0219
vn 0.9783 -0.1530 -0.1395
vn 0.9850 -0.1180 -0.1259
vn 0.9519 -0.2652 -0.1536
vn 0.9687 -0.1001 -0.2271
vn 0.9447 -0.2603 -0.1994
vn 0.9157 -0.0134 -0.4016
vn 0.9094 -0.3691 -0.1914
vn 0.7535 0.1629 -0.6369
vn 0.9262 -0.1653 -0.3390
vn 0.4324 0.3269 -0.8404
vn 0.2431 0.3970 -0.8851
vn 0.8045 -0.0329 -0.5930
vn 0.5393 0.1824 -0.8221
vn 0.2196 0.0997 -0.9705
vn 0.8754 -0.3635 -0.3188
vn 0.7619 -0.3831 -0.5222
vn 0.5252 -0.3598 -0.7711
vn 0.1652 -0.3674 -0.9153
vn 0.0383 -0.0005 -0.9993
vn 0.0365 -0.3697 -0.9284
vn 0.1399 -0.7805 -0.6094
vn 0.0268 -0.7666 -0.6416
vn 0.1261 -0.8324 -0.5396
vn 0.7382 -0.6076 -0.2929
vn 0.4912 -0.7463 -0.4491
vn 0.2915 -0.8258 -0.4828
vn 0.1920 -0.6583 -0.7278
vn 0.6075 -0.7096 -0.3570
vn 0.3832 -0.6223 -0.6825
vn 0.2060 -0.2657 -0.9418
vn 0.8543 -0.4701 -0.2215
vn 0.9222 -0.3461 -0.1724
vn 0.9197 -0.3376 -0.2005
vn 0.8424 -0.4508 -0.2951
vn 0.6961 -0.4581 -0.5529
vn 0.9759 -0.1269 -0.1773
vn 0.9336 -0.2292 -0.2756
vn 0.8770 -0.2390 -0.4168
vn 0.4061 -0.2280 -0.8849
vn 0.7056 -0.1257 -0.6974
vn 0.9480 -0.0547 -0.3134
vn 0.8664 -0.0407 -0.4976
vn 0.3964 -0.0920 -0.9135
vn 0.2045 -0.0914 -0.9746
vn 0.6947 -0.0803 -0.7148
vn 0.8739 -0.0691 -0.4812
vn 0.7002 -0.2309 -0.6756
vn 0.4020 -0.2505 -0.8807
vn 0.2165 -0.2559 -0.9422
vn 0.2059 -0.5147 -0.8323
vn 0.3864 -0.4889 -0.7821
vn 0.1868 -0.6167 -0.7647
vn 0.3676 -0.5866 -0.7217
vn 0.6827 -0.4127 -0.6030
vn 0.6643 -0.4862 -0.5677
vn 0.6977 -0.3284 -0.6367
vn 0.8745 -0.1967 -0.4434
vn 0.8526 -0.3247 -0.4094
vn 0.8378 -0.3734 -0.3984
vn 0.7123 -0.0993 -0.6948
vn 0.8625 -0.2317 -0.4499
vn 0.8770 -0.0546 -0.4774
vn 0.9525 -0.0355 -0.3025
vn 0.9420 -0.1545 -0.2980
vn 0.9773 -0.1088 -0.1818
vn 0.9981 -0.0503 -0.0348
vn 0.9295 -0.2636 -0.2578
vn 0.9748 -0.1609 -0.1547
vn 0.9790 -0.1522 -0.1359
vn 0.9387 -0.2371 -0.2502
vn 0.9978 -0.0632 -0.0192
vn 0.9858 -0.1037 -0.1317
vn 0.9540 -0.1437 -0.2633
vn 0.9578 -0.0672 -0.2794
vn 0.9884 -0.0612 -0.1391
vn 0.9986 -0.0510 -0.0135
vn 0.9860 -0.0419 -0.1611
vn 0.9514 -0.0246 -0.3071
vn 0.9811 -0.0579 -0.1849
vn 0.9982 -0.0504 -0.0310
vn 0.9919 -0.0052 0.1272
vn 0.9506 0.1018 0.2932
vn 0.9928 -0.0070 0.1196
vn 0.9625 0.0553 0.2656
vn 0.8533 0.2118 0.4764
vn 0.8769 0.1415 0.4593
vn 0.9650 0.0379 0.2597
vn 0.8867 0.1039 0.4506
vn 0.9924 0.0010 0.1231
vn 0.9641 0.0370 0.2629
vn 0.9902 0.0035 0.1396
vn 0.8897 0.0884 0.4479
vn 0.9612 0.0326 0.2738
vn 0.1376 0.9904 0.0100
vn 0.2659 0.9638 0.0195
vn 0.1249 0.9167 -0.3795
vn 0.2451 0.9041 -0.3500
vn 0.1824 0.6707 -0.7190
vn 0.1118 0.6771 -0.7274
vn 0.1958 0.7585 -0.6216
vn 0.2375 0.9710 0.0266
vn 0.1090 0.9665 -0.2322
vn 0.6051 0.7740 -0.1865
vn 0.2083 0.9720 -0.1085
vn 0.6018 0.7808 0.1679
vn 0.1235 0.9922 0.0165
vn 0.2270 0.9730 0.0405
vn 0.1378 0.9899 0.0325
vn 0.2355 0.9674 0.0937
vn -0.0540 0.9975 0.0449
vn -0.1338 0.9830 0.1259
vn 0.2062 0.9725 0.1085
vn 0.1775 0.7781 0.6026
vn 0.1042 0.9646 0.2421
vn 0.1226 0.9199 0.3725
vn 0.0933 0.7001 0.7079
vn 0.1850 0.6844 0.7052
vn 0.2436 0.9058 0.3467
vn 0.1332 0.9911 -0.0010
vn 0.2607 0.9654 -0.0020
vn 0.1284 0.9917 -0.0016
vn 0.2539 0.9672 -0.0038
vn -0.1267 0.9887 -0.0802
vn 0.1282 0.9917 -0.0040
vn 0.2504 0.9681 -0.0091
vn 0.1309 0.9911 -0.0256
vn 0.2268 0.9723 -0.0565
vn 0.1030 0.9923 -0.0693
vn 0.1722 0.9774 -0.1225
vn 0.0666 0.9947 -0.0789
vn 0.1182 0.9809 -0.1547
vn -0.1544 0.9760 -0.1535
vn -0.6463 0.7603 -0.0646
vn -0.7203 0.6868 -0.0974
vn -0.9068 0.4207 -0.0260
vn -0.9133 0.4033 -0.0563
vn -0.6176 0.7842 0.0610
vn -0.9042 0.4270 0.0090
vn -0.7493 0.6610 0.0399
vn -0.8725 0.4882 -0.0182
vn 0.9165 0.0374 -0.3983
vn 0.9105 0.2662 -0.3163
vn 0.9143 0.3932 -0.0975
vn 0.9242 -0.0000 -0.3820
vn 0.7081 -0.0000 -0.7061
vn 0.7097 0.0658 -0.7015
vn 0.9226 0.0077 0.3857
vn 0.9106 0.1462 -0.3866
vn 0.7135 0.2479 -0.6553
vn 0.7112 0.4529 -0.5377
vn 0.9102 0.3568 -0.2102
vn 0.7122 0.6050 -0.3559
vn 0.7089 0.6847 -0.1696
vn 0.7094 0.7047 -0.0125
vn 0.9151 0.4032 -0.0071
vn 0.9081 0.4000 0.1242
vn 0.7153 0.6670 0.2084
vn 0.7101 0.5636 0.4220
vn 0.9132 0.3263 0.2442
vn 0.7096 0.4458 0.5456
vn 0.9152 0.2553 0.3119
vn 0.9003 0.1217 0.4179
vn 0.7069 0.0142 0.7072
vn 0.7103 0.2142 0.6705
vt 0.600098 0.212646
vt 0.600098 0.211182
vt 0.602051 0.211304
vt 0.602051 0.212646
vt 0.586426 0.212646
vt 0.604004 0.211304
vt 0.586426 0.211060
vt 0.604004 0.212646
vt 0.585449 0.212646
vt 0.605957 0.211426
vt 0.585449 0.210938
vt 0.605957 0.212646
vt 0.584473 0.212646
vt 0.607910 0.211426
vt 0.584473 0.210938
vt 0.607910 0.212646
vt 0.581055 0.212646
vt 0.614258 0.211670
vt 0.581055 0.210938
vt 0.614746 0.212646
vt 0.614746 0.212158
vt 0.614746 0.211792
vt 0.580078 0.210938
vt 0.580078 0.212646
vt 0.577637 0.210938
vt 0.569336 0.212646
vt 0.569824 0.211060
vt 0.569336 0.211670
vt 0.569824 0.211304
vt 0.513672 0.679688
vt 0.513184 0.681641
vt 0.505859 0.679688
vt 0.505859 0.682617
vt 0.506348 0.677734
vt 0.519531 0.682129
vt 0.514160 0.676270
vt 0.520020 0.678711
vt 0.525879 0.681641
vt 0.519043 0.684082
vt 0.495361 0.679688
vt 0.513184 0.684082
vt 0.524902 0.684570
vt 0.518555 0.686523
vt 0.524414 0.687012
vt 0.509766 0.694824
vt 0.523926 0.689453
vt 0.523926 0.695312
vt 0.509766 0.695801
vt 0.523926 0.696289
vt 0.508789 0.695312
vt 0.508789 0.696289
vt 0.507324 0.696289
vt 0.507812 0.696777
vt 0.505859 0.699707
vt 0.526367 0.696289
vt 0.525879 0.697266
vt 0.504883 0.699219
vt 0.505371 0.700684
vt 0.495850 0.682617
vt 0.528320 0.697754
vt 0.527344 0.698242
vt 0.530762 0.691895
vt 0.529297 0.699707
vt 0.528809 0.700195
vt 0.530762 0.689941
vt 0.541016 0.692383
vt 0.531250 0.687500
vt 0.541504 0.690430
vt 0.532227 0.684570
vt 0.541992 0.687988
vt 0.549316 0.689941
vt 0.533203 0.681152
vt 0.542480 0.685059
vt 0.526855 0.678223
vt 0.549805 0.687500
vt 0.548828 0.692383
vt 0.557129 0.689453
vt 0.556641 0.691895
vt 0.557617 0.687012
vt 0.562988 0.690430
vt 0.550293 0.685059
vt 0.543457 0.682129
vt 0.558594 0.683594
vt 0.534668 0.677734
vt 0.551758 0.681152
vt 0.545410 0.677734
vt 0.537109 0.673340
vt 0.532715 0.669922
vt 0.529297 0.674316
vt 0.524902 0.670898
vt 0.529297 0.666992
vt 0.520996 0.675293
vt 0.520996 0.666992
vt 0.515625 0.671387
vt 0.525879 0.663086
vt 0.506348 0.671387
vt 0.530762 0.660156
vt 0.510254 0.662598
vt 0.521484 0.656250
vt 0.516113 0.659668
vt 0.526855 0.653320
vt 0.513184 0.651855
vt 0.506836 0.655273
vt 0.518555 0.648926
vt 0.511719 0.645508
vt 0.533691 0.663574
vt 0.531738 0.651367
vt 0.536621 0.666504
vt 0.535156 0.657227
vt 0.537598 0.660156
vt 0.540527 0.669434
vt 0.539062 0.654785
vt 0.536133 0.649414
vt 0.541016 0.657227
vt 0.540039 0.663086
vt 0.543457 0.659668
vt 0.543457 0.665527
vt 0.546875 0.662109
vt 0.547363 0.673828
vt 0.549805 0.669434
vt 0.552246 0.665527
vt 0.553711 0.676758
vt 0.555664 0.672363
vt 0.558105 0.667969
vt 0.560059 0.679688
vt 0.562012 0.675293
vt 0.563477 0.670410
vt 0.565430 0.681641
vt 0.566895 0.677246
vt 0.568848 0.672363
vt 0.570801 0.677734
vt 0.572266 0.673828
vt 0.569824 0.680664
vt 0.573242 0.678223
vt 0.574707 0.674805
vt 0.573730 0.678711
vt 0.575195 0.675293
vt 0.572754 0.681152
vt 0.572266 0.681152
vt 0.572266 0.684082
vt 0.569336 0.683105
vt 0.571289 0.684082
vt 0.571777 0.685059
vt 0.568359 0.686523
vt 0.572266 0.685059
vt 0.564453 0.685059
vt 0.573242 0.686035
vt 0.574219 0.686035
vt 0.571777 0.687012
vt 0.574707 0.687500
vt 0.575195 0.687012
vt 0.573730 0.687500
vt 0.575684 0.687988
vt 0.576172 0.687988
vt 0.574707 0.688477
vt 0.573242 0.688965
vt 0.575195 0.688965
vt 0.575684 0.688965
vt 0.576172 0.688477
vt 0.576660 0.689941
vt 0.576172 0.689941
vt 0.577148 0.692383
vt 0.576660 0.692871
vt 0.575195 0.690430
vt 0.577637 0.693359
vt 0.577148 0.693848
vt 0.578125 0.693359
vt 0.575195 0.692383
vt 0.578125 0.694336
vt 0.579590 0.693359
vt 0.575195 0.694336
vt 0.576660 0.695312
vt 0.579590 0.694336
vt 0.573242 0.690918
vt 0.579102 0.695312
vt 0.581543 0.694336
vt 0.581543 0.693359
vt 0.581543 0.695312
vt 0.583496 0.694336
vt 0.583496 0.693359
vt 0.583496 0.695312
vt 0.585938 0.694336
vt 0.585938 0.693359
vt 0.585938 0.695312
vt 0.587891 0.694336
vt 0.587891 0.693359
vt 0.590332 0.693359
vt 0.587891 0.695312
vt 0.590332 0.694336
vt 0.592285 0.693359
vt 0.592285 0.694336
vt 0.594238 0.693359
vt 0.590332 0.695312
vt 0.587891 0.695801
vt 0.585938 0.695801
vt 0.587891 0.696289
vt 0.585938 0.696289
vt 0.590332 0.695801
vt 0.590332 0.696289
vt 0.583496 0.695801
vt 0.583496 0.696289
vt 0.581543 0.695801
vt 0.581543 0.696289
vt 0.579102 0.695801
vt 0.579102 0.696289
vt 0.576660 0.695801
vt 0.576660 0.696289
vt 0.575195 0.695801
vt 0.575195 0.696289
vt 0.575195 0.695312
vt 0.574219 0.695801
vt 0.574219 0.696289
vt 0.573730 0.696289
vt 0.573730 0.696777
vt 0.574219 0.695312
vt 0.574219 0.694336
vt 0.572754 0.696777
vt 0.573242 0.697266
vt 0.573242 0.695801
vt 0.572754 0.694824
vt 0.573242 0.692871
vt 0.571777 0.698730
vt 0.572266 0.698730
vt 0.568848 0.703125
vt 0.572266 0.696777
vt 0.568359 0.703125
vt 0.570312 0.694824
vt 0.570801 0.698730
vt 0.569824 0.696289
vt 0.567871 0.703613
vt 0.567871 0.704102
vt 0.567871 0.702637
vt 0.567383 0.704102
vt 0.567383 0.704590
vt 0.566895 0.703613
vt 0.566406 0.704102
vt 0.566406 0.705078
vt 0.568848 0.698242
vt 0.565430 0.702637
vt 0.563965 0.704590
vt 0.563477 0.705078
vt 0.563965 0.705566
vt 0.562500 0.702148
vt 0.562500 0.704590
vt 0.562500 0.705078
vt 0.562500 0.705566
vt 0.561035 0.705078
vt 0.561035 0.705566
vt 0.561523 0.706055
vt 0.564941 0.698242
vt 0.559082 0.702148
vt 0.566406 0.696289
vt 0.561035 0.697754
vt 0.562012 0.696289
vt 0.566895 0.694824
vt 0.562500 0.694824
vt 0.556152 0.695801
vt 0.556152 0.693848
vt 0.562988 0.692871
vt 0.566895 0.692871
vt 0.548340 0.694336
vt 0.555176 0.697266
vt 0.570801 0.692871
vt 0.566895 0.690918
vt 0.570801 0.690918
vt 0.563477 0.688477
vt 0.567383 0.688965
vt 0.571289 0.688965
vt 0.483887 0.684570
vt 0.483154 0.682129
vt 0.482910 0.680176
vt 0.488037 0.706055
vt 0.495117 0.677734
vt 0.506348 0.675293
vt 0.494873 0.675293
vt 0.482666 0.677246
vt 0.469482 0.681152
vt 0.494629 0.672363
vt 0.482178 0.674316
vt 0.470703 0.677734
vt 0.481445 0.669922
vt 0.468506 0.684082
vt 0.472168 0.672852
vt 0.468018 0.678711
vt 0.466309 0.682129
vt 0.468262 0.686035
vt 0.465576 0.685059
vt 0.463135 0.680176
vt 0.468750 0.687988
vt 0.462402 0.683594
vt 0.465332 0.687012
vt 0.462158 0.686035
vt 0.457764 0.681641
vt 0.462402 0.687988
vt 0.465088 0.674805
vt 0.457764 0.684570
vt 0.457764 0.687012
vt 0.453857 0.686523
vt 0.453857 0.684082
vt 0.454102 0.688477
vt 0.458008 0.688477
vt 0.454346 0.690918
vt 0.458252 0.690430
vt 0.458740 0.709473
vt 0.453613 0.681152
vt 0.448975 0.682617
vt 0.448975 0.680176
vt 0.454102 0.676758
vt 0.449707 0.675781
vt 0.450439 0.672363
vt 0.461426 0.708496
vt 0.459473 0.711426
vt 0.462646 0.689941
vt 0.462402 0.710449
vt 0.460693 0.713379
vt 0.466309 0.707520
vt 0.465820 0.688965
vt 0.469482 0.707031
vt 0.467041 0.709473
vt 0.472656 0.706543
vt 0.463623 0.713379
vt 0.478516 0.707520
vt 0.469971 0.708984
vt 0.463623 0.713867
vt 0.460449 0.713867
vt 0.461182 0.714355
vt 0.463379 0.714355
vt 0.473389 0.708496
vt 0.464111 0.713867
vt 0.464355 0.714844
vt 0.464355 0.713379
vt 0.466553 0.713379
vt 0.465332 0.714355
vt 0.465088 0.714844
vt 0.464844 0.714844
vt 0.469238 0.718262
vt 0.469727 0.717773
vt 0.469727 0.718750
vt 0.470215 0.718262
vt 0.470215 0.717773
vt 0.470703 0.718262
vt 0.470947 0.717285
vt 0.471436 0.717773
vt 0.469482 0.712402
vt 0.473389 0.716309
vt 0.473633 0.716797
vt 0.472656 0.711914
vt 0.476074 0.715820
vt 0.476318 0.716309
vt 0.475586 0.711426
vt 0.478760 0.715332
vt 0.479004 0.716309
vt 0.482422 0.714844
vt 0.482666 0.715820
vt 0.489746 0.713867
vt 0.489990 0.714355
vt 0.505371 0.711426
vt 0.505371 0.711914
vt 0.506348 0.711426
vt 0.505859 0.710938
vt 0.504395 0.703125
vt 0.505371 0.703125
vt 0.504395 0.700195
vt 0.540527 0.694336
vt 0.547852 0.696289
vt 0.553223 0.701172
vt 0.546875 0.700195
vt 0.540039 0.699219
vt 0.529785 0.702148
vt 0.529297 0.702148
vt 0.529297 0.708496
vt 0.530273 0.708984
vt 0.529297 0.708984
vt 0.530273 0.709473
vt 0.538574 0.709961
vt 0.539062 0.709473
vt 0.543945 0.709961
vt 0.539062 0.707031
vt 0.543945 0.709473
vt 0.548828 0.710449
vt 0.539551 0.703613
vt 0.544434 0.707031
vt 0.549316 0.709473
vt 0.552734 0.710449
vt 0.545410 0.704102
vt 0.550293 0.707520
vt 0.553223 0.709961
vt 0.553711 0.710449
vt 0.551758 0.704590
vt 0.554688 0.708008
vt 0.554688 0.709961
vt 0.554688 0.710449
vt 0.556641 0.705566
vt 0.557129 0.708008
vt 0.555176 0.709961
vt 0.555176 0.710938
vt 0.555664 0.710449
vt 0.557617 0.708496
vt 0.558594 0.707031
vt 0.559082 0.707031
vt 0.559570 0.707520
vt 0.559082 0.706055
vt 0.559570 0.706543
vt 0.560059 0.707031
vt 0.560547 0.706543
vt 0.560547 0.706055
vt 0.560547 0.705566
vt 0.558105 0.703613
vt 0.294189 0.861328
vt 0.296631 0.860352
vt 0.296875 0.861328
vt 0.294434 0.862305
vt 0.299072 0.859863
vt 0.298584 0.858887
vt 0.300293 0.857422
vt 0.299316 0.857422
vt 0.299805 0.854980
vt 0.300537 0.854980
vt 0.290771 0.862305
vt 0.290771 0.863281
vt 0.300293 0.852051
vt 0.286133 0.862305
vt 0.285889 0.863281
vt 0.281250 0.862305
vt 0.281006 0.863281
vt 0.276367 0.861816
vt 0.276123 0.862793
vt 0.268311 0.854980
vt 0.271729 0.861328
vt 0.271240 0.862305
vt 0.270020 0.860352
vt 0.269287 0.860840
vt 0.268799 0.858887
vt 0.267822 0.859375
vt 0.267090 0.854980
vt 0.268799 0.850586
vt 0.267822 0.850098
vt 0.269287 0.848633
vt 0.270020 0.849121
vt 0.271240 0.847656
vt 0.271729 0.848145
vt 0.276123 0.846680
vt 0.276367 0.847656
vt 0.281006 0.846191
vt 0.281250 0.847168
vt 0.285889 0.846191
vt 0.286133 0.847168
vt 0.290771 0.846191
vt 0.290771 0.847656
vt 0.294434 0.847168
vt 0.294189 0.848145
vt 0.296875 0.848145
vt 0.296631 0.849121
vt 0.299072 0.849609
vt 0.299316 0.852051
vt 0.298584 0.850586
vt 0.451660 0.663574
vt 0.456299 0.663086
vt 0.456055 0.666992
vt 0.451416 0.666992
vt 0.451172 0.660645
vt 0.455566 0.670410
vt 0.450928 0.669922
vt 0.455078 0.673340
vt 0.458496 0.676758
vt 0.459473 0.672852
vt 0.466553 0.670898
vt 0.459961 0.669434
vt 0.460449 0.666504
vt 0.467285 0.667480
vt 0.473145 0.668457
vt 0.468018 0.664551
vt 0.460938 0.662598
vt 0.473877 0.665527
vt 0.481201 0.666016
vt 0.493408 0.666992
vt 0.455811 0.659668
vt 0.503906 0.664551
vt 0.455322 0.657715
vt 0.450684 0.658691
vt 0.500977 0.658203
vt 0.491943 0.662109
vt 0.499756 0.652832
vt 0.452148 0.649902
vt 0.447754 0.650879
vt 0.481201 0.662598
vt 0.491211 0.658203
vt 0.449463 0.644531
vt 0.443115 0.644043
vt 0.474365 0.662598
vt 0.481201 0.660156
vt 0.490723 0.655273
vt 0.468018 0.657715
vt 0.473633 0.655762
vt 0.480225 0.653320
vt 0.460693 0.659180
vt 0.473145 0.653809
vt 0.467285 0.655273
vt 0.459961 0.656738
vt 0.457031 0.649902
vt 0.464111 0.648438
vt 0.470459 0.646484
vt 0.479736 0.651367
vt 0.453613 0.644531
vt 0.460449 0.642578
vt 0.467529 0.639648
vt 0.477783 0.644043
vt 0.489502 0.648438
vt 0.489014 0.645996
vt 0.499268 0.649902
vt 0.497803 0.642578
vt 0.505371 0.649414
vt 0.504883 0.645508
vt 0.497314 0.640625
vt 0.503906 0.638184
vt 0.511719 0.641602
vt 0.518066 0.642090
vt 0.510254 0.634277
vt 0.524414 0.646484
vt 0.517578 0.638184
vt 0.523926 0.639160
vt 0.529785 0.644531
vt 0.535156 0.643555
vt 0.529785 0.637695
vt 0.535156 0.636719
vt 0.523926 0.635254
vt 0.529785 0.633789
vt 0.535645 0.633301
vt 0.517090 0.630859
vt 0.523438 0.628906
vt 0.529785 0.627930
vt 0.536621 0.627930
vt 0.529785 0.625488
vt 0.537109 0.625488
vt 0.523438 0.626465
vt 0.516602 0.628906
vt 0.510254 0.632324
vt 0.530273 0.621094
vt 0.537598 0.620605
vt 0.523438 0.622070
vt 0.516602 0.624512
vt 0.509766 0.627441
vt 0.531250 0.612793
vt 0.538086 0.612305
vt 0.523926 0.614258
vt 0.517090 0.617188
vt 0.509766 0.620117
vt 0.531250 0.603516
vt 0.538574 0.602539
vt 0.524414 0.605469
vt 0.517090 0.607910
vt 0.509766 0.610352
vt 0.531250 0.597168
vt 0.538086 0.596191
vt 0.524414 0.598633
vt 0.517090 0.600586
vt 0.509766 0.602539
vt 0.530762 0.589355
vt 0.537598 0.587891
vt 0.523926 0.590820
vt 0.516602 0.592285
vt 0.509277 0.593750
vt 0.529297 0.580078
vt 0.536133 0.578613
vt 0.522949 0.581543
vt 0.516113 0.583008
vt 0.509277 0.583984
vt 0.527832 0.570801
vt 0.534180 0.568848
vt 0.531250 0.559570
vt 0.521484 0.572266
vt 0.524902 0.562012
vt 0.528809 0.553711
vt 0.515137 0.573242
vt 0.519043 0.563477
vt 0.522461 0.556152
vt 0.525879 0.548340
vt 0.508301 0.574219
vt 0.513184 0.564453
vt 0.516602 0.557617
vt 0.520020 0.551270
vt 0.521973 0.543457
vt 0.502441 0.575195
vt 0.517090 0.546875
vt 0.519531 0.541016
vt 0.514648 0.552734
vt 0.511230 0.558594
vt 0.506836 0.565430
vt 0.515625 0.544434
vt 0.517090 0.538574
vt 0.512695 0.548340
vt 0.509277 0.553711
vt 0.505371 0.559570
vt 0.501465 0.565918
vt 0.503906 0.554199
vt 0.507812 0.549316
vt 0.511230 0.546387
vt 0.500000 0.559570
vt 0.495850 0.566406
vt 0.513672 0.541504
vt 0.510742 0.538086
vt 0.512695 0.535645
vt 0.510254 0.543945
vt 0.506836 0.546875
vt 0.510254 0.537109
vt 0.512207 0.535156
vt 0.509277 0.536133
vt 0.511230 0.534180
vt 0.507324 0.537598
vt 0.507812 0.538574
vt 0.504883 0.538574
vt 0.507812 0.539551
vt 0.504883 0.539551
vt 0.501953 0.538574
vt 0.506348 0.544434
vt 0.504883 0.540527
vt 0.501953 0.539551
vt 0.498779 0.538574
vt 0.498535 0.540039
vt 0.494141 0.538574
vt 0.501953 0.540527
vt 0.502441 0.544922
vt 0.502441 0.547363
vt 0.493896 0.539551
vt 0.489746 0.538086
vt 0.498535 0.540527
vt 0.498535 0.544922
vt 0.498535 0.547363
vt 0.489502 0.539062
vt 0.485107 0.538086
vt 0.493896 0.540527
vt 0.493652 0.544434
vt 0.493652 0.546875
vt 0.484863 0.539062
vt 0.480713 0.537598
vt 0.489258 0.540039
vt 0.489014 0.543945
vt 0.488770 0.545898
vt 0.484619 0.540039
vt 0.483887 0.543945
vt 0.488525 0.548340
vt 0.480225 0.538574
vt 0.478516 0.537109
vt 0.480225 0.539551
vt 0.477783 0.538086
vt 0.476562 0.536133
vt 0.483154 0.545898
vt 0.479004 0.543457
vt 0.477295 0.539062
vt 0.475830 0.537109
vt 0.473389 0.533203
vt 0.472656 0.533691
vt 0.474854 0.538086
vt 0.471680 0.534668
vt 0.475342 0.542480
vt 0.472168 0.540527
vt 0.468750 0.536621
vt 0.478271 0.545410
vt 0.474121 0.544434
vt 0.469971 0.542480
vt 0.466064 0.539062
vt 0.482910 0.547852
vt 0.468506 0.544434
vt 0.463867 0.541016
vt 0.460693 0.546875
vt 0.472900 0.546387
vt 0.466309 0.549316
vt 0.458740 0.554199
vt 0.477783 0.547363
vt 0.471924 0.551270
vt 0.464844 0.555664
vt 0.457031 0.562500
vt 0.477539 0.552734
vt 0.471191 0.557129
vt 0.463379 0.563965
vt 0.461670 0.571777
vt 0.455322 0.570312
vt 0.470215 0.564941
vt 0.477539 0.558594
vt 0.482910 0.553223
vt 0.460449 0.576172
vt 0.454102 0.575195
vt 0.468750 0.572266
vt 0.467529 0.577148
vt 0.459717 0.580566
vt 0.453125 0.579590
vt 0.452637 0.583496
vt 0.466553 0.581055
vt 0.459229 0.584473
vt 0.452393 0.588379
vt 0.466064 0.584961
vt 0.473633 0.581543
vt 0.458740 0.588867
vt 0.457275 0.596680
vt 0.451172 0.595703
vt 0.465820 0.589844
vt 0.455322 0.604004
vt 0.448975 0.602539
vt 0.464355 0.597168
vt 0.462402 0.604492
vt 0.454102 0.608398
vt 0.447754 0.606934
vt 0.461182 0.608398
vt 0.453369 0.612793
vt 0.446777 0.611328
vt 0.446289 0.615723
vt 0.460693 0.613281
vt 0.453125 0.616699
vt 0.446045 0.620605
vt 0.468018 0.612793
vt 0.460449 0.617188
vt 0.468018 0.617188
vt 0.452637 0.621582
vt 0.460449 0.622070
vt 0.450928 0.627930
vt 0.444336 0.626465
vt 0.459229 0.628418
vt 0.448975 0.633789
vt 0.441895 0.632324
vt 0.457520 0.633301
vt 0.443604 0.639160
vt 0.439697 0.638184
vt 0.438721 0.641113
vt 0.450928 0.639648
vt 0.443115 0.642090
vt 0.438232 0.643066
vt 0.448730 0.642578
vt 0.452148 0.642090
vt 0.458008 0.638184
vt 0.458984 0.640137
vt 0.466797 0.637695
vt 0.466309 0.635254
vt 0.475586 0.636230
vt 0.475342 0.634277
vt 0.467041 0.631836
vt 0.474854 0.632324
vt 0.485840 0.630859
vt 0.487549 0.639160
vt 0.496338 0.634766
vt 0.485352 0.628418
vt 0.503418 0.636230
vt 0.502441 0.631348
vt 0.495117 0.626953
vt 0.502441 0.623535
vt 0.494629 0.624512
vt 0.502441 0.612305
vt 0.494385 0.613770
vt 0.501953 0.604004
vt 0.494385 0.604980
vt 0.502441 0.594727
vt 0.495117 0.595703
vt 0.502930 0.584961
vt 0.496094 0.585938
vt 0.496582 0.576172
vt 0.487549 0.590332
vt 0.488525 0.580566
vt 0.489502 0.572754
vt 0.488037 0.585938
vt 0.489014 0.576660
vt 0.481201 0.581543
vt 0.480469 0.585938
vt 0.481934 0.577148
vt 0.482666 0.572754
vt 0.474609 0.577148
vt 0.475830 0.572754
vt 0.477051 0.565918
vt 0.483398 0.565918
vt 0.483398 0.559082
vt 0.489746 0.565918
vt 0.489258 0.559570
vt 0.494873 0.559570
vt 0.488770 0.553711
vt 0.493896 0.554199
vt 0.499268 0.554688
vt 0.493408 0.548828
vt 0.498535 0.549805
vt 0.502930 0.549805
vt 0.781738 0.950684
vt 0.781738 0.950195
vt 0.789062 0.950684
vt 0.789062 0.951172
vt 0.789551 0.950684
vt 0.789551 0.950195
vt 0.777344 0.950195
vt 0.789062 0.949707
vt 0.790039 0.949707
vt 0.789551 0.949219
vt 0.809082 0.949707
vt 0.776855 0.949707
vt 0.773438 0.949707
vt 0.809570 0.949219
vt 0.772461 0.948730
vt 0.769531 0.948730
vt 0.770508 0.948242
vt 0.768066 0.948242
vt 0.809570 0.950195
vt 0.810059 0.949707
vt 0.810059 0.951172
vt 0.809570 0.951172
vt 0.810059 0.951660
vt 0.823730 0.951172
vt 0.823730 0.951660
vt 0.837891 0.948242
vt 0.829590 0.950684
vt 0.830078 0.951660
vt 0.832520 0.950684
vt 0.833008 0.951660
vt 0.834473 0.950684
vt 0.834961 0.951172
vt 0.836914 0.949707
vt 0.836914 0.950195
vt 0.837891 0.948730
vt 0.838867 0.948730
vt 0.839355 0.948242
vt 0.838379 0.947266
vt 0.839844 0.947266
vt 0.838379 0.946289
vt 0.839844 0.946289
vt 0.769043 0.947266
vt 0.768555 0.946289
vt 0.767090 0.947266
vt 0.767090 0.946289
vt 0.484375 0.620117
vt 0.484863 0.625000
vt 0.484131 0.615723
vt 0.476318 0.626465
vt 0.484131 0.611328
vt 0.476318 0.621094
vt 0.476074 0.616699
vt 0.476074 0.612305
vt 0.468262 0.622070
vt 0.468018 0.627930
vt 0.474854 0.630371
vt 0.468750 0.608398
vt 0.476562 0.607422
vt 0.469727 0.604004
vt 0.471680 0.597168
vt 0.477539 0.603516
vt 0.484619 0.606445
vt 0.485352 0.602051
vt 0.479248 0.597168
vt 0.486572 0.596680
vt 0.480225 0.590332
vt 0.472900 0.589844
vt 0.473145 0.585449
vt 0.883789 0.265381
vt 0.885254 0.268555
vt 0.880859 0.263672
vt 0.885254 0.275391
vt 0.886230 0.275391
vt 0.886230 0.268555
vt 0.862793 0.275391
vt 0.884766 0.266846
vt 0.885742 0.266602
vt 0.884766 0.264648
vt 0.882324 0.264160
vt 0.882812 0.263428
vt 0.881348 0.262695
vt 0.867676 0.260986
vt 0.867676 0.261963
vt 0.866699 0.261963
vt 0.866699 0.261230
vt 0.865723 0.261719
vt 0.866211 0.262451
vt 0.863281 0.263916
vt 0.863770 0.264404
vt 0.863281 0.265137
vt 0.861816 0.275391
vt 0.862305 0.264893
vt 0.678223 0.487061
vt 0.679688 0.489014
vt 0.676270 0.486572
vt 0.679688 0.487549
vt 0.674316 0.486328
vt 0.680176 0.487793
vt 0.680176 0.489014
vt 0.681152 0.487793
vt 0.669922 0.488037
vt 0.681152 0.489258
vt 0.672363 0.486084
vt 0.669922 0.486084
vt 0.667969 0.486084
vt 0.665527 0.486328
vt 0.683594 0.487793
vt 0.660645 0.489014
vt 0.663574 0.486572
vt 0.661621 0.487061
vt 0.660645 0.487549
vt 0.659668 0.487793
vt 0.659668 0.489014
vt 0.686035 0.489502
vt 0.685059 0.488037
vt 0.685547 0.488281
vt 0.686523 0.490967
vt 0.686523 0.492920
vt 0.597656 0.694336
vt 0.598633 0.693848
vt 0.599121 0.695312
vt 0.597656 0.693359
vt 0.598633 0.693359
vt 0.596680 0.693359
vt 0.596680 0.694336
vt 0.596680 0.695312
vt 0.594727 0.694336
vt 0.594727 0.695312
vt 0.592285 0.695312
vt 0.592773 0.695801
vt 0.592773 0.696289
vt 0.594727 0.695801
vt 0.594727 0.696289
vt 0.596680 0.695801
vt 0.596680 0.696289
vt 0.599121 0.695801
vt 0.599121 0.696289
vt 1.679688 0.487793
vt 1.679688 0.489014
vt 1.680664 0.487793
vt 1.680664 0.489258
vt 1.683594 0.487793
vt 1.685547 0.489502
vt 1.684570 0.488037
vt 1.685547 0.488281
vt 1.686523 0.490967
vt 1.686523 0.492920
vt 1.599609 0.211182
vt 1.599609 0.212646
vt 1.601562 0.211304
vt 1.585938 0.212646
vt 1.601562 0.212646
vt 1.585938 0.211060
vt 1.603516 0.211304
vt 1.584961 0.212646
vt 1.603516 0.212646
vt 1.584961 0.210938
vt 1.605469 0.211426
vt 1.583984 0.212646
vt 1.605469 0.212646
vt 1.583984 0.210938
vt 1.607422 0.211426
vt 1.581055 0.212646
vt 1.607422 0.212646
vt 1.581055 0.210938
vt 1.614258 0.211670
vt 1.580078 0.210938
vt 1.614258 0.212646
vt 1.614258 0.212158
vt 1.614258 0.211792
vt 1.580078 0.212646
vt 1.577148 0.210938
vt 1.569336 0.212646
vt 1.569336 0.211060
vt 1.569336 0.211670
vt 1.569336 0.211304
vt 1.512695 0.681641
vt 1.513672 0.679688
vt 1.505859 0.679688
vt 1.505859 0.682617
vt 1.519531 0.682129
vt 1.505859 0.677734
vt 1.518555 0.684082
vt 1.519531 0.678711
vt 1.513672 0.676270
vt 1.495117 0.679688
vt 1.512695 0.684082
vt 1.524414 0.684570
vt 1.525391 0.681641
vt 1.526367 0.678223
vt 1.524414 0.687012
vt 1.518555 0.686523
vt 1.509766 0.694824
vt 1.523438 0.689453
vt 1.523438 0.695312
vt 1.509766 0.695801
vt 1.523438 0.696289
vt 1.508789 0.695312
vt 1.508789 0.696289
vt 1.506836 0.696289
vt 1.507812 0.696777
vt 1.505859 0.699707
vt 1.526367 0.696289
vt 1.525391 0.697266
vt 1.504883 0.699219
vt 1.504883 0.700684
vt 1.495117 0.682617
vt 1.528320 0.697754
vt 1.527344 0.698242
vt 1.530273 0.691895
vt 1.529297 0.699707
vt 1.528320 0.700195
vt 1.530273 0.689941
vt 1.529297 0.702148
vt 1.529297 0.708496
vt 1.531250 0.687500
vt 1.541016 0.692383
vt 1.532227 0.684570
vt 1.541016 0.690430
vt 1.541992 0.687988
vt 1.533203 0.681152
vt 1.541992 0.685059
vt 1.549805 0.687500
vt 1.548828 0.689941
vt 1.548828 0.692383
vt 1.556641 0.689453
vt 1.542969 0.682129
vt 1.556641 0.691895
vt 1.549805 0.685059
vt 1.557617 0.687012
vt 1.562500 0.690430
vt 1.555664 0.693848
vt 1.558594 0.683594
vt 1.562500 0.692871
vt 1.563477 0.688477
vt 1.566406 0.692871
vt 1.566406 0.690918
vt 1.567383 0.688965
vt 1.566406 0.694824
vt 1.562500 0.694824
vt 1.570312 0.694824
vt 1.561523 0.696289
vt 1.566406 0.696289
vt 1.569336 0.696289
vt 1.564453 0.698242
vt 1.555664 0.695801
vt 1.560547 0.697754
vt 1.547852 0.694336
vt 1.554688 0.697266
vt 1.562500 0.702148
vt 1.547852 0.696289
vt 1.558594 0.702148
vt 1.552734 0.701172
vt 1.540039 0.694336
vt 1.546875 0.700195
vt 1.540039 0.699219
vt 1.551758 0.704590
vt 1.544922 0.704102
vt 1.539062 0.703613
vt 1.539062 0.707031
vt 1.543945 0.707031
vt 1.530273 0.708984
vt 1.529297 0.708984
vt 1.530273 0.709473
vt 1.538086 0.709961
vt 1.539062 0.709473
vt 1.543945 0.709961
vt 1.543945 0.709473
vt 1.548828 0.710449
vt 1.548828 0.709473
vt 1.552734 0.710449
vt 1.549805 0.707520
vt 1.552734 0.709961
vt 1.553711 0.710449
vt 1.554688 0.708008
vt 1.556641 0.705566
vt 1.554688 0.709961
vt 1.554688 0.710449
vt 1.556641 0.708008
vt 1.554688 0.710938
vt 1.555664 0.710449
vt 1.557617 0.708496
vt 1.558594 0.707031
vt 1.559570 0.707520
vt 1.558594 0.706055
vt 1.559570 0.706543
vt 1.559570 0.707031
vt 1.560547 0.706543
vt 1.560547 0.706055
vt 1.561523 0.706055
vt 1.557617 0.703613
vt 1.560547 0.705566
vt 1.562500 0.705566
vt 1.560547 0.705078
vt 1.562500 0.705078
vt 1.563477 0.705566
vt 1.563477 0.705078
vt 1.562500 0.704590
vt 1.563477 0.704590
vt 1.565430 0.702637
vt 1.566406 0.704102
vt 1.566406 0.705078
vt 1.567383 0.704590
vt 1.568359 0.698242
vt 1.566406 0.703613
vt 1.567383 0.704102
vt 1.567383 0.703613
vt 1.568359 0.703125
vt 1.567383 0.702637
vt 1.571289 0.698730
vt 1.572266 0.698730
vt 1.570312 0.698730
vt 1.573242 0.697266
vt 1.572266 0.696777
vt 1.573242 0.696777
vt 1.573242 0.695801
vt 1.573242 0.696289
vt 1.574219 0.696289
vt 1.574219 0.695801
vt 1.575195 0.696289
vt 1.574219 0.695312
vt 1.572266 0.694824
vt 1.570312 0.692871
vt 1.575195 0.695801
vt 1.576172 0.696289
vt 1.576172 0.695801
vt 1.576172 0.695312
vt 1.575195 0.695312
vt 1.575195 0.694336
vt 1.574219 0.694336
vt 1.577148 0.693848
vt 1.573242 0.692871
vt 1.575195 0.692383
vt 1.576172 0.692871
vt 1.577148 0.693359
vt 1.577148 0.692383
vt 1.570312 0.690918
vt 1.573242 0.690918
vt 1.575195 0.690430
vt 1.576172 0.689941
vt 1.571289 0.688965
vt 1.573242 0.688965
vt 1.575195 0.688965
vt 1.576172 0.688477
vt 1.576172 0.687988
vt 1.575195 0.687988
vt 1.575195 0.687012
vt 1.574219 0.688477
vt 1.574219 0.687500
vt 1.574219 0.686035
vt 1.573242 0.687500
vt 1.573242 0.686035
vt 1.572266 0.685059
vt 1.571289 0.687012
vt 1.571289 0.685059
vt 1.572266 0.684082
vt 1.568359 0.686523
vt 1.571289 0.684082
vt 1.572266 0.681152
vt 1.569336 0.683105
vt 1.564453 0.685059
vt 1.565430 0.681641
vt 1.569336 0.680664
vt 1.573242 0.678223
vt 1.573242 0.678711
vt 1.574219 0.674805
vt 1.575195 0.675293
vt 1.572266 0.673828
vt 1.570312 0.677734
vt 1.568359 0.672363
vt 1.566406 0.677246
vt 1.563477 0.670410
vt 1.561523 0.675293
vt 1.557617 0.667969
vt 1.559570 0.679688
vt 1.555664 0.672363
vt 1.551758 0.665527
vt 1.551758 0.681152
vt 1.553711 0.676758
vt 1.549805 0.669434
vt 1.546875 0.662109
vt 1.544922 0.677734
vt 1.546875 0.673828
vt 1.542969 0.665527
vt 1.542969 0.659668
vt 1.540039 0.669434
vt 1.540039 0.663086
vt 1.541016 0.657227
vt 1.537109 0.673340
vt 1.536133 0.666504
vt 1.537109 0.660156
vt 1.539062 0.654785
vt 1.534180 0.677734
vt 1.532227 0.669922
vt 1.533203 0.663574
vt 1.529297 0.674316
vt 1.529297 0.666992
vt 1.535156 0.657227
vt 1.536133 0.649414
vt 1.530273 0.660156
vt 1.531250 0.651367
vt 1.529297 0.644531
vt 1.535156 0.643555
vt 1.526367 0.653320
vt 1.529297 0.637695
vt 1.535156 0.636719
vt 1.524414 0.646484
vt 1.523438 0.639160
vt 1.529297 0.633789
vt 1.535156 0.633301
vt 1.523438 0.635254
vt 1.529297 0.627930
vt 1.536133 0.627930
vt 1.523438 0.628906
vt 1.529297 0.625488
vt 1.537109 0.625488
vt 1.523438 0.626465
vt 1.530273 0.621094
vt 1.537109 0.620605
vt 1.523438 0.622070
vt 1.531250 0.612793
vt 1.538086 0.612305
vt 1.523438 0.614258
vt 1.531250 0.603516
vt 1.538086 0.602539
vt 1.524414 0.605469
vt 1.531250 0.597168
vt 1.538086 0.596191
vt 1.524414 0.598633
vt 1.530273 0.589355
vt 1.537109 0.587891
vt 1.523438 0.590820
vt 1.529297 0.580078
vt 1.536133 0.578613
vt 1.522461 0.581543
vt 1.527344 0.570801
vt 1.534180 0.568848
vt 1.531250 0.559570
vt 1.521484 0.572266
vt 1.524414 0.562012
vt 1.528320 0.553711
vt 1.522461 0.556152
vt 1.525391 0.548340
vt 1.518555 0.563477
vt 1.514648 0.573242
vt 1.515625 0.583008
vt 1.519531 0.551270
vt 1.521484 0.543457
vt 1.516602 0.557617
vt 1.512695 0.564453
vt 1.507812 0.574219
vt 1.516602 0.546875
vt 1.519531 0.541016
vt 1.514648 0.552734
vt 1.510742 0.558594
vt 1.506836 0.565430
vt 1.515625 0.544434
vt 1.516602 0.538574
vt 1.512695 0.548340
vt 1.508789 0.553711
vt 1.504883 0.559570
vt 1.500977 0.565918
vt 1.501953 0.575195
vt 1.500000 0.559570
vt 1.503906 0.554199
vt 1.507812 0.549316
vt 1.510742 0.546387
vt 1.495117 0.566406
vt 1.513672 0.541504
vt 1.510742 0.538086
vt 1.512695 0.535645
vt 1.509766 0.543945
vt 1.506836 0.546875
vt 1.507812 0.539551
vt 1.505859 0.544434
vt 1.502930 0.549805
vt 1.501953 0.547363
vt 1.504883 0.540527
vt 1.501953 0.544922
vt 1.499023 0.554688
vt 1.498047 0.549805
vt 1.498047 0.547363
vt 1.494141 0.559570
vt 1.498047 0.544922
vt 1.493164 0.554199
vt 1.493164 0.548828
vt 1.493164 0.546875
vt 1.488281 0.548340
vt 1.488281 0.553711
vt 1.489258 0.559570
vt 1.489258 0.565918
vt 1.483398 0.559082
vt 1.483398 0.565918
vt 1.489258 0.572754
vt 1.496094 0.576172
vt 1.482422 0.572754
vt 1.482422 0.553223
vt 1.476562 0.565918
vt 1.477539 0.558594
vt 1.488281 0.576660
vt 1.475586 0.572754
vt 1.481445 0.577148
vt 1.488281 0.580566
vt 1.469727 0.564941
vt 1.496094 0.585938
vt 1.470703 0.557129
vt 1.480469 0.581543
vt 1.474609 0.577148
vt 1.468750 0.572266
vt 1.462891 0.563965
vt 1.487305 0.585938
vt 1.473633 0.581543
vt 1.480469 0.585938
vt 1.487305 0.590332
vt 1.472656 0.585449
vt 1.466797 0.577148
vt 1.465820 0.581055
vt 1.460938 0.571777
vt 1.459961 0.576172
vt 1.455078 0.570312
vt 1.457031 0.562500
vt 1.454102 0.575195
vt 1.464844 0.555664
vt 1.458984 0.580566
vt 1.453125 0.579590
vt 1.452148 0.583496
vt 1.458008 0.554199
vt 1.465820 0.584961
vt 1.458984 0.584473
vt 1.452148 0.588379
vt 1.465820 0.549316
vt 1.459961 0.546875
vt 1.458008 0.588867
vt 1.457031 0.596680
vt 1.451172 0.595703
vt 1.467773 0.544434
vt 1.463867 0.541016
vt 1.465820 0.539062
vt 1.469727 0.542480
vt 1.468750 0.536621
vt 1.472656 0.546387
vt 1.471680 0.551270
vt 1.471680 0.540527
vt 1.471680 0.534668
vt 1.473633 0.544434
vt 1.477539 0.547363
vt 1.477539 0.552734
vt 1.482422 0.547852
vt 1.477539 0.545410
vt 1.474609 0.542480
vt 1.482422 0.545898
vt 1.478516 0.543457
vt 1.474609 0.538086
vt 1.472656 0.533691
vt 1.476562 0.539062
vt 1.475586 0.537109
vt 1.472656 0.533203
vt 1.476562 0.536133
vt 1.477539 0.538086
vt 1.478516 0.537109
vt 1.479492 0.539551
vt 1.479492 0.538574
vt 1.480469 0.537598
vt 1.483398 0.543945
vt 1.484375 0.540039
vt 1.484375 0.539062
vt 1.484375 0.538086
vt 1.488281 0.545898
vt 1.488281 0.543945
vt 1.493164 0.544434
vt 1.489258 0.540039
vt 1.493164 0.540527
vt 1.498047 0.540527
vt 1.489258 0.539062
vt 1.489258 0.538086
vt 1.493164 0.539551
vt 1.494141 0.538574
vt 1.498047 0.540039
vt 1.498047 0.538574
vt 1.501953 0.540527
vt 1.501953 0.539551
vt 1.501953 0.538574
vt 1.504883 0.539551
vt 1.504883 0.538574
vt 1.507812 0.538574
vt 1.506836 0.537598
vt 1.509766 0.537109
vt 1.508789 0.536133
vt 1.511719 0.535156
vt 1.510742 0.534180
vt 1.483398 0.684570
vt 1.482422 0.682129
vt 1.487305 0.706055
vt 1.482422 0.680176
vt 1.503906 0.700195
vt 1.503906 0.703125
vt 1.504883 0.703125
vt 1.505859 0.710938
vt 1.504883 0.711426
vt 1.505859 0.711426
vt 1.504883 0.711914
vt 1.489258 0.714355
vt 1.489258 0.713867
vt 1.482422 0.715820
vt 1.482422 0.714844
vt 1.478516 0.716309
vt 1.478516 0.707520
vt 1.478516 0.715332
vt 1.475586 0.716309
vt 1.475586 0.715820
vt 1.473633 0.716797
vt 1.475586 0.711426
vt 1.472656 0.716309
vt 1.470703 0.717773
vt 1.472656 0.711914
vt 1.472656 0.708496
vt 1.470703 0.717285
vt 1.470703 0.718262
vt 1.468750 0.712402
vt 1.469727 0.708984
vt 1.472656 0.706543
vt 1.468750 0.687988
vt 1.468750 0.707031
vt 1.466797 0.709473
vt 1.465820 0.713379
vt 1.467773 0.686035
vt 1.465820 0.688965
vt 1.467773 0.684082
vt 1.464844 0.687012
vt 1.464844 0.685059
vt 1.465820 0.707520
vt 1.461914 0.687988
vt 1.461914 0.710449
vt 1.461914 0.689941
vt 1.460938 0.708496
vt 1.458008 0.690430
vt 1.458008 0.709473
vt 1.458984 0.711426
vt 1.454102 0.690918
vt 1.459961 0.713379
vt 1.458008 0.688477
vt 1.454102 0.688477
vt 1.457031 0.687012
vt 1.453125 0.686523
vt 1.462891 0.713379
vt 1.461914 0.686035
vt 1.457031 0.684570
vt 1.453125 0.684082
vt 1.462891 0.713867
vt 1.459961 0.713867
vt 1.460938 0.714355
vt 1.462891 0.714355
vt 1.461914 0.683594
vt 1.457031 0.681641
vt 1.465820 0.682129
vt 1.463867 0.713867
vt 1.463867 0.714844
vt 1.463867 0.713379
vt 1.464844 0.714355
vt 1.464844 0.714844
vt 1.468750 0.718262
vt 1.469727 0.717773
vt 1.469727 0.718750
vt 1.469727 0.718262
vt 1.505859 0.675293
vt 1.495117 0.677734
vt 1.482422 0.677246
vt 1.494141 0.675293
vt 1.505859 0.671387
vt 1.481445 0.674316
vt 1.468750 0.681152
vt 1.470703 0.677734
vt 1.467773 0.678711
vt 1.471680 0.672852
vt 1.494141 0.672363
vt 1.462891 0.680176
vt 1.464844 0.674805
vt 1.458008 0.676758
vt 1.454102 0.676758
vt 1.465820 0.670898
vt 1.458984 0.672852
vt 1.455078 0.673340
vt 1.459961 0.669434
vt 1.455078 0.670410
vt 1.450195 0.669922
vt 1.450195 0.672363
vt 1.451172 0.666992
vt 1.449219 0.675781
vt 1.448242 0.680176
vt 1.453125 0.681152
vt 1.448242 0.682617
vt 1.456055 0.666992
vt 1.451172 0.663574
vt 1.456055 0.663086
vt 1.451172 0.660645
vt 1.459961 0.666504
vt 1.466797 0.667480
vt 1.460938 0.662598
vt 1.455078 0.659668
vt 1.455078 0.657715
vt 1.450195 0.658691
vt 1.472656 0.668457
vt 1.467773 0.664551
vt 1.473633 0.665527
vt 1.481445 0.669922
vt 1.480469 0.666016
vt 1.493164 0.666992
vt 1.503906 0.664551
vt 1.491211 0.662109
vt 1.500977 0.658203
vt 1.480469 0.662598
vt 1.473633 0.662598
vt 1.491211 0.658203
vt 1.480469 0.660156
vt 1.467773 0.657715
vt 1.473633 0.655762
vt 1.459961 0.659180
vt 1.472656 0.653809
vt 1.459961 0.656738
vt 1.466797 0.655273
vt 1.479492 0.653320
vt 1.490234 0.655273
vt 1.479492 0.651367
vt 1.499023 0.652832
vt 1.489258 0.648438
vt 1.499023 0.649902
vt 1.506836 0.655273
vt 1.504883 0.649414
vt 1.497070 0.642578
vt 1.504883 0.645508
vt 1.509766 0.662598
vt 1.512695 0.651855
vt 1.488281 0.645996
vt 1.515625 0.671387
vt 1.515625 0.659668
vt 1.520508 0.666992
vt 1.520508 0.675293
vt 1.524414 0.670898
vt 1.525391 0.663086
vt 1.521484 0.656250
vt 1.518555 0.648926
vt 1.511719 0.645508
vt 1.517578 0.642090
vt 1.517578 0.638184
vt 1.511719 0.641602
vt 1.503906 0.638184
vt 1.509766 0.634277
vt 1.516602 0.630859
vt 1.497070 0.640625
vt 1.502930 0.636230
vt 1.509766 0.632324
vt 1.516602 0.628906
vt 1.516602 0.624512
vt 1.509766 0.627441
vt 1.501953 0.631348
vt 1.496094 0.634766
vt 1.501953 0.623535
vt 1.487305 0.639160
vt 1.495117 0.626953
vt 1.485352 0.630859
vt 1.477539 0.644043
vt 1.475586 0.636230
vt 1.469727 0.646484
vt 1.466797 0.639648
vt 1.463867 0.648438
vt 1.466797 0.637695
vt 1.457031 0.649902
vt 1.459961 0.642578
vt 1.452148 0.649902
vt 1.447266 0.650879
vt 1.453125 0.644531
vt 1.449219 0.644531
vt 1.442383 0.644043
vt 1.458984 0.640137
vt 1.452148 0.642090
vt 1.448242 0.642578
vt 1.442383 0.642090
vt 1.437500 0.643066
vt 1.438477 0.641113
vt 1.443359 0.639160
vt 1.439453 0.638184
vt 1.441406 0.632324
vt 1.458008 0.638184
vt 1.450195 0.639648
vt 1.448242 0.633789
vt 1.444336 0.626465
vt 1.457031 0.633301
vt 1.450195 0.627930
vt 1.445312 0.620605
vt 1.465820 0.635254
vt 1.474609 0.634277
vt 1.474609 0.632324
vt 1.466797 0.631836
vt 1.458984 0.628418
vt 1.485352 0.628418
vt 1.474609 0.630371
vt 1.467773 0.627930
vt 1.452148 0.621582
vt 1.459961 0.622070
vt 1.475586 0.626465
vt 1.467773 0.622070
vt 1.453125 0.616699
vt 1.446289 0.615723
vt 1.459961 0.617188
vt 1.467773 0.617188
vt 1.459961 0.613281
vt 1.453125 0.612793
vt 1.446289 0.611328
vt 1.447266 0.606934
vt 1.454102 0.608398
vt 1.448242 0.602539
vt 1.455078 0.604004
vt 1.460938 0.608398
vt 1.461914 0.604492
vt 1.463867 0.597168
vt 1.467773 0.612793
vt 1.468750 0.608398
vt 1.469727 0.604004
vt 1.465820 0.589844
vt 1.471680 0.597168
vt 1.472656 0.589844
vt 1.479492 0.590332
vt 1.478516 0.597168
vt 1.486328 0.596680
vt 1.495117 0.595703
vt 1.477539 0.603516
vt 1.485352 0.602051
vt 1.484375 0.606445
vt 1.476562 0.607422
vt 1.494141 0.604980
vt 1.483398 0.611328
vt 1.475586 0.612305
vt 1.475586 0.616699
vt 1.483398 0.615723
vt 1.494141 0.613770
vt 1.484375 0.620117
vt 1.475586 0.621094
vt 1.484375 0.625000
vt 1.494141 0.624512
vt 1.501953 0.612305
vt 1.509766 0.620117
vt 1.501953 0.604004
vt 1.509766 0.610352
vt 1.516602 0.617188
vt 1.516602 0.607910
vt 1.509766 0.602539
vt 1.516602 0.600586
vt 1.501953 0.594727
vt 1.508789 0.593750
vt 1.502930 0.584961
vt 1.516602 0.592285
vt 1.508789 0.583984
vt 1.781250 0.950195
vt 1.781250 0.950684
vt 1.789062 0.950684
vt 1.789062 0.951172
vt 1.789062 0.950195
vt 1.777344 0.950195
vt 1.789062 0.949707
vt 1.790039 0.949707
vt 1.789062 0.949219
vt 1.808594 0.949707
vt 1.776367 0.949707
vt 1.773438 0.949707
vt 1.772461 0.948730
vt 1.769531 0.948730
vt 1.770508 0.948242
vt 1.767578 0.948242
vt 1.809570 0.949219
vt 1.809570 0.950195
vt 1.809570 0.949707
vt 1.809570 0.951172
vt 1.809570 0.951660
vt 1.823242 0.951172
vt 1.823242 0.951660
vt 1.829102 0.950684
vt 1.830078 0.951660
vt 1.837891 0.948242
vt 1.832031 0.950684
vt 1.833008 0.951660
vt 1.833984 0.950684
vt 1.834961 0.951172
vt 1.836914 0.949707
vt 1.836914 0.950195
vt 1.837891 0.948730
vt 1.838867 0.948730
vt 1.838867 0.948242
vt 1.837891 0.947266
vt 1.839844 0.947266
vt 1.837891 0.946289
vt 1.839844 0.946289
vt 1.768555 0.947266
vt 1.768555 0.946289
vt 1.766602 0.947266
vt 1.766602 0.946289
vt 1.884766 0.268555
vt 1.883789 0.265381
vt 1.880859 0.263672
vt 1.884766 0.275391
vt 1.885742 0.275391
vt 1.885742 0.268555
vt 1.862305 0.275391
vt 1.884766 0.266846
vt 1.885742 0.266602
vt 1.884766 0.264648
vt 1.881836 0.264160
vt 1.882812 0.263428
vt 1.880859 0.262695
vt 1.867188 0.260986
vt 1.867188 0.261963
vt 1.866211 0.261963
vt 1.866211 0.261230
vt 1.865234 0.261719
vt 1.866211 0.262451
vt 1.863281 0.263916
vt 1.863281 0.264404
vt 1.863281 0.265137
vt 1.861328 0.275391
vt 1.862305 0.264893
s 1
f 2/1/1 3/2/2 1/3/3
f 644/4/4 2/1/1 1/3/3
f 3/2/2 2/1/1 643/5/5
f 644/4/4 1/3/3 6/6/6
f 642/7/7 3/2/2 643/5/5
f 5/8/8 644/4/4 6/6/6
f 642/7/7 643/5/5 12/9/9
f 5/8/8 6/6/6 4/10/10
f 11/11/11 642/7/7 12/9/9
f 649/12/12 5/8/8 4/10/10
f 11/11/11 12/9/9 10/13/13
f 649/12/12 4/10/10 648/14/14
f 13/15/15 11/11/11 10/13/13
f 889/16/16 649/12/12 648/14/14
f 13/15/15 10/13/13 7/17/17
f 648/14/14 15/18/18 889/16/16
f 9/19/19 13/15/15 7/17/17
f 889/16/16 15/18/18 14/20/18
f 15/18/18 16/21/18 14/20/18
f 890/22/18 16/21/18 15/18/18
f 8/23/20 9/19/19 7/17/17
f 200/24/21 8/23/20 7/17/17
f 200/24/21 201/25/22 8/23/20
f 200/24/21 788/26/23 201/25/22
f 201/25/22 788/26/23 787/27/24
f 911/28/24 787/27/24 788/26/23
f 912/29/24 787/27/24 911/28/24
f 18/30/25 19/31/26 17/32/27
f 17/32/27 19/31/26 27/33/28
f 50/34/29 18/30/25 17/32/27
f 18/30/25 31/35/30 19/31/26
f 33/36/31 18/30/25 50/34/29
f 31/35/30 18/30/25 32/37/32
f 18/30/25 33/36/31 32/37/32
f 31/35/30 32/37/32 30/38/33
f 31/35/30 40/39/34 19/31/26
f 17/32/27 51/40/35 50/34/29
f 19/31/26 40/39/34 28/41/36
f 19/31/26 28/41/36 27/33/28
f 40/39/34 31/35/30 74/42/37
f 74/42/37 31/35/30 30/38/33
f 40/39/34 41/43/38 28/41/36
f 103/44/39 40/39/34 74/42/37
f 41/43/38 40/39/34 103/44/39
f 55/45/40 28/41/36 41/43/38
f 55/45/40 27/33/28 28/41/36
f 95/46/41 41/43/38 103/44/39
f 55/45/40 41/43/38 76/47/42
f 41/43/38 95/46/41 76/47/42
f 77/48/43 55/45/40 76/47/42
f 781/49/44 77/48/43 76/47/42
f 55/45/40 77/48/43 56/50/45
f 56/50/45 27/33/28 55/45/40
f 77/48/43 778/51/46 56/50/45
f 54/52/47 56/50/45 778/51/46
f 56/50/45 54/52/47 27/33/28
f 766/53/48 54/52/47 778/51/46
f 54/52/47 766/53/48 765/54/49
f 76/47/42 96/55/50 781/49/44
f 96/55/50 76/47/42 95/46/41
f 96/55/50 779/56/51 781/49/44
f 53/57/52 54/52/47 765/54/49
f 53/57/52 765/54/49 214/58/53
f 54/52/47 21/59/54 27/33/28
f 21/59/54 54/52/47 53/57/52
f 17/32/27 27/33/28 21/59/54
f 96/55/50 177/60/55 779/56/51
f 177/60/55 780/61/56 779/56/51
f 42/62/57 177/60/55 96/55/50
f 95/46/41 42/62/57 96/55/50
f 780/61/56 177/60/55 195/63/58
f 195/63/58 177/60/55 42/62/57
f 709/64/59 780/61/56 195/63/58
f 42/62/57 95/46/41 38/65/60
f 95/46/41 103/44/39 38/65/60
f 38/65/60 43/66/61 42/62/57
f 39/67/62 38/65/60 103/44/39
f 74/42/37 39/67/62 103/44/39
f 38/65/60 39/67/62 37/68/63
f 43/66/61 38/65/60 37/68/63
f 75/69/64 39/67/62 74/42/37
f 30/38/33 75/69/64 74/42/37
f 81/70/65 37/68/63 39/67/62
f 75/69/64 81/70/65 39/67/62
f 81/70/65 58/71/66 37/68/63
f 323/72/67 75/69/64 30/38/33
f 464/73/68 81/70/65 75/69/64
f 323/72/67 464/73/68 75/69/64
f 240/74/69 323/72/67 30/38/33
f 464/73/68 256/75/70 81/70/65
f 256/75/70 58/71/66 81/70/65
f 30/38/33 32/37/32 240/74/69
f 58/71/66 35/76/71 37/68/63
f 43/66/61 37/68/63 35/76/71
f 58/71/66 256/75/70 255/77/72
f 57/78/73 58/71/66 255/77/72
f 35/76/71 58/71/66 57/78/73
f 255/77/72 256/75/70 243/79/74
f 57/78/73 255/77/72 512/80/75
f 255/77/72 243/79/74 512/80/75
f 256/75/70 241/81/76 243/79/74
f 241/81/76 256/75/70 464/73/68
f 260/82/77 241/81/76 464/73/68
f 464/73/68 323/72/67 260/82/77
f 242/83/78 243/79/74 241/81/76
f 323/72/67 463/84/79 260/82/77
f 244/85/80 241/81/76 260/82/77
f 244/85/80 242/83/78 241/81/76
f 323/72/67 240/74/69 463/84/79
f 262/86/81 244/85/80 260/82/77
f 463/84/79 261/87/82 260/82/77
f 261/87/82 262/86/81 260/82/77
f 246/88/83 261/87/82 463/84/79
f 240/74/69 249/89/84 463/84/79
f 249/89/84 246/88/83 463/84/79
f 249/89/84 240/74/69 251/90/85
f 250/91/86 246/88/83 249/89/84
f 251/90/85 250/91/86 249/89/84
f 240/74/69 238/92/87 251/90/85
f 32/37/32 238/92/87 240/74/69
f 32/37/32 33/36/31 238/92/87
f 251/90/85 238/92/87 265/93/88
f 33/36/31 239/94/89 238/92/87
f 238/92/87 239/94/89 265/93/88
f 252/95/90 250/91/86 251/90/85
f 265/93/88 252/95/90 251/90/85
f 254/96/91 239/94/89 33/36/31
f 252/95/90 253/97/92 250/91/86
f 239/94/89 291/98/93 265/93/88
f 291/98/93 239/94/89 254/96/91
f 273/99/94 252/95/90 265/93/88
f 291/98/93 274/100/95 265/93/88
f 274/100/95 273/99/94 265/93/88
f 273/99/94 288/101/96 252/95/90
f 288/101/96 253/97/92 252/95/90
f 273/99/94 274/100/95 272/102/97
f 291/98/93 269/103/98 274/100/95
f 269/103/98 272/102/97 274/100/95
f 285/104/99 273/99/94 272/102/97
f 288/101/96 273/99/94 285/104/99
f 285/104/99 272/102/97 515/105/100
f 253/97/92 247/106/101 250/91/86
f 250/91/86 247/106/101 246/88/83
f 288/101/96 292/107/102 253/97/92
f 247/106/101 248/108/103 246/88/83
f 246/88/83 248/108/103 261/87/82
f 253/97/92 293/109/104 247/106/101
f 292/107/102 293/109/104 253/97/92
f 247/106/101 304/110/105 248/108/103
f 293/109/104 304/110/105 247/106/101
f 248/108/103 263/111/106 261/87/82
f 304/110/105 293/109/104 303/112/107
f 303/112/107 293/109/104 289/113/108
f 293/109/104 292/107/102 289/113/108
f 321/114/109 304/110/105 303/112/107
f 261/87/82 263/111/106 262/86/81
f 304/110/105 322/115/110 248/108/103
f 322/115/110 304/110/105 321/114/109
f 248/108/103 322/115/110 263/111/106
f 504/116/111 322/115/110 321/114/109
f 302/117/112 322/115/110 504/116/111
f 322/115/110 302/117/112 263/111/106
f 300/118/113 302/117/112 504/116/111
f 263/111/106 264/119/114 262/86/81
f 263/111/106 302/117/112 264/119/114
f 301/120/115 302/117/112 300/118/113
f 302/117/112 301/120/115 264/119/114
f 624/121/116 301/120/115 300/118/113
f 264/119/114 623/122/117 262/86/81
f 623/122/117 264/119/114 301/120/115
f 623/122/117 244/85/80 262/86/81
f 597/123/118 301/120/115 624/121/116
f 597/123/118 623/122/117 301/120/115
f 596/124/119 597/123/118 624/121/116
f 623/122/117 245/125/120 244/85/80
f 623/122/117 597/123/118 245/125/120
f 245/125/120 242/83/78 244/85/80
f 326/126/121 597/123/118 596/124/119
f 597/123/118 326/126/121 245/125/120
f 324/127/122 326/126/121 596/124/119
f 245/125/120 611/128/123 242/83/78
f 245/125/120 326/126/121 611/128/123
f 325/129/124 326/126/121 324/127/122
f 326/126/121 325/129/124 611/128/123
f 379/130/125 325/129/124 324/127/122
f 380/131/126 325/129/124 379/130/125
f 650/132/127 380/131/126 379/130/125
f 611/128/123 325/129/124 621/133/128
f 621/133/128 325/129/124 380/131/126
f 380/131/126 650/132/127 630/134/129
f 650/132/127 628/135/130 630/134/129
f 629/136/131 630/134/129 628/135/130
f 897/137/132 629/136/131 628/135/130
f 629/136/131 794/138/133 630/134/129
f 380/131/126 630/134/129 678/139/134
f 794/138/133 678/139/134 630/134/129
f 621/133/128 380/131/126 678/139/134
f 794/138/133 793/140/135 678/139/134
f 613/141/136 621/133/128 678/139/134
f 613/141/136 611/128/123 621/133/128
f 793/140/135 612/142/137 678/139/134
f 612/142/137 613/141/136 678/139/134
f 612/142/137 793/140/135 622/143/138
f 609/144/139 613/141/136 612/142/137
f 622/143/138 609/144/139 612/142/137
f 793/140/135 829/145/140 622/143/138
f 608/146/141 611/128/123 613/141/136
f 609/144/139 608/146/141 613/141/136
f 611/128/123 608/146/141 242/83/78
f 622/143/138 829/145/140 601/147/142
f 829/145/140 802/148/143 601/147/142
f 622/143/138 600/149/144 609/144/139
f 622/143/138 601/147/142 600/149/144
f 601/147/142 802/148/143 605/150/145
f 802/148/143 801/151/146 605/150/145
f 601/147/142 602/152/147 600/149/144
f 602/152/147 601/147/142 605/150/145
f 606/153/148 605/150/145 801/151/146
f 800/154/149 606/153/148 801/151/146
f 602/152/147 605/150/145 604/155/150
f 605/150/145 606/153/148 604/155/150
f 600/149/144 602/152/147 603/156/151
f 604/155/150 603/156/151 602/152/147
f 604/155/150 606/153/148 425/157/152
f 604/155/150 425/157/152 603/156/151
f 606/153/148 800/154/149 798/158/153
f 606/153/148 798/158/153 425/157/152
f 800/154/149 799/159/154 798/158/153
f 798/158/153 799/159/154 797/160/155
f 426/161/156 798/158/153 797/160/155
f 798/158/153 426/161/156 425/157/152
f 797/160/155 796/162/157 426/161/156
f 796/162/157 652/163/158 426/161/156
f 426/161/156 427/164/159 425/157/152
f 425/157/152 427/164/159 603/156/151
f 426/161/156 652/163/158 427/164/159
f 796/162/157 803/165/160 652/163/158
f 803/165/160 79/166/161 652/163/158
f 803/165/160 795/167/162 79/166/161
f 652/163/158 237/168/163 427/164/159
f 795/167/162 80/169/164 79/166/161
f 795/167/162 710/170/165 80/169/164
f 652/163/158 79/166/161 651/171/166
f 237/168/163 652/163/158 651/171/166
f 79/166/161 80/169/164 78/172/167
f 651/171/166 79/166/161 78/172/167
f 710/170/165 711/173/168 80/169/164
f 427/164/159 237/168/163 236/174/169
f 427/164/159 236/174/169 603/156/151
f 711/173/168 193/175/170 80/169/164
f 193/175/170 78/172/167 80/169/164
f 114/176/171 711/173/168 710/170/165
f 789/177/172 114/176/171 710/170/165
f 754/178/173 193/175/170 711/173/168
f 114/176/171 754/178/173 711/173/168
f 114/176/171 789/177/172 85/179/174
f 789/177/172 790/180/175 85/179/174
f 754/178/173 114/176/171 113/181/176
f 114/176/171 85/179/174 113/181/176
f 85/179/174 790/180/175 86/182/177
f 790/180/175 791/183/178 86/182/177
f 113/181/176 85/179/174 84/184/179
f 85/179/174 86/182/177 84/184/179
f 86/182/177 791/183/178 88/185/180
f 791/183/178 792/186/181 88/185/180
f 88/185/180 792/186/181 869/187/182
f 86/182/177 88/185/180 87/188/183
f 84/184/179 86/182/177 87/188/183
f 840/189/184 88/185/180 869/187/182
f 88/185/180 840/189/184 87/188/183
f 840/189/184 869/187/182 868/190/185
f 838/191/186 840/189/184 868/190/185
f 838/191/186 868/190/185 867/192/187
f 840/189/184 837/193/188 87/188/183
f 840/189/184 838/191/186 837/193/188
f 87/188/183 757/194/189 84/184/179
f 757/194/189 87/188/183 837/193/188
f 757/194/189 756/195/190 84/184/179
f 113/181/176 84/184/179 756/195/190
f 757/194/189 758/196/191 756/195/190
f 758/196/191 755/197/192 756/195/190
f 758/196/191 757/194/189 866/198/193
f 866/198/193 757/194/189 837/193/188
f 865/199/194 758/196/191 866/198/193
f 753/200/195 113/181/176 756/195/190
f 753/200/195 756/195/190 755/197/192
f 754/178/173 113/181/176 753/200/195
f 752/201/196 753/200/195 755/197/192
f 750/202/197 754/178/173 753/200/195
f 750/202/197 753/200/195 752/201/196
f 754/178/173 750/202/197 193/175/170
f 751/203/198 750/202/197 752/201/196
f 750/202/197 749/204/199 193/175/170
f 750/202/197 751/203/198 749/204/199
f 751/203/198 747/205/200 749/204/199
f 78/172/167 193/175/170 749/204/199
f 748/206/201 749/204/199 747/205/200
f 748/206/201 78/172/167 749/204/199
f 769/207/202 748/206/201 747/205/200
f 748/206/201 769/207/202 767/208/203
f 748/206/201 767/208/203 78/172/167
f 769/207/202 770/209/204 767/208/203
f 767/208/203 768/210/205 78/172/167
f 830/211/206 767/208/203 770/209/204
f 768/210/205 767/208/203 830/211/206
f 833/212/207 830/211/206 770/209/204
f 768/210/205 651/171/166 78/172/167
f 229/213/208 830/211/206 833/212/207
f 730/214/209 229/213/208 833/212/207
f 832/215/210 768/210/205 830/211/206
f 830/211/206 229/213/208 832/215/210
f 651/171/166 768/210/205 26/216/211
f 768/210/205 832/215/210 26/216/211
f 237/168/163 651/171/166 26/216/211
f 227/217/212 229/213/208 730/214/209
f 731/218/213 227/217/212 730/214/209
f 229/213/208 228/219/214 832/215/210
f 228/219/214 229/213/208 227/217/212
f 25/220/215 26/216/211 832/215/210
f 228/219/214 25/220/215 832/215/210
f 24/221/216 237/168/163 26/216/211
f 24/221/216 26/216/211 25/220/215
f 237/168/163 24/221/216 236/174/169
f 227/217/212 731/218/213 729/222/217
f 731/218/213 732/223/218 729/222/217
f 732/223/218 764/224/219 729/222/217
f 227/217/212 729/222/217 728/225/220
f 728/225/220 228/219/214 227/217/212
f 764/224/219 189/226/221 729/222/217
f 228/219/214 728/225/220 148/227/222
f 25/220/215 228/219/214 148/227/222
f 729/222/217 117/228/223 728/225/220
f 729/222/217 189/226/221 117/228/223
f 728/225/220 117/228/223 120/229/224
f 728/225/220 120/229/224 148/227/222
f 189/226/221 764/224/219 705/230/225
f 764/224/219 704/231/226 705/230/225
f 189/226/221 115/232/227 117/228/223
f 189/226/221 705/230/225 115/232/227
f 703/233/228 705/230/225 704/231/226
f 701/234/229 703/233/228 704/231/226
f 705/230/225 99/235/230 115/232/227
f 705/230/225 703/233/228 99/235/230
f 703/233/228 701/234/229 97/236/231
f 703/233/228 97/236/231 99/235/230
f 701/234/229 702/237/232 97/236/231
f 116/238/233 117/228/223 115/232/227
f 117/228/223 116/238/233 120/229/224
f 115/232/227 99/235/230 139/239/234
f 139/239/234 116/238/233 115/232/227
f 98/240/235 99/235/230 97/236/231
f 99/235/230 98/240/235 139/239/234
f 759/241/236 97/236/231 702/237/232
f 759/241/236 98/240/235 97/236/231
f 909/242/237 759/241/236 702/237/232
f 92/243/238 139/239/234 98/240/235
f 98/240/235 759/241/236 760/244/239
f 760/244/239 92/243/238 98/240/235
f 759/241/236 761/245/240 760/244/239
f 759/241/236 762/242/241 761/245/240
f 762/242/241 763/246/242 761/245/240
f 760/244/239 761/245/240 694/247/243
f 760/244/239 694/247/243 92/243/238
f 761/245/240 763/246/242 690/248/244
f 761/245/240 690/248/244 694/247/243
f 763/246/242 688/249/245 690/248/244
f 92/243/238 69/250/246 139/239/234
f 69/250/246 116/238/233 139/239/234
f 137/251/247 92/243/238 694/247/243
f 69/250/246 45/252/248 116/238/233
f 45/252/248 120/229/224 116/238/233
f 93/253/249 69/250/246 92/243/238
f 137/251/247 93/253/249 92/243/238
f 70/254/250 45/252/248 69/250/246
f 93/253/249 70/254/250 69/250/246
f 45/252/248 47/255/251 120/229/224
f 47/255/251 148/227/222 120/229/224
f 70/254/250 46/256/252 45/252/248
f 46/256/252 47/255/251 45/252/248
f 34/257/253 70/254/250 93/253/249
f 36/258/254 46/256/252 70/254/250
f 34/257/253 36/258/254 70/254/250
f 46/256/252 36/258/254 82/259/255
f 46/256/252 82/259/255 47/255/251
f 35/76/71 36/258/254 34/257/253
f 36/258/254 57/78/73 82/259/255
f 36/258/254 35/76/71 57/78/73
f 82/259/255 57/78/73 512/80/75
f 82/259/255 83/260/256 47/255/251
f 82/259/255 512/80/75 83/260/256
f 47/255/251 83/260/256 148/227/222
f 149/261/257 35/76/71 34/257/253
f 149/261/257 43/66/61 35/76/71
f 91/262/258 34/257/253 93/253/249
f 149/261/257 34/257/253 91/262/258
f 91/262/258 93/253/249 137/251/247
f 83/260/256 23/263/259 148/227/222
f 23/263/259 25/220/215 148/227/222
f 24/221/216 25/220/215 23/263/259
f 83/260/256 196/264/260 23/263/259
f 512/80/75 196/264/260 83/260/256
f 24/221/216 23/263/259 197/265/261
f 196/264/260 197/265/261 23/263/259
f 236/174/169 24/221/216 197/265/261
f 512/80/75 610/266/262 196/264/260
f 243/79/74 610/266/262 512/80/75
f 243/79/74 242/83/78 610/266/262
f 242/83/78 608/146/141 610/266/262
f 610/266/262 607/267/263 196/264/260
f 610/266/262 608/146/141 607/267/263
f 196/264/260 607/267/263 197/265/261
f 608/146/141 609/144/139 607/267/263
f 236/174/169 197/265/261 616/268/264
f 607/267/263 616/268/264 197/265/261
f 616/268/264 607/267/263 609/144/139
f 603/156/151 236/174/169 616/268/264
f 600/149/144 616/268/264 609/144/139
f 616/268/264 600/149/144 603/156/151
f 21/59/54 22/269/265 20/270/266
f 51/40/35 17/32/27 21/59/54
f 51/40/35 21/59/54 20/270/266
f 20/270/266 52/271/267 51/40/35
f 21/59/54 218/272/268 22/269/265
f 52/271/267 48/273/269 51/40/35
f 51/40/35 48/273/269 50/34/29
f 49/274/270 50/34/29 48/273/269
f 49/274/270 33/36/31 50/34/29
f 49/274/270 254/96/91 33/36/31
f 138/275/271 49/274/270 48/273/269
f 254/96/91 49/274/270 138/275/271
f 52/271/267 101/276/272 48/273/269
f 101/276/272 138/275/271 48/273/269
f 101/276/272 52/271/267 102/277/273
f 295/278/274 254/96/91 138/275/271
f 101/276/272 199/279/275 138/275/271
f 199/279/275 295/278/274 138/275/271
f 199/279/275 101/276/272 100/280/276
f 101/276/272 102/277/273 100/280/276
f 295/278/274 199/279/275 294/281/277
f 52/271/267 107/282/278 102/277/273
f 199/279/275 100/280/276 198/283/279
f 294/281/277 199/279/275 198/283/279
f 107/282/278 52/271/267 20/270/266
f 100/280/276 102/277/273 620/284/280
f 620/284/280 198/283/279 100/280/276
f 102/277/273 107/282/278 220/285/281
f 102/277/273 220/285/281 620/284/280
f 29/286/282 107/282/278 20/270/266
f 29/286/282 20/270/266 22/269/265
f 107/282/278 219/287/283 220/285/281
f 107/282/278 29/286/282 219/287/283
f 620/284/280 220/285/281 306/288/284
f 155/289/285 29/286/282 22/269/265
f 220/285/281 219/287/283 73/290/286
f 220/285/281 73/290/286 306/288/284
f 29/286/282 140/291/287 219/287/283
f 29/286/282 155/289/285 140/291/287
f 219/287/283 71/292/288 73/290/286
f 219/287/283 140/291/287 71/292/288
f 305/293/289 306/288/284 73/290/286
f 140/291/287 60/294/290 71/292/288
f 620/284/280 306/288/284 430/295/291
f 198/283/279 620/284/280 430/295/291
f 72/296/292 73/290/286 71/292/288
f 72/296/292 305/293/289 73/290/286
f 119/297/293 72/296/292 71/292/288
f 71/292/288 60/294/290 119/297/293
f 119/297/293 108/298/294 72/296/292
f 108/298/294 109/299/295 72/296/292
f 72/296/292 109/299/295 305/293/289
f 108/298/294 119/297/293 118/300/296
f 119/297/293 68/301/297 118/300/296
f 60/294/290 68/301/297 119/297/293
f 118/300/296 68/301/297 67/302/298
f 68/301/297 59/303/299 67/302/298
f 68/301/297 60/294/290 59/303/299
f 67/302/298 59/303/299 828/304/300
f 109/299/295 514/305/301 305/293/289
f 514/305/301 109/299/295 513/306/302
f 617/307/303 514/305/301 513/306/302
f 618/308/304 514/305/301 617/307/303
f 514/305/301 618/308/304 305/293/289
f 896/309/305 618/308/304 617/307/303
f 896/309/305 619/310/306 618/308/304
f 59/303/299 121/311/307 828/304/300
f 828/304/300 121/311/307 209/312/308
f 121/311/307 59/303/299 61/313/309
f 60/294/290 61/313/309 59/303/299
f 121/311/307 210/314/310 209/312/308
f 825/315/311 209/312/308 210/314/310
f 211/316/312 121/311/307 61/313/309
f 210/314/310 121/311/307 211/316/312
f 94/317/313 61/313/309 60/294/290
f 61/313/309 94/317/313 211/316/312
f 140/291/287 94/317/313 60/294/290
f 155/289/285 94/317/313 140/291/287
f 94/317/313 156/318/314 211/316/312
f 94/317/313 155/289/285 156/318/314
f 131/319/315 211/316/312 156/318/314
f 131/319/315 210/314/310 211/316/312
f 155/289/285 154/320/316 156/318/314
f 213/321/317 825/315/311 210/314/310
f 154/320/316 155/289/285 127/322/268
f 155/289/285 22/269/265 127/322/268
f 129/323/318 156/318/314 154/320/316
f 129/323/318 131/319/315 156/318/314
f 213/321/317 700/324/319 825/315/311
f 700/324/319 826/325/320 825/315/311
f 826/325/320 700/324/319 827/326/321
f 700/324/319 698/327/322 827/326/321
f 128/328/323 129/323/318 154/320/316
f 127/322/268 128/328/323 154/320/316
f 700/324/319 699/329/324 698/327/322
f 699/329/324 695/330/325 698/327/322
f 700/324/319 213/321/317 212/331/326
f 699/329/324 700/324/319 212/331/326
f 212/331/326 213/321/317 210/314/310
f 217/332/327 212/331/326 210/314/310
f 217/332/327 210/314/310 131/319/315
f 699/329/324 212/331/326 123/333/328
f 123/333/328 212/331/326 217/332/327
f 699/329/324 696/334/329 695/330/325
f 696/334/329 699/329/324 123/333/328
f 696/334/329 697/335/330 695/330/325
f 697/335/330 696/334/329 735/336/331
f 696/334/329 122/337/332 735/336/331
f 696/334/329 123/333/328 122/337/332
f 734/338/333 735/336/331 122/337/332
f 733/339/334 734/338/333 122/337/332
f 123/333/328 124/340/335 122/337/332
f 733/339/334 122/337/332 124/340/335
f 123/333/328 217/332/327 124/340/335
f 235/341/336 733/339/334 124/340/335
f 124/340/335 182/342/337 235/341/336
f 217/332/327 182/342/337 124/340/335
f 182/342/337 181/343/338 235/341/336
f 182/342/337 217/332/327 130/344/339
f 130/344/339 217/332/327 131/319/315
f 130/344/339 131/319/315 129/323/318
f 181/343/338 182/342/337 66/345/340
f 66/345/340 182/342/337 130/344/339
f 65/346/341 181/343/338 66/345/340
f 126/347/342 130/344/339 129/323/318
f 130/344/339 126/347/342 66/345/340
f 126/347/342 129/323/318 128/328/323
f 65/346/341 66/345/340 64/348/343
f 126/347/342 64/348/343 66/345/340
f 63/349/344 65/346/341 64/348/343
f 125/350/345 126/347/342 128/328/323
f 64/348/343 126/347/342 125/350/345
f 125/350/345 128/328/323 127/322/268
f 63/349/344 64/348/343 62/351/346
f 62/351/346 64/348/343 125/350/345
f 125/350/345 127/322/268 62/351/346
f 222/352/347 63/349/344 62/351/346
f 222/352/347 62/351/346 172/353/348
f 127/322/268 172/353/348 62/351/346
f 221/354/349 222/352/347 172/353/348
f 172/353/348 127/322/268 218/272/268
f 22/269/265 218/272/268 127/322/268
f 221/354/349 172/353/348 204/355/350
f 204/355/350 172/353/348 218/272/268
f 203/356/351 221/354/349 204/355/350
f 203/356/351 204/355/350 202/357/352
f 891/358/353 203/356/351 202/357/352
f 891/358/353 202/357/352 773/359/354
f 202/357/352 771/360/355 773/359/354
f 215/361/356 202/357/352 204/355/350
f 771/360/355 202/357/352 215/361/356
f 218/272/268 215/361/356 204/355/350
f 892/362/357 771/360/355 215/361/356
f 892/362/357 215/361/356 214/58/53
f 215/361/356 218/272/268 216/363/358
f 215/361/356 216/363/358 214/58/53
f 216/363/358 218/272/268 21/59/54
f 216/363/358 53/57/52 214/58/53
f 216/363/358 21/59/54 53/57/52
f 43/66/61 44/364/359 42/62/57
f 44/364/359 195/63/58 42/62/57
f 44/364/359 43/66/61 90/365/360
f 43/66/61 149/261/257 90/365/360
f 90/365/360 149/261/257 91/262/258
f 90/365/360 91/262/258 89/366/361
f 89/366/361 91/262/258 137/251/247
f 44/364/359 90/365/360 141/367/362
f 141/367/362 90/365/360 89/366/361
f 194/368/363 195/63/58 44/364/359
f 194/368/363 44/364/359 141/367/362
f 195/63/58 194/368/363 208/369/364
f 709/64/59 195/63/58 208/369/364
f 907/370/365 709/64/59 208/369/364
f 907/370/365 208/369/364 782/371/366
f 208/369/364 144/372/367 782/371/366
f 783/373/368 782/371/366 144/372/367
f 158/374/369 783/373/368 144/372/367
f 157/375/370 158/374/369 144/372/367
f 143/376/371 157/375/370 144/372/367
f 176/377/372 157/375/370 143/376/371
f 144/372/367 208/369/364 142/378/373
f 143/376/371 144/372/367 142/378/373
f 184/379/374 176/377/372 143/376/371
f 184/379/374 143/376/371 142/378/373
f 185/380/375 176/377/372 184/379/374
f 208/369/364 187/381/376 142/378/373
f 194/368/363 187/381/376 208/369/364
f 186/382/377 184/379/374 142/378/373
f 142/378/373 187/381/376 186/382/377
f 226/383/378 185/380/375 184/379/374
f 226/383/378 184/379/374 186/382/377
f 185/380/375 226/383/378 225/384/379
f 187/381/376 194/368/363 105/385/380
f 187/381/376 105/385/380 186/382/377
f 194/368/363 141/367/362 105/385/380
f 104/386/381 226/383/378 186/382/377
f 186/382/377 105/385/380 104/386/381
f 226/383/378 150/387/382 225/384/379
f 226/383/378 104/386/381 150/387/382
f 225/384/379 150/387/382 223/388/383
f 105/385/380 141/367/362 106/389/384
f 105/385/380 106/389/384 104/386/381
f 141/367/362 89/366/361 106/389/384
f 104/386/381 151/390/385 150/387/382
f 104/386/381 106/389/384 151/390/385
f 150/387/382 224/391/386 223/388/383
f 224/391/386 150/387/382 151/390/385
f 223/388/383 224/391/386 741/392/387
f 106/389/384 152/393/388 151/390/385
f 106/389/384 89/366/361 152/393/388
f 153/394/389 224/391/386 151/390/385
f 153/394/389 151/390/385 152/393/388
f 224/391/386 183/395/390 741/392/387
f 224/391/386 153/394/389 183/395/390
f 741/392/387 183/395/390 740/396/391
f 183/395/390 173/397/392 740/396/391
f 183/395/390 174/398/393 173/397/392
f 153/394/389 174/398/393 183/395/390
f 174/398/393 175/398/394 173/397/392
f 745/399/395 153/394/389 152/393/388
f 174/398/393 153/394/389 745/399/395
f 175/398/394 174/398/393 746/400/396
f 746/400/396 174/398/393 745/399/395
f 772/401/397 175/398/394 746/400/396
f 745/399/395 152/393/388 188/402/398
f 745/399/395 188/402/398 746/400/396
f 746/400/396 691/403/399 772/401/397
f 188/402/398 691/403/399 746/400/396
f 691/403/399 693/404/400 772/401/397
f 692/405/401 693/404/400 691/403/399
f 689/406/402 692/405/401 691/403/399
f 689/406/402 691/403/399 188/402/398
f 692/405/401 689/406/402 688/249/245
f 689/406/402 690/248/244 688/249/245
f 689/406/402 135/407/403 690/248/244
f 135/407/403 689/406/402 188/402/398
f 135/407/403 694/247/243 690/248/244
f 135/407/403 137/251/247 694/247/243
f 188/402/398 136/408/404 135/407/403
f 136/408/404 137/251/247 135/407/403
f 152/393/388 136/408/404 188/402/398
f 89/366/361 137/251/247 136/408/404
f 89/366/361 136/408/404 152/393/388
f 111/409/405 112/410/406 110/411/407
f 816/412/408 111/409/405 110/411/407
f 808/413/409 110/411/407 112/410/406
f 806/414/410 808/413/409 112/410/406
f 807/415/411 808/413/409 806/414/410
f 806/414/410 112/410/406 810/416/412
f 810/416/412 807/415/411 806/414/410
f 810/416/412 112/410/406 809/417/413
f 807/415/411 810/416/412 809/417/413
f 111/409/405 809/417/413 112/410/406
f 913/418/414 807/415/411 809/417/413
f 817/419/415 111/409/405 816/412/408
f 817/419/415 809/417/413 111/409/405
f 821/420/416 817/419/415 816/412/408
f 913/418/414 809/417/413 872/421/417
f 817/419/415 821/420/416 820/422/418
f 820/422/418 809/417/413 817/419/415
f 821/420/416 822/423/419 820/422/418
f 820/422/418 822/423/419 824/424/420
f 824/424/420 809/417/413 820/422/418
f 822/423/419 814/425/421 824/424/420
f 824/424/420 814/425/421 813/426/422
f 814/425/421 815/427/423 813/426/422
f 813/426/422 819/428/424 824/424/420
f 809/417/413 824/424/420 819/428/424
f 813/426/422 815/427/423 671/429/425
f 671/429/425 819/428/424 813/426/422
f 815/427/423 823/430/426 671/429/425
f 669/431/427 671/429/425 823/430/426
f 811/432/428 669/431/427 823/430/426
f 670/433/429 671/429/425 669/431/427
f 670/433/429 669/431/427 811/432/428
f 819/428/424 671/429/425 670/433/429
f 914/434/430 670/433/429 811/432/428
f 914/434/430 818/435/431 670/433/429
f 818/435/431 819/428/424 670/433/429
f 819/428/424 818/435/431 873/436/432
f 818/435/431 881/437/433 873/436/432
f 881/437/433 874/438/434 873/436/432
f 874/438/434 875/439/435 873/436/432
f 875/439/435 874/438/434 884/440/436
f 875/439/435 886/441/437 873/436/432
f 886/441/437 875/439/435 884/440/436
f 873/436/432 886/441/437 819/428/424
f 886/441/437 884/440/436 878/442/438
f 877/443/439 886/441/437 878/442/438
f 877/443/439 819/428/424 886/441/437
f 877/443/439 878/442/438 876/444/440
f 819/428/424 877/443/439 885/445/441
f 885/445/441 877/443/439 876/444/440
f 885/445/441 876/444/440 883/446/442
f 819/428/424 885/445/441 809/417/413
f 882/447/443 885/445/441 883/446/442
f 882/447/443 809/417/413 885/445/441
f 882/447/443 883/446/442 880/448/444
f 879/449/445 882/447/443 880/448/444
f 879/449/445 809/417/413 882/447/443
f 879/449/445 880/448/444 843/450/446
f 842/451/447 879/449/445 843/450/446
f 842/451/447 809/417/413 879/449/445
f 842/451/447 843/450/446 841/452/448
f 853/453/449 842/451/447 841/452/448
f 853/453/449 809/417/413 842/451/447
f 853/453/449 841/452/448 887/454/450
f 853/453/449 855/455/451 809/417/413
f 854/456/452 853/453/449 887/454/450
f 854/456/452 855/455/451 853/453/449
f 887/454/450 872/421/417 854/456/452
f 809/417/413 855/455/451 872/421/417
f 872/421/417 855/455/451 854/456/452
f 133/457/453 134/458/454 132/459/455
f 389/460/456 133/457/453 132/459/455
f 133/457/453 419/461/457 134/458/454
f 389/460/456 132/459/455 388/462/458
f 615/463/459 389/460/456 388/462/458
f 615/463/459 388/462/458 614/464/460
f 619/310/306 615/463/459 614/464/460
f 619/310/306 614/464/460 618/308/304
f 618/308/304 614/464/460 436/465/461
f 618/308/304 436/465/461 305/293/289
f 305/293/289 436/465/461 306/288/284
f 436/465/461 430/295/291 306/288/284
f 614/464/460 431/466/462 436/465/461
f 436/465/461 431/466/462 430/295/291
f 614/464/460 388/462/458 431/466/462
f 431/466/462 283/467/463 430/295/291
f 388/462/458 453/468/464 431/466/462
f 453/468/464 388/462/458 132/459/455
f 431/466/462 453/468/464 283/467/463
f 198/283/279 430/295/291 283/467/463
f 319/469/465 453/468/464 132/459/455
f 132/459/455 134/458/454 319/469/465
f 453/468/464 281/470/466 283/467/463
f 453/468/464 319/469/465 281/470/466
f 282/471/467 198/283/279 283/467/463
f 282/471/467 283/467/463 281/470/466
f 294/281/277 198/283/279 282/471/467
f 319/469/465 308/472/468 281/470/466
f 134/458/454 309/473/469 319/469/465
f 319/469/465 309/473/469 308/472/468
f 296/474/470 282/471/467 281/470/466
f 296/474/470 281/470/466 308/472/468
f 297/475/471 294/281/277 282/471/467
f 297/475/471 282/471/467 296/474/470
f 286/476/472 294/281/277 297/475/471
f 286/476/472 295/278/274 294/281/277
f 134/458/454 457/477/473 309/473/469
f 419/461/457 457/477/473 134/458/454
f 286/476/472 287/478/474 295/278/274
f 287/478/474 254/96/91 295/278/274
f 287/478/474 291/98/93 254/96/91
f 269/103/98 291/98/93 287/478/474
f 457/477/473 419/461/457 400/479/475
f 419/461/457 383/480/476 400/479/475
f 267/481/477 287/478/474 286/476/472
f 267/481/477 269/103/98 287/478/474
f 268/482/478 267/481/477 286/476/472
f 268/482/478 286/476/472 297/475/471
f 267/481/477 270/483/479 269/103/98
f 400/479/475 383/480/476 382/484/480
f 383/480/476 384/485/481 382/484/480
f 268/482/478 297/475/471 516/486/482
f 267/481/477 268/482/478 266/487/483
f 270/483/479 267/481/477 266/487/483
f 266/487/483 268/482/478 516/486/482
f 516/486/482 297/475/471 296/474/470
f 403/488/484 382/484/480 384/485/481
f 401/489/485 403/488/484 384/485/481
f 516/486/482 296/474/470 459/490/486
f 459/490/486 296/474/470 308/472/468
f 266/487/483 516/486/482 519/491/487
f 519/491/487 516/486/482 459/490/486
f 318/492/488 266/487/483 519/491/487
f 270/483/479 266/487/483 318/492/488
f 308/472/468 307/493/489 459/490/486
f 308/472/468 309/473/469 307/493/489
f 519/491/487 459/490/486 460/494/490
f 307/493/489 460/494/490 459/490/486
f 318/492/488 519/491/487 599/495/491
f 599/495/491 519/491/487 460/494/490
f 307/493/489 309/473/469 458/496/492
f 457/477/473 458/496/492 309/473/469
f 460/494/490 307/493/489 433/497/493
f 460/494/490 433/497/493 599/495/491
f 307/493/489 458/496/492 429/498/494
f 307/493/489 429/498/494 433/497/493
f 357/499/495 458/496/492 457/477/473
f 458/496/492 357/499/495 429/498/494
f 400/479/475 357/499/495 457/477/473
f 357/499/495 400/479/475 358/500/496
f 400/479/475 382/484/480 358/500/496
f 429/498/494 357/499/495 356/501/497
f 357/499/495 358/500/496 356/501/497
f 433/497/493 429/498/494 428/502/498
f 429/498/494 356/501/497 428/502/498
f 432/503/499 433/497/493 428/502/498
f 433/497/493 432/503/499 599/495/491
f 399/504/500 358/500/496 382/484/480
f 403/488/484 399/504/500 382/484/480
f 356/501/497 358/500/496 342/505/501
f 358/500/496 399/504/500 342/505/501
f 343/506/502 428/502/498 356/501/497
f 342/505/501 343/506/502 356/501/497
f 447/507/503 432/503/499 428/502/498
f 447/507/503 428/502/498 343/506/502
f 599/495/491 432/503/499 316/508/504
f 316/508/504 318/492/488 599/495/491
f 332/509/505 432/503/499 447/507/503
f 432/503/499 332/509/505 316/508/504
f 317/510/506 318/492/488 316/508/504
f 317/510/506 270/483/479 318/492/488
f 316/508/504 332/509/505 381/511/507
f 381/511/507 317/510/506 316/508/504
f 271/512/508 270/483/479 317/510/506
f 270/483/479 271/512/508 269/103/98
f 272/102/97 269/103/98 271/512/508
f 515/105/100 272/102/97 271/512/508
f 565/513/509 271/512/508 317/510/506
f 317/510/506 381/511/507 565/513/509
f 515/105/100 271/512/508 565/513/509
f 332/509/505 331/514/510 381/511/507
f 381/511/507 314/515/511 565/513/509
f 381/511/507 331/514/510 314/515/511
f 313/516/512 515/105/100 565/513/509
f 565/513/509 314/515/511 313/516/512
f 284/517/513 515/105/100 313/516/512
f 284/517/513 285/104/99 515/105/100
f 314/515/511 315/518/514 313/516/512
f 277/519/515 285/104/99 284/517/513
f 277/519/515 288/101/96 285/104/99
f 292/107/102 288/101/96 277/519/515
f 461/520/516 284/517/513 313/516/512
f 313/516/512 315/518/514 461/520/516
f 275/521/517 277/519/515 284/517/513
f 275/521/517 284/517/513 461/520/516
f 276/522/518 292/107/102 277/519/515
f 276/522/518 277/519/515 275/521/517
f 292/107/102 276/522/518 289/113/108
f 276/522/518 290/523/519 289/113/108
f 276/522/518 298/524/520 290/523/519
f 298/524/520 276/522/518 275/521/517
f 298/524/520 299/525/521 290/523/519
f 518/526/522 275/521/517 461/520/516
f 298/524/520 275/521/517 518/526/522
f 298/524/520 320/527/523 299/525/521
f 320/527/523 298/524/520 518/526/522
f 320/527/523 278/528/524 299/525/521
f 518/526/522 461/520/516 456/529/525
f 315/518/514 456/529/525 461/520/516
f 320/527/523 518/526/522 455/530/526
f 455/530/526 518/526/522 456/529/525
f 320/527/523 279/531/527 278/528/524
f 279/531/527 320/527/523 455/530/526
f 279/531/527 280/532/528 278/528/524
f 279/531/527 405/533/529 280/532/528
f 405/533/529 445/534/530 280/532/528
f 279/531/527 455/530/526 406/535/531
f 405/533/529 279/531/527 406/535/531
f 456/529/525 311/536/532 455/530/526
f 311/536/532 406/535/531 455/530/526
f 312/537/533 311/536/532 456/529/525
f 315/518/514 312/537/533 456/529/525
f 405/533/529 446/538/534 445/534/530
f 446/538/534 385/539/535 445/534/530
f 405/533/529 406/535/531 404/540/536
f 446/538/534 405/533/529 404/540/536
f 311/536/532 378/541/537 406/535/531
f 378/541/537 404/540/536 406/535/531
f 311/536/532 312/537/533 310/542/538
f 378/541/537 311/536/532 310/542/538
f 446/538/534 386/543/539 385/539/535
f 386/543/539 387/544/540 385/539/535
f 446/538/534 404/540/536 567/545/541
f 386/543/539 446/538/534 567/545/541
f 404/540/536 378/541/537 563/546/542
f 567/545/541 404/540/536 563/546/542
f 378/541/537 310/542/538 377/547/543
f 563/546/542 378/541/537 377/547/543
f 386/543/539 589/548/544 387/544/540
f 589/548/544 581/549/545 387/544/540
f 386/543/539 567/545/541 569/550/546
f 589/548/544 386/543/539 569/550/546
f 563/546/542 568/551/547 567/545/541
f 568/551/547 569/550/546 567/545/541
f 377/547/543 566/552/548 563/546/542
f 566/552/548 568/551/547 563/546/542
f 589/548/544 582/553/549 581/549/545
f 582/553/549 583/554/550 581/549/545
f 589/548/544 569/550/546 591/555/551
f 582/553/549 589/548/544 591/555/551
f 568/551/547 590/556/552 569/550/546
f 590/556/552 591/555/551 569/550/546
f 566/552/548 588/557/553 568/551/547
f 588/557/553 590/556/552 568/551/547
f 583/554/550 582/553/549 586/558/554
f 585/559/555 583/554/550 586/558/554
f 582/553/549 591/555/551 579/560/556
f 586/558/554 582/553/549 579/560/556
f 590/556/552 580/561/557 591/555/551
f 580/561/557 579/560/556 591/555/551
f 588/557/553 577/562/558 590/556/552
f 577/562/558 580/561/557 590/556/552
f 585/559/555 586/558/554 584/563/559
f 416/564/560 585/559/555 584/563/559
f 586/558/554 579/560/556 420/565/561
f 584/563/559 586/558/554 420/565/561
f 580/561/557 423/566/562 579/560/556
f 423/566/562 420/565/561 579/560/556
f 577/562/558 575/567/563 580/561/557
f 575/567/563 423/566/562 580/561/557
f 584/563/559 417/568/564 416/564/560
f 417/568/564 418/569/565 416/564/560
f 503/570/566 418/569/565 417/568/564
f 417/568/564 584/563/559 422/571/567
f 584/563/559 420/565/561 422/571/567
f 517/572/568 503/570/566 417/568/564
f 517/572/568 417/568/564 422/571/567
f 409/573/569 503/570/566 517/572/568
f 421/574/570 422/571/567 420/565/561
f 423/566/562 421/574/570 420/565/561
f 414/575/571 517/572/568 422/571/567
f 414/575/571 422/571/567 421/574/570
f 407/576/572 409/573/569 517/572/568
f 407/576/572 517/572/568 414/575/571
f 408/577/573 409/573/569 407/576/572
f 424/578/574 421/574/570 423/566/562
f 575/567/563 424/578/574 423/566/562
f 412/579/575 414/575/571 421/574/570
f 412/579/575 421/574/570 424/578/574
f 413/580/576 407/576/572 414/575/571
f 413/580/576 414/575/571 412/579/575
f 509/581/577 408/577/573 407/576/572
f 407/576/572 413/580/576 509/581/577
f 570/582/578 408/577/573 509/581/577
f 475/583/579 424/578/574 575/567/563
f 571/584/580 570/582/578 509/581/577
f 572/585/581 570/582/578 571/584/580
f 413/580/576 505/586/582 509/581/577
f 571/584/580 509/581/577 505/586/582
f 413/580/576 411/587/583 505/586/582
f 411/587/583 413/580/576 412/579/575
f 410/588/584 412/579/575 424/578/574
f 411/587/583 412/579/575 410/588/584
f 410/588/584 424/578/574 475/583/579
f 598/589/585 572/585/581 571/584/580
f 572/585/581 598/589/585 625/590/586
f 546/591/587 571/584/580 505/586/582
f 598/589/585 571/584/580 546/591/587
f 546/591/587 505/586/582 506/592/588
f 411/587/583 506/592/588 505/586/582
f 511/593/589 411/587/583 410/588/584
f 411/587/583 511/593/589 506/592/588
f 511/593/589 410/588/584 510/594/590
f 510/594/590 410/588/584 475/583/579
f 511/593/589 493/595/591 506/592/588
f 547/596/592 546/591/587 506/592/588
f 547/596/592 506/592/588 493/595/591
f 543/597/593 546/591/587 547/596/592
f 543/597/593 598/589/585 546/591/587
f 494/598/594 511/593/589 510/594/590
f 511/593/589 494/598/594 493/595/591
f 494/598/594 510/594/590 474/599/595
f 510/594/590 475/583/579 474/599/595
f 598/589/585 543/597/593 542/600/596
f 598/589/585 542/600/596 625/590/586
f 625/590/586 542/600/596 545/601/597
f 805/602/598 625/590/586 545/601/597
f 543/597/593 544/603/599 542/600/596
f 545/601/597 542/600/596 544/603/599
f 543/597/593 561/604/600 544/603/599
f 561/604/600 543/597/593 547/596/592
f 805/602/598 545/601/597 804/605/601
f 666/606/602 805/602/598 804/605/601
f 804/605/601 667/607/603 666/606/602
f 667/607/603 668/608/604 666/606/602
f 812/609/605 667/607/603 804/605/601
f 661/610/606 812/609/605 804/605/601
f 804/605/601 545/601/597 661/610/606
f 812/609/605 661/610/606 660/611/607
f 545/601/597 257/612/608 661/610/606
f 257/612/608 545/601/597 544/603/599
f 661/610/606 662/613/609 660/611/607
f 661/610/606 257/612/608 662/613/609
f 660/611/607 662/613/609 687/614/610
f 544/603/599 258/615/611 257/612/608
f 561/604/600 258/615/611 544/603/599
f 257/612/608 259/616/612 662/613/609
f 258/615/611 259/616/612 257/612/608
f 662/613/609 676/617/613 687/614/610
f 676/617/613 662/613/609 259/616/612
f 687/614/610 676/617/613 675/618/614
f 676/617/613 677/619/615 675/618/614
f 675/618/614 677/619/615 679/620/616
f 631/621/617 676/617/613 259/616/612
f 677/619/615 676/617/613 631/621/617
f 258/615/611 537/622/618 259/616/612
f 537/622/618 631/621/617 259/616/612
f 531/623/619 537/622/618 258/615/611
f 561/604/600 531/623/619 258/615/611
f 677/619/615 680/624/620 679/620/616
f 679/620/616 680/624/620 681/625/621
f 638/626/622 677/619/615 631/621/617
f 677/619/615 638/626/622 680/624/620
f 537/622/618 535/627/623 631/621/617
f 535/627/623 638/626/622 631/621/617
f 531/623/619 534/628/624 537/622/618
f 534/628/624 535/627/623 537/622/618
f 680/624/620 682/629/625 681/625/621
f 681/625/621 682/629/625 686/630/626
f 638/626/622 632/631/627 680/624/620
f 680/624/620 632/631/627 682/629/625
f 535/627/623 527/632/628 638/626/622
f 527/632/628 632/631/627 638/626/622
f 534/628/624 536/633/629 535/627/623
f 536/633/629 527/632/628 535/627/623
f 682/629/625 685/634/630 686/630/626
f 686/630/626 685/634/630 684/635/631
f 632/631/627 633/636/632 682/629/625
f 682/629/625 633/636/632 685/634/630
f 527/632/628 528/637/633 632/631/627
f 528/637/633 633/636/632 632/631/627
f 536/633/629 522/638/634 527/632/628
f 522/638/634 528/637/633 527/632/628
f 634/639/635 633/636/632 528/637/633
f 633/636/632 634/639/635 685/634/630
f 528/637/633 522/638/634 523/640/636
f 523/640/636 634/639/635 528/637/633
f 520/641/637 522/638/634 536/633/629
f 685/634/630 634/639/635 664/642/638
f 685/634/630 664/642/638 684/635/631
f 684/635/631 664/642/638 663/643/639
f 634/639/635 573/644/640 664/642/638
f 634/639/635 523/640/636 573/644/640
f 664/642/638 665/645/641 663/643/639
f 665/645/641 664/642/638 573/644/640
f 663/643/639 665/645/641 683/646/642
f 522/638/634 521/647/643 523/640/636
f 521/647/643 522/638/634 520/641/637
f 523/640/636 540/648/644 573/644/640
f 523/640/636 521/647/643 540/648/644
f 637/649/645 665/645/641 573/644/640
f 637/649/645 573/644/640 540/648/644
f 665/645/641 673/650/646 683/646/642
f 673/650/646 665/645/641 637/649/645
f 683/646/642 673/650/646 672/651/647
f 673/650/646 674/652/648 672/651/647
f 674/652/648 673/650/646 636/653/649
f 636/653/649 673/650/646 637/649/645
f 626/654/650 674/652/648 636/653/649
f 635/655/651 637/649/645 540/648/644
f 636/653/649 637/649/645 635/655/651
f 636/653/649 627/656/652 626/654/650
f 627/656/652 636/653/649 635/655/651
f 627/656/652 529/657/653 626/654/650
f 540/648/644 338/658/654 635/655/651
f 521/647/643 338/658/654 540/648/644
f 635/655/651 507/659/655 627/656/652
f 338/658/654 507/659/655 635/655/651
f 627/656/652 526/660/656 529/657/653
f 507/659/655 526/660/656 627/656/652
f 526/660/656 525/661/657 529/657/653
f 521/647/643 334/662/658 338/658/654
f 525/661/657 526/660/656 524/663/659
f 894/664/660 525/661/657 524/663/659
f 894/664/660 524/663/659 538/665/661
f 508/666/662 524/663/659 526/660/656
f 507/659/655 508/666/662 526/660/656
f 524/663/659 539/667/663 538/665/661
f 524/663/659 508/666/662 539/667/663
f 831/668/664 538/665/661 539/667/663
f 337/669/665 508/666/662 507/659/655
f 338/658/654 337/669/665 507/659/655
f 334/662/658 337/669/665 338/658/654
f 508/666/662 337/669/665 336/670/666
f 508/666/662 336/670/666 539/667/663
f 484/671/667 831/668/664 539/667/663
f 539/667/663 336/670/666 484/671/667
f 831/668/664 484/671/667 483/672/668
f 337/669/665 333/673/669 336/670/666
f 337/669/665 334/662/658 333/673/669
f 336/670/666 496/674/670 484/671/667
f 496/674/670 336/670/666 333/673/669
f 484/671/667 485/675/671 483/672/668
f 484/671/667 496/674/670 485/675/671
f 483/672/668 485/675/671 479/676/672
f 478/677/673 483/672/668 479/676/672
f 496/674/670 497/678/674 485/675/671
f 415/679/675 496/674/670 333/673/669
f 496/674/670 415/679/675 497/678/674
f 415/679/675 333/673/669 335/680/676
f 334/662/658 335/680/676 333/673/669
f 478/677/673 479/676/672 477/681/677
f 560/682/678 478/677/673 477/681/677
f 479/676/672 485/675/671 487/683/679
f 485/675/671 497/678/674 487/683/679
f 477/681/677 479/676/672 500/684/680
f 479/676/672 487/683/679 500/684/680
f 560/682/678 477/681/677 559/685/681
f 895/686/682 560/682/678 559/685/681
f 895/686/682 559/685/681 558/687/683
f 559/685/681 477/681/677 555/688/684
f 477/681/677 500/684/680 555/688/684
f 559/685/681 556/689/685 558/687/683
f 558/687/683 556/689/685 465/690/686
f 559/685/681 555/688/684 552/691/687
f 556/689/685 559/685/681 552/691/687
f 555/688/684 500/684/680 553/692/688
f 556/689/685 557/693/689 465/690/686
f 556/689/685 552/691/687 557/693/689
f 557/693/689 397/694/690 465/690/686
f 397/694/690 442/695/691 465/690/686
f 552/691/687 576/696/692 557/693/689
f 442/695/691 397/694/690 441/697/693
f 541/698/694 442/695/691 441/697/693
f 397/694/690 557/693/689 398/699/695
f 557/693/689 576/696/692 398/699/695
f 441/697/693 397/694/690 396/700/696
f 397/694/690 398/699/695 396/700/696
f 541/698/694 441/697/693 394/701/697
f 444/702/698 541/698/694 394/701/697
f 441/697/693 396/700/696 395/703/699
f 394/701/697 441/697/693 395/703/699
f 444/702/698 394/701/697 443/704/700
f 893/705/701 444/702/698 443/704/700
f 893/705/701 443/704/700 448/706/702
f 443/704/700 394/701/697 373/707/703
f 394/701/697 395/703/699 373/707/703
f 443/704/700 372/708/704 448/706/702
f 443/704/700 373/707/703 372/708/704
f 448/706/702 372/708/704 354/709/705
f 373/707/703 395/703/699 451/710/706
f 373/707/703 370/711/707 372/708/704
f 370/711/707 373/707/703 564/712/708
f 373/707/703 451/710/706 564/712/708
f 372/708/704 370/711/707 355/713/709
f 372/708/704 355/713/709 354/709/705
f 370/711/707 371/714/710 355/713/709
f 370/711/707 564/712/708 371/714/710
f 354/709/705 355/713/709 353/715/711
f 593/716/712 354/709/705 353/715/711
f 355/713/709 371/714/710 390/717/713
f 353/715/711 355/713/709 390/717/713
f 353/715/711 366/718/714 593/716/712
f 366/718/714 594/719/715 593/716/712
f 390/717/713 365/720/716 353/715/711
f 365/720/716 366/718/714 353/715/711
f 366/718/714 437/721/717 594/719/715
f 437/721/717 595/722/718 594/719/715
f 595/722/718 437/721/717 440/723/719
f 367/724/720 437/721/717 366/718/714
f 367/724/720 366/718/714 365/720/716
f 437/721/717 439/725/721 440/723/719
f 440/723/719 439/725/721 438/726/722
f 439/725/721 401/489/485 438/726/722
f 439/725/721 437/721/717 402/727/723
f 439/725/721 402/727/723 401/489/485
f 437/721/717 367/724/720 402/727/723
f 402/727/723 403/488/484 401/489/485
f 402/727/723 435/728/724 403/488/484
f 402/727/723 367/724/720 435/728/724
f 435/728/724 399/504/500 403/488/484
f 367/724/720 344/729/725 435/728/724
f 344/729/725 367/724/720 365/720/716
f 435/728/724 454/730/726 399/504/500
f 344/729/725 454/730/726 435/728/724
f 454/730/726 342/505/501 399/504/500
f 454/730/726 340/731/727 342/505/501
f 454/730/726 344/729/725 340/731/727
f 340/731/727 343/506/502 342/505/501
f 345/732/728 344/729/725 365/720/716
f 344/729/725 345/732/728 340/731/727
f 343/506/502 340/731/727 339/733/729
f 339/733/729 447/507/503 343/506/502
f 340/731/727 345/732/728 341/734/730
f 340/731/727 341/734/730 339/733/729
f 391/735/731 345/732/728 365/720/716
f 391/735/731 365/720/716 390/717/713
f 345/732/728 346/736/732 341/734/730
f 346/736/732 345/732/728 391/735/731
f 341/734/730 434/737/733 339/733/729
f 341/734/730 346/736/732 434/737/733
f 330/738/734 447/507/503 339/733/729
f 434/737/733 330/738/734 339/733/729
f 330/738/734 332/509/505 447/507/503
f 331/514/510 332/509/505 330/738/734
f 360/739/735 330/738/734 434/737/733
f 360/739/735 331/514/510 330/738/734
f 346/736/732 328/740/736 434/737/733
f 331/514/510 360/739/735 462/741/737
f 331/514/510 462/741/737 314/515/511
f 314/515/511 462/741/737 315/518/514
f 462/741/737 312/537/533 315/518/514
f 462/741/737 359/742/738 312/537/533
f 360/739/735 359/742/738 462/741/737
f 359/742/738 310/542/538 312/537/533
f 327/743/739 360/739/735 434/737/733
f 359/742/738 360/739/735 327/743/739
f 434/737/733 328/740/736 327/743/739
f 359/742/738 351/744/740 310/542/538
f 351/744/740 359/742/738 327/743/739
f 351/744/740 377/547/543 310/542/538
f 329/745/741 351/744/740 327/743/739
f 328/740/736 329/745/741 327/743/739
f 351/744/740 352/746/742 377/547/543
f 352/746/742 566/552/548 377/547/543
f 329/745/741 348/747/743 351/744/740
f 348/747/743 352/746/742 351/744/740
f 566/552/548 352/746/742 587/748/744
f 588/557/553 566/552/548 587/748/744
f 587/748/744 352/746/742 592/749/745
f 352/746/742 348/747/743 592/749/745
f 588/557/553 587/748/744 472/750/746
f 577/562/558 588/557/553 472/750/746
f 472/750/746 587/748/744 473/751/747
f 587/748/744 592/749/745 473/751/747
f 472/750/746 470/752/748 577/562/558
f 470/752/748 575/567/563 577/562/558
f 470/752/748 475/583/579 575/567/563
f 470/752/748 472/750/746 466/753/749
f 472/750/746 473/751/747 466/753/749
f 475/583/579 470/752/748 468/754/750
f 470/752/748 466/753/749 468/754/750
f 475/583/579 468/754/750 474/599/595
f 466/753/749 473/751/747 578/755/751
f 467/756/752 468/754/750 466/753/749
f 474/599/595 468/754/750 471/757/753
f 574/758/754 467/756/752 466/753/749
f 574/758/754 466/753/749 578/755/751
f 467/756/752 469/759/755 468/754/750
f 469/759/755 471/757/753 468/754/750
f 554/760/756 467/756/752 574/758/754
f 550/761/757 574/758/754 578/755/751
f 550/761/757 554/760/756 574/758/754
f 554/760/756 489/762/758 467/756/752
f 489/762/758 469/759/755 467/756/752
f 553/692/688 554/760/756 550/761/757
f 476/763/759 471/757/753 469/759/755
f 489/762/758 476/763/759 469/759/755
f 486/764/760 489/762/758 554/760/756
f 553/692/688 486/764/760 554/760/756
f 500/684/680 486/764/760 553/692/688
f 500/684/680 487/683/679 486/764/760
f 486/764/760 488/765/761 489/762/758
f 487/683/679 488/765/761 486/764/760
f 488/765/761 476/763/759 489/762/758
f 487/683/679 497/678/674 488/765/761
f 497/678/674 498/766/762 488/765/761
f 488/765/761 498/766/762 476/763/759
f 415/679/675 498/766/762 497/678/674
f 498/766/762 490/767/763 476/763/759
f 476/763/759 490/767/763 471/757/753
f 415/679/675 499/768/764 498/766/762
f 499/768/764 490/767/763 498/766/762
f 499/768/764 415/679/675 335/680/676
f 490/767/763 492/769/765 471/757/753
f 492/769/765 474/599/595 471/757/753
f 499/768/764 491/770/766 490/767/763
f 491/770/766 492/769/765 490/767/763
f 562/771/767 474/599/595 492/769/765
f 491/770/766 562/771/767 492/769/765
f 562/771/767 494/598/594 474/599/595
f 491/770/766 499/768/764 502/772/768
f 499/768/764 335/680/676 502/772/768
f 562/771/767 491/770/766 501/773/769
f 491/770/766 502/772/768 501/773/769
f 495/774/770 494/598/594 562/771/767
f 501/773/769 495/774/770 562/771/767
f 494/598/594 495/774/770 493/595/591
f 520/641/637 502/772/768 335/680/676
f 334/662/658 520/641/637 335/680/676
f 334/662/658 521/647/643 520/641/637
f 520/641/637 533/775/771 502/772/768
f 533/775/771 501/773/769 502/772/768
f 533/775/771 520/641/637 536/633/629
f 536/633/629 534/628/624 533/775/771
f 533/775/771 530/776/772 501/773/769
f 534/628/624 530/776/772 533/775/771
f 530/776/772 495/774/770 501/773/769
f 534/628/624 531/623/619 530/776/772
f 530/776/772 532/777/773 495/774/770
f 531/623/619 532/777/773 530/776/772
f 532/777/773 493/595/591 495/774/770
f 531/623/619 561/604/600 532/777/773
f 532/777/773 547/596/592 493/595/591
f 561/604/600 547/596/592 532/777/773
f 146/778/774 147/779/775 145/780/776
f 785/781/777 146/778/774 145/780/776
f 784/782/778 785/781/777 145/780/776
f 910/782/779 784/782/778 145/780/776
f 910/782/779 145/780/776 207/783/780
f 146/778/774 167/784/781 147/779/775
f 145/780/776 205/785/782 207/783/780
f 147/779/775 205/785/782 145/780/776
f 206/786/783 207/783/780 205/785/782
f 234/787/784 206/786/783 205/785/782
f 147/779/775 234/787/784 205/785/782
f 206/786/783 234/787/784 786/788/785
f 167/784/781 168/789/786 147/779/775
f 168/789/786 234/787/784 147/779/775
f 167/784/781 169/790/787 168/789/786
f 234/787/784 233/791/788 786/788/785
f 169/790/787 170/792/789 168/789/786
f 169/790/787 192/793/790 170/792/789
f 191/794/791 234/787/784 168/789/786
f 170/792/789 191/794/791 168/789/786
f 192/793/790 191/794/791 170/792/789
f 234/787/784 191/794/791 233/791/788
f 191/794/791 192/793/790 190/795/792
f 776/796/793 786/788/785 233/791/788
f 888/797/794 776/796/793 233/791/788
f 888/797/794 775/798/795 776/796/793
f 775/798/795 777/799/796 776/796/793
f 777/799/796 775/798/795 774/799/797
f 775/798/795 171/800/798 774/799/797
f 775/798/795 888/797/794 166/801/799
f 775/798/795 166/801/799 171/800/798
f 888/797/794 233/791/788 166/801/799
f 166/801/799 165/802/800 171/800/798
f 231/803/801 166/801/799 233/791/788
f 231/803/801 233/791/788 191/794/791
f 165/802/800 166/801/799 164/804/802
f 166/801/799 231/803/801 164/804/802
f 163/805/803 165/802/800 164/804/802
f 163/805/803 164/804/802 162/806/804
f 164/804/802 231/803/801 162/806/804
f 180/807/805 163/805/803 162/806/804
f 180/807/805 162/806/804 179/808/806
f 178/809/807 180/807/805 179/808/806
f 178/809/807 179/808/806 161/810/808
f 160/811/809 178/809/807 161/810/808
f 162/806/804 159/812/810 179/808/806
f 161/810/808 179/808/806 159/812/810
f 160/811/809 161/810/808 159/812/810
f 162/806/804 231/803/801 159/812/810
f 230/813/811 160/811/809 159/812/810
f 159/812/810 231/803/801 230/813/811
f 231/803/801 232/814/812 230/813/811
f 231/803/801 736/815/813 232/814/812
f 736/815/813 231/803/801 191/794/791
f 736/815/813 737/816/814 232/814/812
f 736/815/813 738/817/815 737/816/814
f 738/817/815 739/818/816 737/816/814
f 742/819/817 736/815/813 191/794/791
f 738/817/815 736/815/813 742/819/817
f 742/819/817 191/794/791 190/795/792
f 744/820/818 738/817/815 742/819/817
f 743/821/819 742/819/817 190/795/792
f 744/820/818 742/819/817 743/821/819
f 908/822/820 744/820/818 743/821/819
f 347/823/821 348/747/743 329/745/741
f 349/824/822 347/823/821 329/745/741
f 328/740/736 349/824/822 329/745/741
f 347/823/821 362/825/823 348/747/743
f 449/826/824 349/824/822 328/740/736
f 362/825/823 364/827/825 348/747/743
f 592/749/745 348/747/743 364/827/825
f 350/828/826 347/823/821 349/824/822
f 449/826/824 350/828/826 349/824/822
f 361/829/827 362/825/823 347/823/821
f 350/828/826 361/829/827 347/823/821
f 564/712/708 361/829/827 350/828/826
f 361/829/827 363/830/828 362/825/823
f 363/830/828 364/827/825 362/825/823
f 564/712/708 451/710/706 361/829/827
f 451/710/706 363/830/828 361/829/827
f 450/831/829 564/712/708 350/828/826
f 450/831/829 350/828/826 449/826/824
f 564/712/708 450/831/829 371/714/710
f 371/714/710 450/831/829 392/832/830
f 392/832/830 450/831/829 449/826/824
f 390/717/713 371/714/710 392/832/830
f 392/832/830 391/735/731 390/717/713
f 449/826/824 393/833/831 392/832/830
f 393/833/831 391/735/731 392/832/830
f 393/833/831 449/826/824 328/740/736
f 393/833/831 346/736/732 391/735/731
f 346/736/732 393/833/831 328/740/736
f 451/710/706 452/834/832 363/830/828
f 395/703/699 452/834/832 451/710/706
f 395/703/699 396/700/696 452/834/832
f 452/834/832 368/835/833 363/830/828
f 396/700/696 482/836/834 452/834/832
f 452/834/832 482/836/834 368/835/833
f 396/700/696 398/699/695 482/836/834
f 363/830/828 368/835/833 364/827/825
f 398/699/695 481/837/835 482/836/834
f 398/699/695 576/696/692 481/837/835
f 482/836/834 480/838/836 368/835/833
f 482/836/834 481/837/835 480/838/836
f 368/835/833 369/839/837 364/827/825
f 368/835/833 480/838/836 369/839/837
f 369/839/837 592/749/745 364/827/825
f 369/839/837 374/840/838 592/749/745
f 480/838/836 374/840/838 369/839/837
f 374/840/838 473/751/747 592/749/745
f 481/837/835 375/841/839 480/838/836
f 480/838/836 375/841/839 374/840/838
f 374/840/838 376/842/840 473/751/747
f 375/841/839 376/842/840 374/840/838
f 376/842/840 578/755/751 473/751/747
f 548/843/841 578/755/751 376/842/840
f 375/841/839 548/843/841 376/842/840
f 548/843/841 550/761/757 578/755/751
f 481/837/835 551/844/842 375/841/839
f 551/844/842 548/843/841 375/841/839
f 576/696/692 551/844/842 481/837/835
f 576/696/692 552/691/687 551/844/842
f 551/844/842 549/845/843 548/843/841
f 552/691/687 549/845/843 551/844/842
f 549/845/843 550/761/757 548/843/841
f 552/691/687 555/688/684 549/845/843
f 549/845/843 553/692/688 550/761/757
f 555/688/684 553/692/688 549/845/843
f 640/846/844 641/847/845 639/848/846
f 899/849/847 639/848/846 641/847/845
f 899/849/847 641/847/845 716/850/848
f 641/847/845 715/851/849 716/850/848
f 898/852/850 639/848/846 899/849/847
f 641/847/845 713/853/851 715/851/849
f 713/853/851 641/847/845 640/846/844
f 713/853/851 714/854/852 715/851/849
f 712/855/853 714/854/852 713/853/851
f 640/846/844 712/855/853 713/853/851
f 640/846/844 706/856/854 712/855/853
f 706/856/854 640/846/844 639/848/846
f 706/856/854 708/857/855 712/855/853
f 707/858/856 708/857/855 706/856/854
f 639/848/846 707/858/856 706/856/854
f 707/858/856 639/848/846 717/859/857
f 639/848/846 724/860/858 717/859/857
f 639/848/846 898/852/850 724/860/858
f 724/860/858 718/861/859 717/859/857
f 718/861/859 719/862/860 717/859/857
f 720/863/861 719/862/860 718/861/859
f 725/864/862 720/863/861 718/861/859
f 724/860/858 725/864/862 718/861/859
f 720/863/861 725/864/862 721/865/863
f 725/864/862 724/860/858 726/866/864
f 725/864/862 726/866/864 721/865/863
f 722/867/865 724/860/858 898/852/850
f 726/866/864 724/860/858 722/867/865
f 726/866/864 722/867/865 721/865/863
f 898/852/850 727/868/866 722/867/865
f 722/867/865 723/869/867 721/865/863
f 727/868/866 723/869/867 722/867/865
f 646/870/868 647/871/869 645/872/868
f 654/873/870 647/871/869 646/870/868
f 645/872/868 647/871/869 900/874/868
f 647/871/869 654/873/870 653/875/871
f 656/876/872 647/871/869 653/875/871
f 656/876/872 653/875/871 655/877/873
f 848/878/868 900/874/868 647/871/869
f 659/879/874 656/876/872 655/877/873
f 848/878/868 902/880/868 900/874/868
f 901/881/868 902/880/868 848/878/868
f 901/881/868 848/878/868 918/882/868
f 918/882/868 848/878/868 850/883/868
f 655/877/873 657/884/875 659/879/874
f 849/885/876 850/883/868 848/878/868
f 850/883/868 849/885/876 917/886/868
f 917/886/868 849/885/876 916/887/868
f 915/888/877 916/887/868 849/885/876
f 915/888/877 849/885/876 851/889/878
f 849/885/876 852/890/878 851/889/878
f 658/891/879 659/879/874 657/884/875
s 0
f 905/892/880 658/891/880 657/884/880
s 1
f 906/893/881 658/891/879 905/892/882
f 903/894/883 659/879/874 658/891/879
f 904/895/884 659/879/874 903/894/883
f 835/896/885 836/897/886 834/898/887
f 870/899/888 871/900/889 836/897/886
f 835/896/885 870/899/888 836/897/886
f 856/901/890 870/899/888 835/896/885
f 847/902/891 856/901/890 835/896/885
f 834/898/887 846/903/892 835/896/885
f 846/903/892 847/902/891 835/896/885
f 856/901/890 847/902/891 844/904/893
f 867/192/187 856/901/890 844/904/893
f 844/904/893 838/191/186 867/192/187
f 844/904/893 847/902/891 845/905/894
f 847/902/891 846/903/892 845/905/894
f 838/191/186 844/904/893 839/906/895
f 844/904/893 845/905/894 839/906/895
f 838/191/186 839/906/895 837/193/188
f 837/193/188 839/906/895 866/198/193
f 839/906/895 864/907/896 866/198/193
f 839/906/895 845/905/894 864/907/896
f 866/198/193 864/907/896 865/199/194
f 864/907/896 863/908/897 865/199/194
f 845/905/894 861/909/898 864/907/896
f 864/907/896 861/909/898 863/908/897
f 861/909/898 845/905/894 846/903/892
f 861/909/898 862/910/899 863/908/897
f 860/911/900 861/909/898 846/903/892
f 862/910/899 861/909/898 860/911/900
f 846/903/892 834/898/887 860/911/900
f 857/912/901 862/910/899 860/911/900
f 834/898/887 858/913/902 860/911/900
f 860/911/900 858/913/902 857/912/901
f 858/913/902 859/914/903 857/912/901
f 920/915/904 921/916/904 919/917/905
f 921/916/904 923/918/906 919/917/905
f 922/919/907 919/917/905 923/918/906
f 923/918/906 924/920/908 922/919/907
f 924/920/908 927/921/907 922/919/907
f 924/920/908 928/922/909 927/921/907
f 923/918/906 925/923/910 924/920/908
f 923/918/906 926/924/911 925/923/910
f 930/925/2 931/926/1 929/927/3
f 931/926/1 930/925/2 1556/928/5
f 931/926/1 1558/929/4 929/927/3
f 930/925/2 1557/930/7 1556/928/5
f 929/927/3 1558/929/4 933/931/6
f 1556/928/5 1557/930/7 939/932/9
f 1558/929/4 934/933/8 933/931/6
f 1557/930/7 940/934/912 939/932/9
f 933/931/6 934/933/8 932/935/10
f 939/932/9 940/934/912 938/936/13
f 934/933/8 1560/937/12 932/935/10
f 940/934/912 941/938/15 938/936/13
f 932/935/10 1560/937/12 1559/939/14
f 938/936/13 941/938/15 935/940/17
f 1560/937/12 1701/941/16 1559/939/14
f 941/938/15 936/942/19 935/940/17
f 944/943/18 1559/939/14 1701/941/16
f 936/942/19 937/944/20 935/940/17
f 944/943/18 1701/941/16 942/945/18
f 943/946/18 944/943/18 942/945/18
f 943/946/18 1702/947/18 944/943/18
f 937/944/20 1115/948/913 935/940/17
f 1114/949/914 1115/948/913 937/944/20
f 1677/950/915 1115/948/913 1114/949/914
f 1677/950/915 1114/949/914 1676/951/24
f 1676/951/24 1717/952/24 1677/950/915
f 1676/951/24 1718/953/24 1717/952/24
f 946/954/916 947/955/917 945/956/918
f 946/954/916 945/956/918 955/957/919
f 960/958/920 947/955/917 946/954/916
f 947/955/917 977/959/921 945/956/918
f 968/960/922 960/958/920 946/954/916
f 947/955/917 960/958/920 959/961/923
f 947/955/917 961/962/924 977/959/921
f 961/962/924 947/955/917 959/961/923
f 979/963/925 945/956/918 977/959/921
f 968/960/922 946/954/916 956/964/926
f 956/964/926 946/954/916 955/957/919
f 960/958/920 968/960/922 1002/965/927
f 959/961/923 960/958/920 958/966/928
f 960/958/920 1002/965/927 958/966/928
f 959/961/923 958/966/928 1154/967/929
f 968/960/922 1023/968/930 1002/965/927
f 969/969/931 968/960/922 956/964/926
f 968/960/922 969/969/931 1023/968/930
f 956/964/926 983/970/932 969/969/931
f 955/957/919 983/970/932 956/964/926
f 969/969/931 1015/971/933 1023/968/930
f 969/969/931 983/970/932 1004/972/934
f 1015/971/933 969/969/931 1004/972/934
f 983/970/932 1005/973/935 1004/972/934
f 1005/973/935 1670/974/936 1004/972/934
f 1005/973/935 983/970/932 984/975/937
f 955/957/919 984/975/937 983/970/932
f 1667/976/938 1005/973/935 984/975/937
f 984/975/937 982/977/939 1667/976/938
f 982/977/939 984/975/937 955/957/919
f 982/977/939 1654/978/940 1667/976/938
f 1654/978/940 982/977/939 1653/979/941
f 1016/980/942 1004/972/934 1670/974/936
f 1004/972/934 1016/980/942 1015/971/933
f 1668/981/943 1016/980/942 1670/974/936
f 982/977/939 981/982/944 1653/979/941
f 1653/979/941 981/982/944 1128/983/945
f 950/984/946 982/977/939 955/957/919
f 982/977/939 950/984/946 981/982/944
f 955/957/919 945/956/918 950/984/946
f 1092/985/947 1016/980/942 1668/981/943
f 1669/986/948 1092/985/947 1668/981/943
f 1092/985/947 970/987/949 1016/980/942
f 970/987/949 1015/971/933 1016/980/942
f 1092/985/947 1669/986/948 1109/988/950
f 1092/985/947 1109/988/950 970/987/949
f 1669/986/948 1611/989/951 1109/988/950
f 1015/971/933 970/987/949 967/990/952
f 1023/968/930 1015/971/933 967/990/952
f 1109/988/950 1611/989/951 1122/991/953
f 1611/989/951 1712/991/954 1122/991/953
f 1122/991/953 1712/991/954 1671/992/955
f 967/990/952 966/993/956 1023/968/930
f 966/993/956 1002/965/927 1023/968/930
f 972/994/957 967/990/952 970/987/949
f 966/993/956 1003/995/958 1002/965/927
f 1003/995/958 958/966/928 1002/965/927
f 966/993/956 967/990/952 965/996/959
f 967/990/952 972/994/957 965/996/959
f 1006/997/960 1003/995/958 966/993/956
f 965/996/959 1006/997/960 966/993/956
f 1003/995/958 1237/998/961 958/966/928
f 1006/997/960 1378/999/962 1003/995/958
f 1378/999/962 1237/998/961 1003/995/958
f 1237/998/961 1154/967/929 958/966/928
f 1170/1000/963 1378/999/962 1006/997/960
f 986/1001/964 1006/997/960 965/996/959
f 986/1001/964 1170/1000/963 1006/997/960
f 964/1002/965 986/1001/964 965/996/959
f 965/996/959 972/994/957 964/1002/965
f 1170/1000/963 986/1001/964 1169/1003/966
f 1237/998/961 1378/999/962 1174/1004/967
f 986/1001/964 985/1005/968 1169/1003/966
f 986/1001/964 964/1002/965 985/1005/968
f 1170/1000/963 1155/1006/969 1378/999/962
f 1155/1006/969 1174/1004/967 1378/999/962
f 1170/1000/963 1169/1003/966 1156/1007/970
f 1155/1006/969 1170/1000/963 1156/1007/970
f 1169/1003/966 985/1005/968 1426/1008/971
f 1156/1007/970 1169/1003/966 1426/1008/971
f 964/1002/965 963/1009/972 985/1005/968
f 1156/1007/970 1157/1010/973 1155/1006/969
f 985/1005/968 963/1009/972 1008/1011/974
f 985/1005/968 1008/1011/974 1426/1008/971
f 1524/1012/975 1156/1007/970 1426/1008/971
f 1157/1010/973 1156/1007/970 1524/1012/975
f 1426/1008/971 1008/1011/974 1007/1013/976
f 1524/1012/975 1426/1008/971 1111/1014/977
f 1111/1014/977 1426/1008/971 1007/1013/976
f 1521/1015/978 1524/1012/975 1111/1014/977
f 1007/1013/976 1008/1011/974 974/1016/979
f 963/1009/972 975/1017/980 1008/1011/974
f 1008/1011/974 975/1017/980 974/1016/979
f 1007/1013/976 974/1016/979 1063/1018/981
f 975/1017/980 963/1009/972 998/1019/982
f 974/1016/979 975/1017/980 973/1020/983
f 975/1017/980 998/1019/982 973/1020/983
f 974/1016/979 973/1020/983 1035/1021/984
f 1063/1018/981 974/1016/979 1035/1021/984
f 973/1020/983 998/1019/982 997/1022/985
f 963/1009/972 962/1023/986 998/1019/982
f 963/1009/972 964/1002/965 962/1023/986
f 998/1019/982 962/1023/986 1013/1024/987
f 998/1019/982 1013/1024/987 997/1022/985
f 964/1002/965 1064/1025/988 962/1023/986
f 972/994/957 1064/1025/988 964/1002/965
f 962/1023/986 1010/1026/989 1013/1024/987
f 962/1023/986 1064/1025/988 1010/1026/989
f 997/1022/985 1013/1024/987 1012/1027/990
f 1064/1025/988 972/994/957 1011/1028/991
f 1064/1025/988 1011/1028/991 1010/1026/989
f 1013/1024/987 1010/1026/989 1051/1029/992
f 1013/1024/987 1051/1029/992 1012/1027/990
f 1010/1026/989 1011/1028/991 1009/1030/993
f 1010/1026/989 1009/1030/993 1051/1029/992
f 972/994/957 971/1031/994 1011/1028/991
f 971/1031/994 972/994/957 970/987/949
f 1109/988/950 971/1031/994 970/987/949
f 1011/1028/991 971/1031/994 1056/1032/995
f 1011/1028/991 1056/1032/995 1009/1030/993
f 1109/988/950 1108/1033/996 971/1031/994
f 971/1031/994 1108/1033/996 1056/1032/995
f 1108/1033/996 1109/988/950 1122/991/953
f 1009/1030/993 1056/1032/995 1025/1034/997
f 1056/1032/995 1108/1033/996 1026/1035/998
f 1056/1032/995 1026/1035/998 1025/1034/997
f 1102/1036/999 1108/1033/996 1122/991/953
f 1108/1033/996 1102/1036/999 1026/1035/998
f 1102/1036/999 1122/991/953 1057/1037/1000
f 1026/1035/998 1102/1036/999 1101/1038/1001
f 1102/1036/999 1057/1037/1000 1101/1038/1001
f 1122/991/953 1058/1039/1002 1057/1037/1000
f 1058/1039/1002 1122/991/953 1671/992/955
f 1671/992/955 1672/1040/1003 1058/1039/1002
f 1672/1040/1003 1072/1041/1004 1058/1039/1002
f 1072/1041/1004 1073/1042/1005 1058/1039/1002
f 1073/1042/1005 1059/1043/1006 1058/1039/1002
f 1058/1039/1002 1059/1043/1006 1057/1037/1000
f 1073/1042/1005 1091/1044/1007 1059/1043/1006
f 1059/1043/1006 1099/1045/1008 1057/1037/1000
f 1091/1044/1007 1099/1045/1008 1059/1043/1006
f 1099/1045/1008 1101/1038/1001 1057/1037/1000
f 1091/1044/1007 1100/1046/1009 1099/1045/1008
f 1100/1046/1009 1140/1047/1010 1099/1045/1008
f 1099/1045/1008 1140/1047/1010 1101/1038/1001
f 1140/1047/1010 1100/1046/1009 1139/1048/1011
f 1140/1047/1010 1024/1049/1012 1101/1038/1001
f 1026/1035/998 1101/1038/1001 1024/1049/1012
f 1025/1034/997 1026/1035/998 1024/1049/1012
f 1065/1050/1013 1140/1047/1010 1139/1048/1011
f 1024/1049/1012 1140/1047/1010 1065/1050/1013
f 1065/1050/1013 1139/1048/1011 1137/1051/1014
f 1025/1034/997 1024/1049/1012 1066/1052/1015
f 1066/1052/1015 1024/1049/1012 1065/1050/1013
f 1067/1053/1016 1025/1034/997 1066/1052/1015
f 1138/1054/1017 1065/1050/1013 1137/1051/1014
f 1065/1050/1013 1138/1054/1017 1066/1052/1015
f 1138/1054/1017 1137/1051/1014 1641/1055/1018
f 1009/1030/993 1025/1034/997 1067/1053/1016
f 1138/1054/1017 1068/1056/1019 1066/1052/1015
f 1066/1052/1015 1068/1056/1019 1067/1053/1016
f 1098/1054/1020 1138/1054/1017 1641/1055/1018
f 1068/1056/1019 1138/1054/1017 1098/1054/1020
f 1098/1054/1020 1641/1055/1018 1640/1057/1021
f 1088/1058/1022 1098/1054/1020 1640/1057/1021
f 1090/1059/1023 1098/1054/1020 1088/1058/1022
f 1090/1059/1023 1068/1056/1019 1098/1054/1020
f 1089/1059/1024 1090/1059/1023 1088/1058/1022
f 1068/1056/1019 1645/1060/1025 1067/1053/1016
f 1068/1056/1019 1090/1059/1023 1645/1060/1025
f 1090/1059/1023 1089/1059/1024 1646/1060/1026
f 1090/1059/1023 1646/1060/1026 1645/1060/1025
f 1089/1059/1024 1661/1061/1027 1646/1060/1026
f 1067/1053/1016 1645/1060/1025 1103/1062/1028
f 1103/1062/1028 1645/1060/1025 1646/1060/1026
f 1593/1063/1029 1646/1060/1026 1661/1061/1027
f 1593/1063/1029 1103/1062/1028 1646/1060/1026
f 1594/1064/1030 1593/1063/1029 1661/1061/1027
f 1594/1064/1030 1595/1065/1031 1593/1063/1029
f 1595/1065/1031 1592/1066/1032 1593/1063/1029
f 1593/1063/1029 1592/1066/1032 1103/1062/1028
f 1592/1066/1032 1595/1065/1031 1590/1067/1033
f 1052/1068/1034 1067/1053/1016 1103/1062/1028
f 1052/1068/1034 1009/1030/993 1067/1053/1016
f 1051/1029/992 1009/1030/993 1052/1068/1034
f 1052/1068/1034 1103/1062/1028 1050/1069/1035
f 1592/1066/1032 1050/1069/1035 1103/1062/1028
f 1051/1029/992 1052/1068/1034 1050/1069/1035
f 1591/1069/1036 1592/1066/1032 1590/1067/1033
f 1050/1069/1035 1592/1066/1032 1591/1069/1036
f 1590/1067/1033 1650/1070/1037 1591/1069/1036
f 1051/1029/992 1050/1069/1035 1596/1071/1038
f 1596/1071/1038 1050/1069/1035 1591/1069/1036
f 1012/1027/990 1051/1029/992 1596/1071/1038
f 1650/1070/1037 1649/1072/1039 1591/1069/1036
f 1591/1069/1036 1649/1072/1039 1596/1071/1038
f 1650/1070/1037 1651/1073/1040 1649/1072/1039
f 1651/1073/1040 1647/1074/1041 1649/1072/1039
f 1649/1072/1039 1648/1075/1042 1596/1071/1038
f 1596/1071/1038 1648/1075/1042 1012/1027/990
f 1649/1072/1039 1647/1074/1041 1648/1075/1042
f 1012/1027/990 1648/1075/1042 1019/1076/1043
f 1647/1074/1041 1019/1076/1043 1648/1075/1042
f 1054/1077/1044 1012/1027/990 1019/1076/1043
f 997/1022/985 1012/1027/990 1054/1077/1044
f 1019/1076/1043 1647/1074/1041 1017/1078/1045
f 1647/1074/1041 1714/1073/1046 1603/1079/1047
f 1017/1078/1045 1647/1074/1041 1603/1079/1047
f 1603/1079/1047 1604/1080/1048 1017/1078/1045
f 1032/1081/1049 997/1022/985 1054/1077/1044
f 973/1020/983 997/1022/985 1032/1081/1049
f 1035/1021/984 973/1020/983 1032/1081/1049
f 1018/1082/1050 1019/1076/1043 1017/1078/1045
f 1019/1076/1043 1018/1082/1050 1054/1077/1044
f 1604/1080/1048 1605/1083/1051 1017/1078/1045
f 1017/1078/1045 1605/1083/1051 1018/1082/1050
f 1605/1083/1051 1604/1080/1048 1606/1083/1052
f 1607/1084/1053 1605/1083/1051 1606/1083/1052
f 1605/1083/1051 1607/1084/1053 1018/1082/1050
f 1606/1083/1052 1652/1085/1054 1607/1084/1053
f 1018/1082/1050 1030/1086/1055 1054/1077/1044
f 1018/1082/1050 1607/1084/1053 1030/1086/1055
f 1032/1081/1049 1054/1077/1044 1030/1086/1055
f 1652/1085/1054 1104/1085/1056 1607/1084/1053
f 1607/1084/1053 1104/1085/1056 1030/1086/1055
f 1104/1085/1056 1652/1085/1054 1629/1087/1057
f 1652/1085/1054 1631/1088/1058 1629/1087/1057
f 1030/1086/1055 1104/1085/1056 1031/1089/1059
f 1031/1089/1059 1032/1081/1049 1030/1086/1055
f 1104/1085/1056 1629/1087/1057 1031/1089/1059
f 1032/1081/1049 1031/1089/1059 1035/1021/984
f 1631/1088/1058 1632/1090/1060 1629/1087/1057
f 1031/1089/1059 1628/1091/1061 1035/1021/984
f 1031/1089/1059 1629/1087/1057 1628/1091/1061
f 1035/1021/984 1628/1091/1061 1063/1018/981
f 1632/1090/1060 1141/1091/1062 1629/1087/1057
f 1629/1087/1057 1141/1091/1062 1628/1091/1061
f 1141/1091/1062 1632/1090/1060 1630/1092/1063
f 1628/1091/1061 1143/1093/1064 1063/1018/981
f 1143/1093/1064 1628/1091/1061 1141/1091/1062
f 1142/1094/1065 1141/1091/1062 1630/1092/1063
f 1142/1094/1065 1143/1093/1064 1141/1091/1062
f 1142/1094/1065 1630/1092/1063 1699/1095/1066
f 1696/1096/1067 1142/1094/1065 1699/1095/1066
f 1696/1096/1067 1699/1095/1066 1658/1097/1068
f 1143/1093/1064 1142/1094/1065 1698/1098/1069
f 1142/1094/1065 1696/1096/1067 1698/1098/1069
f 1143/1093/1064 952/1099/1070 1063/1018/981
f 952/1099/1070 1143/1093/1064 1698/1098/1069
f 952/1099/1070 951/1100/1071 1063/1018/981
f 951/1100/1071 1007/1013/976 1063/1018/981
f 1111/1014/977 1007/1013/976 951/1100/1071
f 1657/1101/1072 1696/1096/1067 1658/1097/1068
f 1658/1097/1068 1659/1102/1073 1657/1101/1072
f 1659/1102/1073 1715/1103/1074 1657/1101/1072
f 1657/1101/1072 1715/1103/1074 1655/1104/1075
f 1657/1101/1072 1656/1105/1076 1696/1096/1067
f 1656/1105/1076 1657/1101/1072 1655/1104/1075
f 1656/1105/1076 1698/1098/1069 1696/1096/1067
f 1562/1106/1077 1656/1105/1076 1655/1104/1075
f 1698/1098/1069 1656/1105/1076 954/1107/1078
f 1656/1105/1076 1562/1106/1077 954/1107/1078
f 954/1107/1078 952/1099/1070 1698/1098/1069
f 1563/1108/1079 1562/1106/1077 1655/1104/1075
f 954/1107/1078 953/1109/1080 952/1099/1070
f 952/1099/1070 953/1109/1080 951/1100/1071
f 1562/1106/1077 1151/1110/1081 954/1107/1078
f 1151/1110/1081 953/1109/1080 954/1107/1078
f 1563/1108/1079 1564/1111/1082 1562/1106/1077
f 1564/1111/1082 1151/1110/1081 1562/1106/1077
f 1563/1108/1079 1687/1112/1083 1564/1111/1082
f 1687/1112/1083 1680/1113/1084 1564/1111/1082
f 951/1100/1071 953/1109/1080 1110/1114/1085
f 1110/1114/1085 1111/1014/977 951/1100/1071
f 953/1109/1080 1151/1110/1081 1150/1115/1086
f 953/1109/1080 1150/1115/1086 1110/1114/1085
f 1521/1015/978 1111/1014/977 1110/1114/1085
f 1151/1110/1081 1340/1116/1087 1150/1115/1086
f 1151/1110/1081 1564/1111/1082 1340/1116/1087
f 1564/1111/1082 1680/1113/1084 1341/1117/1088
f 1564/1111/1082 1341/1117/1088 1340/1116/1087
f 1680/1113/1084 1681/1117/1089 1341/1117/1088
f 1110/1114/1085 1150/1115/1086 1530/1118/1090
f 1530/1118/1090 1521/1015/978 1110/1114/1085
f 1150/1115/1086 1340/1116/1087 1517/1119/1091
f 1150/1115/1086 1517/1119/1091 1530/1118/1090
f 1340/1116/1087 1341/1117/1088 1339/1120/1092
f 1340/1116/1087 1339/1120/1092 1517/1119/1091
f 1683/1120/1093 1341/1117/1088 1681/1117/1089
f 1341/1117/1088 1683/1120/1093 1339/1120/1092
f 1682/1121/1094 1683/1120/1093 1681/1117/1089
f 1682/1121/1094 1684/1122/1095 1683/1120/1093
f 1684/1122/1095 1519/1123/1096 1683/1120/1093
f 1683/1120/1093 1519/1123/1096 1339/1120/1092
f 1519/1123/1096 1684/1122/1095 1685/1124/1097
f 1339/1120/1092 1518/1125/1098 1517/1119/1091
f 1519/1123/1096 1518/1125/1098 1339/1120/1092
f 1520/1126/1099 1519/1123/1096 1685/1124/1097
f 1519/1123/1096 1520/1126/1099 1518/1125/1098
f 1685/1124/1097 1686/1127/1100 1520/1126/1099
f 1517/1119/1091 1518/1125/1098 1515/1128/1101
f 1520/1126/1099 1515/1128/1101 1518/1125/1098
f 1686/1127/1100 1516/1129/1102 1520/1126/1099
f 1516/1129/1102 1515/1128/1101 1520/1126/1099
f 1686/1127/1100 1695/1130/1103 1516/1129/1102
f 1515/1128/1101 1514/1131/1104 1517/1119/1091
f 1515/1128/1101 1516/1129/1102 1514/1131/1104
f 1514/1131/1104 1530/1118/1090 1517/1119/1091
f 1695/1130/1103 1536/1132/1105 1516/1129/1102
f 1516/1129/1102 1536/1132/1105 1514/1131/1104
f 1695/1130/1103 1678/1133/1106 1536/1132/1105
f 1530/1118/1090 1514/1131/1104 1522/1134/1107
f 1514/1131/1104 1536/1132/1105 1522/1134/1107
f 1521/1015/978 1530/1118/1090 1522/1134/1107
f 1678/1133/1106 1526/1135/1108 1536/1132/1105
f 1522/1134/1107 1536/1132/1105 1526/1135/1108
f 1526/1135/1108 1678/1133/1106 1580/1136/1109
f 1678/1133/1106 1679/1136/1110 1580/1136/1109
f 1527/1137/1111 1522/1134/1107 1526/1135/1108
f 1527/1137/1111 1526/1135/1108 1580/1136/1109
f 1522/1134/1107 1523/1138/1112 1521/1015/978
f 1523/1138/1112 1522/1134/1107 1527/1137/1111
f 1523/1138/1112 1524/1012/975 1521/1015/978
f 1523/1138/1112 1157/1010/973 1524/1012/975
f 1525/1139/1113 1523/1138/1112 1527/1137/1111
f 1523/1138/1112 1525/1139/1113 1157/1010/973
f 1535/1140/1114 1527/1137/1111 1580/1136/1109
f 1525/1139/1113 1527/1137/1111 1535/1140/1114
f 1580/1136/1109 1679/1136/1110 1543/1141/1115
f 1679/1136/1110 1544/1142/1116 1543/1141/1115
f 1543/1141/1115 1544/1142/1116 1542/1143/1117
f 1544/1142/1116 1709/1144/1118 1542/1143/1117
f 1542/1143/1117 1561/1145/1119 1543/1141/1115
f 1543/1141/1115 1294/1146/1120 1580/1136/1109
f 1561/1145/1119 1294/1146/1120 1543/1141/1115
f 1294/1146/1120 1535/1140/1114 1580/1136/1109
f 1294/1146/1120 1561/1145/1119 1293/1147/1121
f 1240/1148/1122 1535/1140/1114 1294/1146/1120
f 1240/1148/1122 1294/1146/1120 1293/1147/1121
f 1240/1148/1122 1525/1139/1113 1535/1140/1114
f 1240/1148/1122 1293/1147/1121 1238/1149/1123
f 1239/1150/1124 1240/1148/1122 1238/1149/1123
f 1240/1148/1122 1239/1150/1124 1525/1139/1113
f 1239/1150/1124 1238/1149/1123 1510/1151/1125
f 1239/1150/1124 1159/1152/1126 1525/1139/1113
f 1525/1139/1113 1159/1152/1126 1157/1010/973
f 1511/1153/1127 1239/1150/1124 1510/1151/1125
f 1239/1150/1124 1511/1153/1127 1159/1152/1126
f 1511/1153/1127 1510/1151/1125 1538/1154/1128
f 1157/1010/973 1159/1152/1126 1158/1155/1129
f 1157/1010/973 1158/1155/1129 1155/1006/969
f 1155/1006/969 1158/1155/1129 1174/1004/967
f 1159/1152/1126 1537/1156/1130 1158/1155/1129
f 1511/1153/1127 1537/1156/1130 1159/1152/1126
f 1216/1157/1131 1511/1153/1127 1538/1154/1128
f 1537/1156/1130 1511/1153/1127 1216/1157/1131
f 1216/1157/1131 1538/1154/1128 1214/1158/1132
f 1158/1155/1129 1537/1156/1130 1175/1159/1133
f 1158/1155/1129 1175/1159/1133 1174/1004/967
f 1177/1160/1134 1537/1156/1130 1216/1157/1131
f 1537/1156/1130 1177/1160/1134 1175/1159/1133
f 1215/1161/1135 1216/1157/1131 1214/1158/1132
f 1216/1157/1131 1215/1161/1135 1177/1160/1134
f 1215/1161/1135 1214/1158/1132 1418/1162/1136
f 1177/1160/1134 1178/1163/1137 1175/1159/1133
f 1215/1161/1135 1178/1163/1137 1177/1160/1134
f 1236/1164/1138 1215/1161/1135 1418/1162/1136
f 1215/1161/1135 1236/1164/1138 1178/1163/1137
f 1236/1164/1138 1418/1162/1136 1235/1165/1139
f 1178/1163/1137 1176/1166/1140 1175/1159/1133
f 1175/1159/1133 1176/1166/1140 1174/1004/967
f 1236/1164/1138 1161/1167/1141 1178/1163/1137
f 1178/1163/1137 1161/1167/1141 1176/1166/1140
f 1218/1168/1142 1236/1164/1138 1235/1165/1139
f 1236/1164/1138 1218/1168/1142 1161/1167/1141
f 1218/1168/1142 1235/1165/1139 1217/1169/1143
f 1176/1166/1140 1377/1170/1144 1174/1004/967
f 1377/1170/1144 1237/998/961 1174/1004/967
f 1161/1167/1141 1160/1171/1145 1176/1166/1140
f 1176/1166/1140 1160/1171/1145 1377/1170/1144
f 1154/967/929 1237/998/961 1377/1170/1144
f 1161/1167/1141 1162/1172/1146 1160/1171/1145
f 1218/1168/1142 1162/1172/1146 1161/1167/1141
f 1160/1171/1145 1163/1173/1147 1377/1170/1144
f 1163/1173/1147 1154/967/929 1377/1170/1144
f 1162/1172/1146 1164/1174/1148 1160/1171/1145
f 1160/1171/1145 1164/1174/1148 1163/1173/1147
f 1218/1168/1142 1207/1175/1149 1162/1172/1146
f 1207/1175/1149 1218/1168/1142 1217/1169/1143
f 1207/1175/1149 1217/1169/1143 1203/1176/1150
f 1207/1175/1149 1167/1177/1151 1162/1172/1146
f 1162/1172/1146 1167/1177/1151 1164/1174/1148
f 1206/1178/1152 1207/1175/1149 1203/1176/1150
f 1207/1175/1149 1206/1178/1152 1167/1177/1151
f 1191/1179/1153 1206/1178/1152 1203/1176/1150
f 1204/1180/1154 1191/1179/1153 1203/1176/1150
f 1206/1178/1152 1202/1181/1155 1167/1177/1151
f 1213/1182/1156 1191/1179/1153 1204/1180/1154
f 1212/1183/1157 1213/1182/1156 1204/1180/1154
f 1206/1178/1152 1191/1179/1153 1190/1184/1158
f 1202/1181/1155 1206/1178/1152 1190/1184/1158
f 1191/1179/1153 1213/1182/1156 1189/1185/1159
f 1190/1184/1158 1191/1179/1153 1189/1185/1159
f 1234/1186/1160 1213/1182/1156 1212/1183/1157
f 1192/1187/1161 1234/1186/1160 1212/1183/1157
f 1189/1185/1159 1213/1182/1156 1432/1188/1162
f 1213/1182/1156 1234/1186/1160 1432/1188/1162
f 1194/1189/1163 1234/1186/1160 1192/1187/1161
f 1193/1190/1164 1194/1189/1163 1192/1187/1161
f 1432/1188/1162 1234/1186/1160 1369/1191/1165
f 1234/1186/1160 1194/1189/1163 1369/1191/1165
f 1320/1192/1166 1194/1189/1163 1193/1190/1164
f 1359/1193/1167 1320/1192/1166 1193/1190/1164
f 1369/1191/1165 1194/1189/1163 1319/1194/1168
f 1194/1189/1163 1320/1192/1166 1319/1194/1168
f 1360/1195/1169 1320/1192/1166 1359/1193/1167
f 1299/1196/1170 1360/1195/1169 1359/1193/1167
f 1319/1194/1168 1320/1192/1166 1318/1197/1171
f 1320/1192/1166 1360/1195/1169 1318/1197/1171
f 1301/1198/1172 1360/1195/1169 1299/1196/1170
f 1300/1199/1173 1301/1198/1172 1299/1196/1170
f 1318/1197/1171 1360/1195/1169 1481/1200/1174
f 1360/1195/1169 1301/1198/1172 1481/1200/1174
f 1503/1201/1175 1301/1198/1172 1300/1199/1173
f 1495/1202/1176 1503/1201/1175 1300/1199/1173
f 1481/1200/1174 1301/1198/1172 1482/1203/1177
f 1301/1198/1172 1503/1201/1175 1482/1203/1177
f 1497/1204/1178 1503/1201/1175 1495/1202/1176
f 1496/1205/1179 1497/1204/1178 1495/1202/1176
f 1482/1203/1177 1503/1201/1175 1505/1206/1180
f 1503/1201/1175 1497/1204/1178 1505/1206/1180
f 1497/1204/1178 1496/1205/1179 1499/1207/1181
f 1496/1205/1179 1500/1208/1182 1499/1207/1181
f 1505/1206/1180 1497/1204/1178 1493/1209/1183
f 1497/1204/1178 1499/1207/1181 1493/1209/1183
f 1499/1207/1181 1500/1208/1182 1498/1210/1184
f 1500/1208/1182 1330/1211/1185 1498/1210/1184
f 1493/1209/1183 1499/1207/1181 1334/1212/1186
f 1499/1207/1181 1498/1210/1184 1334/1212/1186
f 1332/1213/1187 1498/1210/1184 1330/1211/1185
f 1331/1214/1188 1332/1213/1187 1330/1211/1185
f 1331/1214/1188 1417/1215/1189 1332/1213/1187
f 1498/1210/1184 1332/1213/1187 1335/1216/1190
f 1334/1212/1186 1498/1210/1184 1335/1216/1190
f 1417/1215/1189 1431/1217/1191 1332/1213/1187
f 1332/1213/1187 1431/1217/1191 1335/1216/1190
f 1417/1215/1189 1322/1218/1192 1431/1217/1191
f 1322/1218/1192 1321/1219/1193 1431/1217/1191
f 1322/1218/1192 1323/1220/1194 1321/1219/1193
f 1431/1217/1191 1327/1221/1195 1335/1216/1190
f 1431/1217/1191 1321/1219/1193 1327/1221/1195
f 1335/1216/1190 1336/1222/1196 1334/1212/1186
f 1335/1216/1190 1327/1221/1195 1336/1222/1196
f 1336/1222/1196 1337/1223/1197 1334/1212/1186
f 1334/1212/1186 1337/1223/1197 1493/1209/1183
f 1323/1220/1194 1423/1224/1198 1321/1219/1193
f 1323/1220/1194 1484/1225/1199 1423/1224/1198
f 1321/1219/1193 1328/1226/1200 1327/1221/1195
f 1328/1226/1200 1321/1219/1193 1423/1224/1198
f 1327/1221/1195 1325/1227/1201 1336/1222/1196
f 1327/1221/1195 1328/1226/1200 1325/1227/1201
f 1336/1222/1196 1338/1228/1202 1337/1223/1197
f 1336/1222/1196 1325/1227/1201 1338/1228/1202
f 1484/1225/1199 1485/1229/1203 1423/1224/1198
f 1484/1225/1199 1486/1230/1204 1485/1229/1203
f 1419/1231/1205 1328/1226/1200 1423/1224/1198
f 1423/1224/1198 1485/1229/1203 1419/1231/1205
f 1328/1226/1200 1326/1232/1206 1325/1227/1201
f 1326/1232/1206 1328/1226/1200 1419/1231/1205
f 1325/1227/1201 1324/1233/1207 1338/1228/1202
f 1325/1227/1201 1326/1232/1206 1324/1233/1207
f 1486/1230/1204 1512/1234/1208 1485/1229/1203
f 1512/1234/1208 1486/1230/1204 1539/1235/1209
f 1485/1229/1203 1460/1236/1210 1419/1231/1205
f 1485/1229/1203 1512/1234/1208 1460/1236/1210
f 1420/1237/1211 1326/1232/1206 1419/1231/1205
f 1419/1231/1205 1460/1236/1210 1420/1237/1211
f 1326/1232/1206 1425/1238/1212 1324/1233/1207
f 1425/1238/1212 1326/1232/1206 1420/1237/1211
f 1324/1233/1207 1425/1238/1212 1424/1239/1213
f 1324/1233/1207 1424/1239/1213 1389/1240/1214
f 1338/1228/1202 1324/1233/1207 1389/1240/1214
f 1425/1238/1212 1409/1241/1215 1424/1239/1213
f 1407/1242/1216 1425/1238/1212 1420/1237/1211
f 1409/1241/1215 1425/1238/1212 1407/1242/1216
f 1460/1236/1210 1461/1243/1217 1420/1237/1211
f 1420/1237/1211 1461/1243/1217 1407/1242/1216
f 1460/1236/1210 1458/1244/1218 1461/1243/1217
f 1512/1234/1208 1458/1244/1218 1460/1236/1210
f 1424/1239/1213 1409/1241/1215 1388/1245/1219
f 1389/1240/1214 1424/1239/1213 1388/1245/1219
f 1458/1244/1218 1512/1234/1208 1456/1246/1220
f 1456/1246/1220 1512/1234/1208 1539/1235/1209
f 1456/1246/1220 1539/1235/1209 1459/1247/1221
f 1539/1235/1209 1689/1248/1222 1459/1247/1221
f 1457/1249/1223 1458/1244/1218 1456/1246/1220
f 1456/1246/1220 1459/1247/1221 1457/1249/1223
f 1475/1250/1224 1458/1244/1218 1457/1249/1223
f 1458/1244/1218 1475/1250/1224 1461/1243/1217
f 1459/1247/1221 1171/1251/1225 1457/1249/1223
f 1173/1252/1226 1475/1250/1224 1457/1249/1223
f 1173/1252/1226 1457/1249/1223 1171/1251/1225
f 1461/1243/1217 1475/1250/1224 1445/1253/1227
f 1461/1243/1217 1445/1253/1227 1407/1242/1216
f 1446/1254/1228 1475/1250/1224 1173/1252/1226
f 1475/1250/1224 1446/1254/1228 1445/1253/1227
f 1172/1255/1229 1173/1252/1226 1171/1251/1225
f 1451/1256/1230 1446/1254/1228 1173/1252/1226
f 1451/1256/1230 1173/1252/1226 1172/1255/1229
f 1407/1242/1216 1445/1253/1227 1408/1257/1231
f 1408/1257/1231 1409/1241/1215 1407/1242/1216
f 1445/1253/1227 1446/1254/1228 1444/1258/1232
f 1445/1253/1227 1444/1258/1232 1408/1257/1231
f 1448/1259/1233 1446/1254/1228 1451/1256/1230
f 1446/1254/1228 1448/1259/1233 1444/1258/1232
f 1409/1241/1215 1408/1257/1231 1476/1260/1234
f 1449/1261/1235 1448/1259/1233 1451/1256/1230
f 1408/1257/1231 1444/1258/1232 1415/1262/1236
f 1408/1257/1231 1415/1262/1236 1476/1260/1234
f 1444/1258/1232 1448/1259/1233 1447/1263/1237
f 1444/1258/1232 1447/1263/1237 1415/1262/1236
f 1409/1241/1215 1476/1260/1234 1388/1245/1219
f 1448/1259/1233 1450/1264/1238 1447/1263/1237
f 1450/1264/1238 1448/1259/1233 1449/1261/1235
f 1434/1265/1239 1447/1263/1237 1450/1264/1238
f 1415/1262/1236 1447/1263/1237 1416/1266/1240
f 1447/1263/1237 1434/1265/1239 1416/1266/1240
f 1406/1267/1241 1476/1260/1234 1415/1262/1236
f 1416/1266/1240 1406/1267/1241 1415/1262/1236
f 1476/1260/1234 1406/1267/1241 1405/1268/1242
f 1388/1245/1219 1476/1260/1234 1405/1268/1242
f 1413/1269/1243 1406/1267/1241 1416/1266/1240
f 1405/1268/1242 1406/1267/1241 1404/1270/1244
f 1406/1267/1241 1413/1269/1243 1404/1270/1244
f 1388/1245/1219 1405/1268/1242 1385/1271/1245
f 1405/1268/1242 1404/1270/1244 1385/1271/1245
f 1381/1272/1246 1388/1245/1219 1385/1271/1245
f 1381/1272/1246 1389/1240/1214 1388/1245/1219
f 1404/1270/1244 1390/1273/1247 1385/1271/1245
f 1248/1274/1248 1413/1269/1243 1416/1266/1240
f 1416/1266/1240 1434/1265/1239 1248/1274/1248
f 1404/1270/1244 1413/1269/1243 1412/1275/1249
f 1404/1270/1244 1412/1275/1249 1390/1273/1247
f 1329/1276/1250 1413/1269/1243 1248/1274/1248
f 1413/1269/1243 1329/1276/1250 1412/1275/1249
f 1385/1271/1245 1390/1273/1247 1383/1277/1251
f 1385/1271/1245 1383/1277/1251 1381/1272/1246
f 1412/1275/1249 1401/1278/1252 1390/1273/1247
f 1390/1273/1247 1403/1279/1253 1383/1277/1251
f 1390/1273/1247 1401/1278/1252 1403/1279/1253
f 1383/1277/1251 1382/1280/1254 1381/1272/1246
f 1383/1277/1251 1403/1279/1253 1382/1280/1254
f 1412/1275/1249 1329/1276/1250 1411/1281/1255
f 1412/1275/1249 1411/1281/1255 1401/1278/1252
f 1381/1272/1246 1382/1280/1254 1380/1282/1256
f 1329/1276/1250 1410/1283/1257 1411/1281/1255
f 1403/1279/1253 1467/1284/1258 1382/1280/1254
f 1401/1278/1252 1400/1285/1259 1403/1279/1253
f 1403/1279/1253 1400/1285/1259 1467/1284/1258
f 1411/1281/1255 1402/1286/1260 1401/1278/1252
f 1401/1278/1252 1402/1286/1260 1400/1285/1259
f 1411/1281/1255 1398/1287/1261 1402/1286/1260
f 1411/1281/1255 1410/1283/1257 1398/1287/1261
f 1382/1280/1254 1467/1284/1258 1488/1288/1262
f 1382/1280/1254 1488/1288/1262 1380/1282/1256
f 1400/1285/1259 1468/1289/1263 1467/1284/1258
f 1467/1284/1258 1463/1290/1264 1488/1288/1262
f 1467/1284/1258 1468/1289/1263 1463/1290/1264
f 1488/1288/1262 1463/1290/1264 1492/1291/1265
f 1380/1282/1256 1488/1288/1262 1492/1291/1265
f 1468/1289/1263 1464/1292/1266 1463/1290/1264
f 1400/1285/1259 1414/1293/1267 1468/1289/1263
f 1402/1286/1260 1414/1293/1267 1400/1285/1259
f 1414/1293/1267 1469/1294/1268 1468/1289/1263
f 1468/1289/1263 1469/1294/1268 1464/1292/1266
f 1402/1286/1260 1392/1295/1269 1414/1293/1267
f 1398/1287/1261 1392/1295/1269 1402/1286/1260
f 1414/1293/1267 1391/1296/1270 1469/1294/1268
f 1392/1295/1269 1391/1296/1270 1414/1293/1267
f 1392/1295/1269 1393/1297/1271 1391/1296/1270
f 1397/1298/1272 1393/1297/1271 1392/1295/1269
f 1398/1287/1261 1397/1298/1272 1392/1295/1269
f 1393/1297/1271 1474/1299/1273 1391/1296/1270
f 1398/1287/1261 1399/1300/1274 1397/1298/1272
f 1391/1296/1270 1474/1299/1273 1473/1301/1275
f 1391/1296/1270 1473/1301/1275 1469/1294/1268
f 1474/1299/1273 1707/1302/1276 1473/1301/1275
f 1473/1301/1275 1707/1302/1276 1472/1303/1277
f 1399/1300/1274 1697/1304/1278 1397/1298/1272
f 1410/1283/1257 1399/1300/1274 1398/1287/1261
f 1469/1294/1268 1473/1301/1275 1466/1305/1279
f 1471/1306/1280 1473/1301/1275 1472/1303/1277
f 1473/1301/1275 1471/1306/1280 1466/1305/1279
f 1471/1306/1280 1472/1303/1277 1379/1307/1281
f 1469/1294/1268 1466/1305/1279 1464/1292/1266
f 1697/1304/1278 1399/1300/1274 1453/1308/1282
f 1452/1309/1283 1697/1304/1278 1453/1308/1282
f 1470/1310/1284 1471/1306/1280 1379/1307/1281
f 1466/1305/1279 1471/1306/1280 1470/1310/1284
f 1312/1311/1285 1470/1310/1284 1379/1307/1281
f 1356/1312/1286 1312/1311/1285 1379/1307/1281
f 1453/1308/1282 1438/1313/1287 1452/1309/1283
f 1438/1313/1287 1706/1314/1288 1452/1309/1283
f 1440/1315/1289 1706/1314/1288 1438/1313/1287
f 1439/1316/1290 1440/1315/1289 1438/1313/1287
f 1440/1315/1289 1439/1316/1290 1443/1317/1291
f 1422/1318/1292 1438/1313/1287 1453/1308/1282
f 1438/1313/1287 1422/1318/1292 1439/1316/1290
f 1250/1319/1293 1422/1318/1292 1453/1308/1282
f 1250/1319/1293 1453/1308/1282 1399/1300/1274
f 1410/1283/1257 1250/1319/1293 1399/1300/1274
f 1439/1316/1290 1541/1320/1294 1443/1317/1291
f 1443/1317/1291 1541/1320/1294 1540/1321/1295
f 1422/1318/1292 1421/1322/1296 1439/1316/1290
f 1439/1316/1290 1421/1322/1296 1541/1320/1294
f 1251/1323/1297 1422/1318/1292 1250/1319/1293
f 1422/1318/1292 1251/1323/1297 1421/1322/1296
f 1250/1319/1293 1410/1283/1257 1247/1324/1298
f 1247/1324/1298 1251/1323/1297 1250/1319/1293
f 1410/1283/1257 1329/1276/1250 1247/1324/1298
f 1247/1324/1298 1329/1276/1250 1248/1274/1248
f 1248/1274/1248 1249/1325/1299 1247/1324/1298
f 1249/1325/1299 1251/1323/1297 1247/1324/1298
f 1434/1265/1239 1249/1325/1299 1248/1274/1248
f 1251/1323/1297 1252/1326/1300 1421/1322/1296
f 1251/1323/1297 1249/1325/1299 1252/1326/1300
f 1421/1322/1296 1252/1326/1300 1549/1327/1301
f 1421/1322/1296 1549/1327/1301 1541/1320/1294
f 1249/1325/1299 1436/1328/1302 1252/1326/1300
f 1436/1328/1302 1249/1325/1299 1434/1265/1239
f 1252/1326/1300 1454/1329/1303 1549/1327/1301
f 1252/1326/1300 1436/1328/1302 1454/1329/1303
f 1551/1330/1304 1541/1320/1294 1549/1327/1301
f 1541/1320/1294 1551/1330/1304 1540/1321/1295
f 1575/1331/1305 1540/1321/1295 1551/1330/1304
f 1550/1332/1306 1551/1330/1304 1549/1327/1301
f 1550/1332/1306 1549/1327/1301 1454/1329/1303
f 1576/1333/1307 1575/1331/1305 1551/1330/1304
f 1576/1333/1307 1551/1330/1304 1550/1332/1306
f 1575/1331/1305 1576/1333/1307 1574/1334/1308
f 1576/1333/1307 1585/1335/1309 1574/1334/1308
f 1576/1333/1307 1569/1336/1310 1585/1335/1309
f 1569/1336/1310 1576/1333/1307 1550/1332/1306
f 1569/1336/1310 1568/1337/1311 1585/1335/1309
f 1487/1338/1312 1550/1332/1306 1454/1329/1303
f 1569/1336/1310 1550/1332/1306 1487/1338/1312
f 1569/1336/1310 1570/1339/1313 1568/1337/1311
f 1570/1339/1313 1569/1336/1310 1487/1338/1312
f 1570/1339/1313 1586/1340/1314 1568/1337/1311
f 1454/1329/1303 1437/1341/1315 1487/1338/1312
f 1436/1328/1302 1437/1341/1315 1454/1329/1303
f 1487/1338/1312 1548/1342/1316 1570/1339/1313
f 1437/1341/1315 1548/1342/1316 1487/1338/1312
f 1570/1339/1313 1587/1343/1317 1586/1340/1314
f 1548/1342/1316 1587/1343/1317 1570/1339/1313
f 1587/1343/1317 1588/1344/1318 1586/1340/1314
f 1436/1328/1302 1435/1345/1319 1437/1341/1315
f 1435/1345/1319 1436/1328/1302 1434/1265/1239
f 1435/1345/1319 1434/1265/1239 1450/1264/1238
f 1435/1345/1319 1442/1346/1320 1437/1341/1315
f 1548/1342/1316 1437/1341/1315 1442/1346/1320
f 1435/1345/1319 1450/1264/1238 1441/1347/1321
f 1442/1346/1320 1435/1345/1319 1441/1347/1321
f 1441/1347/1321 1450/1264/1238 1449/1261/1235
f 1547/1348/1322 1548/1342/1316 1442/1346/1320
f 1548/1342/1316 1547/1348/1322 1587/1343/1317
f 1442/1346/1320 1441/1347/1321 1546/1349/1323
f 1547/1348/1322 1442/1346/1320 1546/1349/1323
f 1441/1347/1321 1449/1261/1235 1552/1350/1324
f 1546/1349/1323 1441/1347/1321 1552/1350/1324
f 1547/1348/1322 1584/1351/1325 1587/1343/1317
f 1547/1348/1322 1546/1349/1323 1584/1351/1325
f 1587/1343/1317 1584/1351/1325 1588/1344/1318
f 1584/1351/1325 1583/1352/1326 1588/1344/1318
f 1546/1349/1323 1582/1353/1327 1584/1351/1325
f 1584/1351/1325 1582/1353/1327 1583/1352/1326
f 1546/1349/1323 1552/1350/1324 1582/1353/1327
f 1582/1353/1327 1581/1354/1328 1583/1352/1326
f 1582/1353/1327 1578/1355/1329 1581/1354/1328
f 1552/1350/1324 1578/1355/1329 1582/1353/1327
f 1578/1355/1329 1577/1356/1330 1581/1354/1328
f 1552/1350/1324 1449/1261/1235 1545/1357/1331
f 1578/1355/1329 1552/1350/1324 1545/1357/1331
f 1449/1261/1235 1451/1256/1230 1545/1357/1331
f 1545/1357/1331 1451/1256/1230 1172/1255/1229
f 1579/1358/1332 1578/1355/1329 1545/1357/1331
f 1578/1355/1329 1579/1358/1332 1577/1356/1330
f 1579/1358/1332 1545/1357/1331 1172/1255/1229
f 1579/1358/1332 1589/1359/1333 1577/1356/1330
f 1566/1360/1334 1579/1358/1332 1172/1255/1229
f 1579/1358/1332 1566/1360/1334 1589/1359/1333
f 1172/1255/1229 1171/1251/1225 1566/1360/1334
f 1566/1360/1334 1565/1361/1335 1589/1359/1333
f 1171/1251/1225 1567/1362/1336 1566/1360/1334
f 1566/1360/1334 1567/1362/1336 1565/1361/1335
f 1171/1251/1225 1459/1247/1221 1567/1362/1336
f 1567/1362/1336 1690/1363/1337 1565/1361/1335
f 1459/1247/1221 1688/1364/1338 1567/1362/1336
f 1690/1363/1337 1567/1362/1336 1688/1364/1338
f 1459/1247/1221 1689/1248/1222 1688/1364/1338
f 1573/1365/1339 1690/1363/1337 1688/1364/1338
f 1689/1248/1222 1571/1366/1340 1688/1364/1338
f 1573/1365/1339 1688/1364/1338 1571/1366/1340
f 1572/1367/1341 1573/1365/1339 1571/1366/1340
f 949/1368/1342 950/984/946 948/1369/1343
f 945/956/918 979/963/925 950/984/946
f 950/984/946 979/963/925 948/1369/1343
f 1132/1370/1344 950/984/946 949/1368/1342
f 980/1371/1345 948/1369/1343 979/963/925
f 1132/1370/1344 1129/1372/1346 950/984/946
f 950/984/946 1129/1372/1346 981/982/944
f 981/982/944 1129/1372/1346 1128/983/945
f 1129/1372/1346 1130/1373/1347 1128/983/945
f 1132/1370/1344 1130/1373/1347 1129/1372/1346
f 1130/1373/1347 1704/1374/1348 1128/983/945
f 1660/1375/1349 1704/1374/1348 1130/1373/1347
f 1116/1376/1350 1660/1375/1349 1130/1373/1347
f 1660/1375/1349 1116/1376/1350 1662/1377/1351
f 1116/1376/1350 1703/1378/1352 1662/1377/1351
f 1118/1379/1353 1703/1378/1352 1116/1376/1350
f 1116/1376/1350 1130/1373/1347 1117/1380/1354
f 1117/1380/1354 1118/1379/1353 1116/1376/1350
f 1130/1373/1347 1132/1370/1344 1117/1380/1354
f 1135/1381/1355 1118/1379/1353 1117/1380/1354
f 1087/1382/1356 1135/1381/1355 1117/1380/1354
f 1087/1382/1356 1117/1380/1354 1132/1370/1344
f 1136/1383/1357 1135/1381/1355 1087/1382/1356
f 1042/1384/1344 1087/1382/1356 1132/1370/1344
f 1132/1370/1344 949/1368/1342 1042/1384/1344
f 990/1385/1358 1136/1383/1357 1087/1382/1356
f 1087/1382/1356 1042/1384/1344 990/1385/1358
f 992/1386/1359 1136/1383/1357 990/1385/1358
f 991/1387/1360 992/1386/1359 990/1385/1358
f 994/1388/1361 992/1386/1359 991/1387/1360
f 991/1387/1360 990/1385/1358 1040/1389/1362
f 1042/1384/1344 1040/1389/1362 990/1385/1358
f 993/1390/1363 994/1388/1361 991/1387/1360
f 1097/1391/1364 994/1388/1361 993/1390/1363
f 1041/1392/1365 991/1387/1360 1040/1389/1362
f 991/1387/1360 1041/1392/1365 993/1390/1363
f 1043/1393/1366 1040/1389/1362 1042/1384/1344
f 1041/1392/1365 1040/1389/1362 1043/1393/1366
f 1096/1394/1367 1097/1391/1364 993/1390/1363
f 1097/1391/1364 1096/1394/1367 1149/1395/1368
f 1041/1392/1365 1046/1396/1369 993/1390/1363
f 1096/1394/1367 993/1390/1363 1046/1396/1369
f 1044/1397/1370 1041/1392/1365 1043/1393/1366
f 1046/1396/1369 1041/1392/1365 1044/1397/1370
f 1043/1393/1366 1042/1384/1344 1070/1398/1371
f 1044/1397/1370 1043/1393/1366 1070/1398/1371
f 1069/1399/1372 1070/1398/1371 1042/1384/1344
f 949/1368/1342 1069/1399/1372 1042/1384/1344
f 1071/1400/1373 1044/1397/1370 1070/1398/1371
f 1070/1398/1371 1069/1399/1372 1071/1400/1373
f 1045/1401/1374 1046/1396/1369 1044/1397/1370
f 1045/1401/1374 1044/1397/1370 1071/1400/1373
f 1131/1402/1375 1046/1396/1369 1045/1401/1374
f 1131/1402/1375 1096/1394/1367 1046/1396/1369
f 957/1403/1376 1069/1399/1372 949/1368/1342
f 948/1369/1343 957/1403/1376 949/1368/1342
f 1069/1399/1372 1014/1404/1377 1071/1400/1373
f 1027/1405/1378 957/1403/1376 948/1369/1343
f 1069/1399/1372 957/1403/1376 1055/1406/1379
f 1014/1404/1377 1069/1399/1372 1055/1406/1379
f 1055/1406/1379 957/1403/1376 1133/1407/1380
f 957/1403/1376 1027/1405/1378 1133/1407/1380
f 980/1371/1345 1027/1405/1378 948/1369/1343
f 1071/1400/1373 1014/1404/1377 1125/1408/1381
f 1125/1408/1381 1045/1401/1374 1071/1400/1373
f 1014/1404/1377 1055/1406/1379 989/1409/1382
f 1124/1410/1383 1045/1401/1374 1125/1408/1381
f 1124/1410/1383 1131/1402/1375 1045/1401/1374
f 1014/1404/1377 988/1411/1384 1125/1408/1381
f 988/1411/1384 1014/1404/1377 989/1409/1382
f 1036/1412/1385 1125/1408/1381 988/1411/1384
f 1036/1412/1385 1124/1410/1383 1125/1408/1381
f 987/1413/1386 1036/1412/1385 988/1411/1384
f 988/1411/1384 989/1409/1382 987/1413/1386
f 1036/1412/1385 987/1413/1386 1694/1414/1387
f 1036/1412/1385 1694/1414/1387 1123/1415/1388
f 1124/1410/1383 1036/1412/1385 1123/1415/1388
f 987/1413/1386 995/1416/1389 1694/1414/1387
f 1123/1415/1388 1691/1417/1390 1124/1410/1383
f 987/1413/1386 996/1418/1391 995/1416/1389
f 989/1409/1382 996/1418/1391 987/1413/1386
f 996/1418/1391 1033/1419/1392 995/1416/1389
f 996/1418/1391 1034/1420/1393 1033/1419/1392
f 996/1418/1391 989/1409/1382 1034/1420/1393
f 1034/1420/1393 1029/1421/1394 1033/1419/1392
f 1691/1417/1390 1126/1422/1395 1124/1410/1383
f 989/1409/1382 999/1423/1396 1034/1420/1393
f 989/1409/1382 1055/1406/1379 999/1423/1396
f 1055/1406/1379 1133/1407/1380 999/1423/1396
f 1029/1421/1394 1034/1420/1393 1001/1424/1397
f 1001/1424/1397 1034/1420/1393 999/1423/1396
f 1028/1425/1398 1029/1421/1394 1001/1424/1397
f 1602/1426/1399 1126/1422/1395 1691/1417/1390
f 1692/1427/1400 1602/1426/1399 1691/1417/1390
f 1602/1426/1399 1692/1427/1400 1693/1428/1401
f 1600/1429/1402 1602/1426/1399 1693/1428/1401
f 1000/1430/1403 1001/1424/1397 999/1423/1396
f 999/1423/1396 1133/1407/1380 1000/1430/1403
f 1220/1431/1404 1001/1424/1397 1000/1430/1403
f 1028/1425/1398 1001/1424/1397 1220/1431/1404
f 1133/1407/1380 1134/1432/1405 1000/1430/1403
f 1133/1407/1380 1027/1405/1378 1134/1432/1405
f 1601/1433/1406 1602/1426/1399 1600/1429/1402
f 1597/1434/1407 1601/1433/1406 1600/1429/1402
f 1602/1426/1399 1601/1433/1406 1127/1435/1408
f 1126/1422/1395 1602/1426/1399 1127/1435/1408
f 1126/1422/1395 1127/1435/1408 1124/1410/1383
f 1127/1435/1408 1131/1402/1375 1124/1410/1383
f 1127/1435/1408 1601/1433/1406 1039/1436/1409
f 1127/1435/1408 1039/1436/1409 1131/1402/1375
f 1599/1437/1410 1601/1433/1406 1597/1434/1407
f 1601/1433/1406 1599/1437/1410 1039/1436/1409
f 1598/1437/1411 1599/1437/1410 1597/1434/1407
f 1599/1437/1410 1598/1437/1411 1634/1438/1412
f 1037/1439/1413 1599/1437/1410 1634/1438/1412
f 1039/1436/1409 1599/1437/1410 1037/1439/1413
f 1634/1438/1412 1635/1440/1414 1037/1439/1413
f 1635/1440/1414 1633/1441/1415 1037/1439/1413
f 1038/1439/1416 1039/1436/1409 1037/1439/1413
f 1037/1439/1413 1633/1441/1415 1038/1439/1416
f 1131/1402/1375 1039/1436/1409 1038/1439/1416
f 1633/1441/1415 1149/1395/1368 1038/1439/1416
f 1096/1394/1367 1131/1402/1375 1038/1439/1416
f 1096/1394/1367 1038/1439/1416 1149/1395/1368
f 977/959/921 978/1442/1417 976/1443/1418
f 976/1443/1418 979/963/925 977/959/921
f 976/1443/1418 980/1371/1345 979/963/925
f 961/962/924 978/1442/1417 977/959/921
f 1022/1444/1419 980/1371/1345 976/1443/1418
f 978/1442/1417 1053/1445/1420 976/1443/1418
f 1053/1445/1420 1022/1444/1419 976/1443/1418
f 978/1442/1417 1168/1446/1421 1053/1445/1420
f 1168/1446/1421 978/1442/1417 961/962/924
f 1113/1447/1422 1022/1444/1419 1053/1445/1420
f 980/1371/1345 1022/1444/1419 1021/1448/1423
f 1027/1405/1378 980/1371/1345 1021/1448/1423
f 1027/1405/1378 1021/1448/1423 1134/1432/1405
f 1021/1448/1423 1022/1444/1419 1020/1449/1424
f 1022/1444/1419 1113/1447/1422 1020/1449/1424
f 1134/1432/1405 1021/1448/1423 1534/1450/1425
f 1021/1448/1423 1020/1449/1424 1534/1450/1425
f 1020/1449/1424 1113/1447/1422 1112/1451/1426
f 1112/1451/1426 1534/1450/1425 1020/1449/1424
f 1209/1452/1427 1113/1447/1422 1053/1445/1420
f 1168/1446/1421 1209/1452/1427 1053/1445/1420
f 1134/1432/1405 1534/1450/1425 1219/1453/1428
f 1000/1430/1403 1134/1432/1405 1219/1453/1428
f 1219/1453/1428 1220/1431/1404 1000/1430/1403
f 1219/1453/1428 1534/1450/1425 1344/1454/1429
f 1534/1450/1425 1112/1451/1426 1344/1454/1429
f 1350/1455/1430 1220/1431/1404 1219/1453/1428
f 1344/1454/1429 1350/1455/1430 1219/1453/1428
f 1350/1455/1430 1532/1456/1431 1220/1431/1404
f 1344/1454/1429 1112/1451/1426 1196/1457/1432
f 1345/1458/1433 1350/1455/1430 1344/1454/1429
f 1196/1457/1432 1345/1458/1433 1344/1454/1429
f 1345/1458/1433 1528/1459/1434 1350/1455/1430
f 1528/1459/1434 1532/1456/1431 1350/1455/1430
f 1367/1460/1435 1345/1458/1433 1196/1457/1432
f 1302/1461/1436 1528/1459/1434 1345/1458/1433
f 1367/1460/1435 1302/1461/1436 1345/1458/1433
f 1302/1461/1436 1529/1462/1437 1528/1459/1434
f 1529/1462/1437 1533/1463/1438 1528/1459/1434
f 1528/1459/1434 1533/1463/1438 1532/1456/1431
f 1303/1464/1439 1529/1462/1437 1302/1461/1436
f 1533/1463/1438 1708/1465/1440 1532/1456/1431
f 1532/1456/1431 1708/1465/1440 1531/1466/1441
f 1428/1467/1442 1532/1456/1431 1531/1466/1441
f 1532/1456/1431 1428/1467/1442 1220/1431/1404
f 1428/1467/1442 1531/1466/1441 1427/1468/1443
f 1428/1467/1442 1028/1425/1398 1220/1431/1404
f 1028/1425/1398 1428/1467/1442 1427/1468/1443
f 1047/1469/1444 1303/1464/1439 1302/1461/1436
f 1302/1461/1436 1367/1460/1435 1047/1469/1444
f 1049/1470/1445 1303/1464/1439 1047/1469/1444
f 1048/1471/1446 1049/1470/1445 1047/1469/1444
f 1333/1472/1447 1049/1470/1445 1048/1471/1446
f 1367/1460/1435 1233/1473/1448 1047/1469/1444
f 1048/1471/1446 1047/1469/1444 1233/1473/1448
f 1233/1473/1448 1367/1460/1435 1195/1474/1449
f 1195/1474/1449 1367/1460/1435 1196/1457/1432
f 1222/1475/1450 1048/1471/1446 1233/1473/1448
f 1371/1476/1451 1333/1472/1447 1048/1471/1446
f 1371/1476/1451 1048/1471/1446 1222/1475/1450
f 1333/1472/1447 1371/1476/1451 1314/1477/1452
f 1298/1478/1453 1333/1472/1447 1314/1477/1452
f 1196/1457/1432 1197/1479/1454 1195/1474/1449
f 1112/1451/1426 1197/1479/1454 1196/1457/1432
f 1223/1480/1455 1233/1473/1448 1195/1474/1449
f 1222/1475/1450 1233/1473/1448 1223/1480/1455
f 1197/1479/1454 1210/1481/1456 1195/1474/1449
f 1195/1474/1449 1210/1481/1456 1223/1480/1455
f 1112/1451/1426 1208/1482/1457 1197/1479/1454
f 1113/1447/1422 1208/1482/1457 1112/1451/1426
f 1113/1447/1422 1209/1452/1427 1208/1482/1457
f 1208/1482/1457 1211/1483/1458 1197/1479/1454
f 1197/1479/1454 1211/1483/1458 1210/1481/1456
f 1209/1452/1427 1200/1484/1459 1208/1482/1457
f 1208/1482/1457 1200/1484/1459 1211/1483/1458
f 1201/1485/1460 1200/1484/1459 1209/1452/1427
f 1168/1446/1421 1201/1485/1460 1209/1452/1427
f 1200/1484/1459 1181/1486/1461 1211/1483/1458
f 1201/1485/1460 1182/1487/1462 1200/1484/1459
f 1182/1487/1462 1181/1486/1461 1200/1484/1459
f 1211/1483/1458 1430/1488/1463 1210/1481/1456
f 1211/1483/1458 1181/1486/1461 1430/1488/1463
f 1210/1481/1456 1430/1488/1463 1373/1489/1464
f 1210/1481/1456 1373/1489/1464 1223/1480/1455
f 1181/1486/1461 1180/1490/1465 1430/1488/1463
f 1181/1486/1461 1182/1487/1462 1180/1490/1465
f 1430/1488/1463 1433/1491/1466 1373/1489/1464
f 1430/1488/1463 1180/1490/1465 1433/1491/1466
f 1221/1492/1467 1223/1480/1455 1373/1489/1464
f 1222/1475/1450 1223/1480/1455 1221/1492/1467
f 1373/1489/1464 1433/1491/1466 1374/1493/1468
f 1374/1493/1468 1221/1492/1467 1373/1489/1464
f 1222/1475/1450 1221/1492/1467 1372/1494/1469
f 1372/1494/1469 1371/1476/1451 1222/1475/1450
f 1221/1492/1467 1374/1493/1468 1346/1495/1470
f 1372/1494/1469 1272/1496/1471 1371/1476/1451
f 1372/1494/1469 1221/1492/1467 1343/1497/1472
f 1272/1496/1471 1372/1494/1469 1343/1497/1472
f 1343/1497/1472 1221/1492/1467 1346/1495/1470
f 1272/1496/1471 1314/1477/1452 1371/1476/1451
f 1433/1491/1466 1513/1498/1473 1374/1493/1468
f 1346/1495/1470 1374/1493/1468 1513/1498/1473
f 1433/1491/1466 1231/1499/1474 1513/1498/1473
f 1180/1490/1465 1231/1499/1474 1433/1491/1466
f 1347/1500/1475 1346/1495/1470 1513/1498/1473
f 1180/1490/1465 1185/1501/1476 1231/1499/1474
f 1182/1487/1462 1185/1501/1476 1180/1490/1465
f 1231/1499/1474 1230/1502/1477 1513/1498/1473
f 1347/1500/1475 1513/1498/1473 1230/1502/1477
f 1185/1501/1476 1232/1503/1478 1231/1499/1474
f 1231/1499/1474 1232/1503/1478 1230/1502/1477
f 1185/1501/1476 1182/1487/1462 1183/1504/1479
f 1183/1504/1479 1182/1487/1462 1201/1485/1460
f 1185/1501/1476 1184/1505/1480 1232/1503/1478
f 1184/1505/1480 1185/1501/1476 1183/1504/1479
f 1232/1503/1478 1295/1506/1481 1230/1502/1477
f 1184/1505/1480 1479/1507/1482 1232/1503/1478
f 1295/1506/1481 1232/1503/1478 1479/1507/1482
f 1205/1508/1483 1183/1504/1479 1201/1485/1460
f 1205/1508/1483 1201/1485/1460 1168/1446/1421
f 1183/1504/1479 1186/1509/1484 1184/1505/1480
f 1245/1510/1485 1230/1502/1477 1295/1506/1481
f 1245/1510/1485 1347/1500/1475 1230/1502/1477
f 1153/1511/1486 1205/1508/1483 1168/1446/1421
f 1153/1511/1486 1168/1446/1421 961/962/924
f 1183/1504/1479 1205/1508/1483 1187/1512/1487
f 1186/1509/1484 1183/1504/1479 1187/1512/1487
f 1205/1508/1483 1153/1511/1486 1179/1513/1488
f 1187/1512/1487 1205/1508/1483 1179/1513/1488
f 1153/1511/1486 961/962/924 1152/1514/1489
f 1153/1511/1486 1152/1514/1489 1179/1513/1488
f 961/962/924 959/961/923 1152/1514/1489
f 1152/1514/1489 959/961/923 1154/967/929
f 1152/1514/1489 1154/967/929 1165/1515/1490
f 1152/1514/1489 1165/1515/1490 1179/1513/1488
f 1154/967/929 1163/1173/1147 1165/1515/1490
f 1164/1174/1148 1165/1515/1490 1163/1173/1147
f 1164/1174/1148 1166/1516/1491 1165/1515/1490
f 1166/1516/1491 1179/1513/1488 1165/1515/1490
f 1167/1177/1151 1166/1516/1491 1164/1174/1148
f 1167/1177/1151 1202/1181/1155 1166/1516/1491
f 1166/1516/1491 1188/1517/1492 1179/1513/1488
f 1202/1181/1155 1188/1517/1492 1166/1516/1491
f 1188/1517/1492 1187/1512/1487 1179/1513/1488
f 1187/1512/1487 1188/1517/1492 1186/1509/1484
f 1188/1517/1492 1202/1181/1155 1199/1518/1493
f 1188/1517/1492 1199/1518/1493 1186/1509/1484
f 1202/1181/1155 1190/1184/1158 1199/1518/1493
f 1186/1509/1484 1199/1518/1493 1429/1519/1494
f 1186/1509/1484 1429/1519/1494 1184/1505/1480
f 1199/1518/1493 1190/1184/1158 1198/1520/1495
f 1199/1518/1493 1198/1520/1495 1429/1519/1494
f 1190/1184/1158 1189/1185/1159 1198/1520/1495
f 1184/1505/1480 1429/1519/1494 1479/1507/1482
f 1198/1520/1495 1189/1185/1159 1375/1521/1496
f 1429/1519/1494 1198/1520/1495 1227/1522/1497
f 1429/1519/1494 1227/1522/1497 1479/1507/1482
f 1198/1520/1495 1375/1521/1496 1227/1522/1497
f 1189/1185/1159 1432/1188/1162 1375/1521/1496
f 1229/1523/1498 1479/1507/1482 1227/1522/1497
f 1229/1523/1498 1295/1506/1481 1479/1507/1482
f 1228/1524/1499 1227/1522/1497 1375/1521/1496
f 1228/1524/1499 1229/1523/1498 1227/1522/1497
f 1375/1521/1496 1432/1188/1162 1370/1525/1500
f 1370/1525/1500 1228/1524/1499 1375/1521/1496
f 1432/1188/1162 1369/1191/1165 1370/1525/1500
f 1246/1526/1501 1295/1506/1481 1229/1523/1498
f 1246/1526/1501 1245/1510/1485 1295/1506/1481
f 1376/1527/1502 1229/1523/1498 1228/1524/1499
f 1376/1527/1502 1246/1526/1501 1229/1523/1498
f 1225/1528/1503 1228/1524/1499 1370/1525/1500
f 1225/1528/1503 1376/1527/1502 1228/1524/1499
f 1226/1529/1504 1370/1525/1500 1369/1191/1165
f 1226/1529/1504 1225/1528/1503 1370/1525/1500
f 1319/1194/1168 1226/1529/1504 1369/1191/1165
f 1292/1530/1505 1226/1529/1504 1319/1194/1168
f 1318/1197/1171 1292/1530/1505 1319/1194/1168
f 1225/1528/1503 1226/1529/1504 1224/1531/1506
f 1226/1529/1504 1292/1530/1505 1224/1531/1506
f 1274/1532/1507 1376/1527/1502 1225/1528/1503
f 1224/1531/1506 1274/1532/1507 1225/1528/1503
f 1274/1532/1507 1273/1533/1508 1376/1527/1502
f 1273/1533/1508 1246/1526/1501 1376/1527/1502
f 1265/1534/1509 1274/1532/1507 1224/1531/1506
f 1246/1526/1501 1273/1533/1508 1244/1535/1510
f 1245/1510/1485 1246/1526/1501 1244/1535/1510
f 1273/1533/1508 1274/1532/1507 1241/1536/1511
f 1274/1532/1507 1265/1534/1509 1241/1536/1511
f 1244/1535/1510 1273/1533/1508 1348/1537/1512
f 1273/1533/1508 1241/1536/1511 1348/1537/1512
f 1245/1510/1485 1244/1535/1510 1361/1538/1513
f 1347/1500/1475 1245/1510/1485 1361/1538/1513
f 1361/1538/1513 1244/1535/1510 1253/1539/1514
f 1244/1535/1510 1348/1537/1512 1253/1539/1514
f 1347/1500/1475 1361/1538/1513 1342/1540/1515
f 1346/1495/1470 1347/1500/1475 1342/1540/1515
f 1343/1497/1472 1346/1495/1470 1342/1540/1515
f 1342/1540/1515 1361/1538/1513 1257/1541/1516
f 1361/1538/1513 1253/1539/1514 1257/1541/1516
f 1270/1542/1517 1343/1497/1472 1342/1540/1515
f 1342/1540/1515 1257/1541/1516 1270/1542/1517
f 1272/1496/1471 1343/1497/1472 1270/1542/1517
f 1255/1543/1518 1257/1541/1516 1253/1539/1514
f 1271/1544/1519 1272/1496/1471 1270/1542/1517
f 1257/1541/1516 1256/1545/1520 1270/1542/1517
f 1271/1544/1519 1270/1542/1517 1256/1545/1520
f 1257/1541/1516 1255/1543/1518 1256/1545/1520
f 1314/1477/1452 1272/1496/1471 1271/1544/1519
f 1296/1546/1521 1314/1477/1452 1271/1544/1519
f 1298/1478/1453 1314/1477/1452 1296/1546/1521
f 1297/1547/1522 1298/1478/1453 1296/1546/1521
f 1271/1544/1519 1313/1548/1523 1296/1546/1521
f 1313/1548/1523 1271/1544/1519 1256/1545/1520
f 1296/1546/1521 1316/1549/1524 1297/1547/1522
f 1313/1548/1523 1316/1549/1524 1296/1546/1521
f 1316/1549/1524 1315/1550/1525 1297/1547/1522
f 1256/1545/1520 1368/1551/1526 1313/1548/1523
f 1255/1543/1518 1368/1551/1526 1256/1545/1520
f 1313/1548/1523 1349/1552/1527 1316/1549/1524
f 1368/1551/1526 1349/1552/1527 1313/1548/1523
f 1316/1549/1524 1317/1553/1528 1315/1550/1525
f 1349/1552/1527 1317/1553/1528 1316/1549/1524
f 1317/1553/1528 1353/1554/1529 1315/1550/1525
f 1315/1550/1525 1353/1554/1529 1352/1555/1530
f 1353/1554/1529 1354/1556/1531 1352/1555/1530
f 1353/1554/1529 1351/1557/1532 1354/1556/1531
f 1351/1557/1532 1353/1554/1529 1317/1553/1528
f 1351/1557/1532 1509/1558/1533 1354/1556/1531
f 1509/1558/1533 1351/1557/1532 1508/1559/1534
f 1368/1551/1526 1259/1560/1535 1349/1552/1527
f 1259/1560/1535 1368/1551/1526 1255/1543/1518
f 1281/1561/1536 1317/1553/1528 1349/1552/1527
f 1281/1561/1536 1351/1557/1532 1317/1553/1528
f 1259/1560/1535 1281/1561/1536 1349/1552/1527
f 1351/1557/1532 1279/1562/1537 1508/1559/1534
f 1351/1557/1532 1281/1561/1536 1279/1562/1537
f 1508/1559/1534 1279/1562/1537 1507/1563/1538
f 1281/1561/1536 1259/1560/1535 1280/1564/1539
f 1279/1562/1537 1281/1561/1536 1280/1564/1539
f 1279/1562/1537 1267/1565/1540 1507/1563/1538
f 1279/1562/1537 1280/1564/1539 1267/1565/1540
f 1269/1566/1541 1507/1563/1538 1267/1565/1540
f 1259/1560/1535 1258/1567/1542 1280/1564/1539
f 1258/1567/1542 1259/1560/1535 1255/1543/1518
f 1258/1567/1542 1255/1543/1518 1254/1568/1543
f 1254/1568/1543 1255/1543/1518 1253/1539/1514
f 1348/1537/1512 1254/1568/1543 1253/1539/1514
f 1260/1569/1544 1258/1567/1542 1254/1568/1543
f 1260/1569/1544 1254/1568/1543 1348/1537/1512
f 1258/1567/1542 1305/1570/1545 1280/1564/1539
f 1258/1567/1542 1260/1569/1544 1305/1570/1545
f 1280/1564/1539 1305/1570/1545 1304/1571/1546
f 1280/1564/1539 1304/1571/1546 1267/1565/1540
f 1243/1572/1547 1260/1569/1544 1348/1537/1512
f 1243/1572/1547 1348/1537/1512 1241/1536/1511
f 1260/1569/1544 1307/1573/1548 1305/1570/1545
f 1307/1573/1548 1260/1569/1544 1243/1572/1547
f 1305/1570/1545 1306/1574/1549 1304/1571/1546
f 1305/1570/1545 1307/1573/1548 1306/1574/1549
f 1268/1575/1550 1267/1565/1540 1304/1571/1546
f 1268/1575/1550 1269/1566/1541 1267/1565/1540
f 1284/1576/1551 1304/1571/1546 1306/1574/1549
f 1284/1576/1551 1268/1575/1550 1304/1571/1546
f 1307/1573/1548 1363/1577/1552 1306/1574/1549
f 1363/1577/1552 1307/1573/1548 1243/1572/1547
f 1364/1578/1553 1284/1576/1551 1306/1574/1549
f 1364/1578/1553 1306/1574/1549 1363/1577/1552
f 1268/1575/1550 1286/1579/1554 1269/1566/1541
f 1286/1579/1554 1362/1580/1555 1269/1566/1541
f 1284/1576/1551 1285/1581/1556 1268/1575/1550
f 1285/1581/1556 1286/1579/1554 1268/1575/1550
f 1364/1578/1553 1478/1582/1557 1284/1576/1551
f 1478/1582/1557 1285/1581/1556 1284/1576/1551
f 1285/1581/1556 1287/1583/1558 1286/1579/1554
f 1287/1583/1558 1285/1581/1556 1478/1582/1557
f 1286/1579/1554 1357/1584/1559 1362/1580/1555
f 1287/1583/1558 1357/1584/1559 1286/1579/1554
f 1357/1584/1559 1705/1585/1560 1362/1580/1555
f 1358/1586/1561 1705/1585/1560 1357/1584/1559
f 1309/1587/1562 1358/1586/1561 1357/1584/1559
f 1309/1587/1562 1357/1584/1559 1287/1583/1558
f 1455/1588/1563 1358/1586/1561 1309/1587/1562
f 1355/1589/1564 1455/1588/1563 1309/1587/1562
f 1356/1312/1286 1455/1588/1563 1355/1589/1564
f 1312/1311/1285 1356/1312/1286 1355/1589/1564
f 1355/1589/1564 1309/1587/1562 1308/1590/1565
f 1308/1590/1565 1309/1587/1562 1287/1583/1558
f 1312/1311/1285 1355/1589/1564 1310/1591/1566
f 1310/1591/1566 1355/1589/1564 1308/1590/1565
f 1311/1592/1567 1312/1311/1285 1310/1591/1566
f 1470/1310/1284 1312/1311/1285 1311/1592/1567
f 1308/1590/1565 1287/1583/1558 1365/1593/1568
f 1365/1593/1568 1287/1583/1558 1478/1582/1557
f 1310/1591/1566 1308/1590/1565 1366/1594/1569
f 1366/1594/1569 1308/1590/1565 1365/1593/1568
f 1311/1592/1567 1310/1591/1566 1396/1595/1570
f 1396/1595/1570 1310/1591/1566 1366/1594/1569
f 1490/1596/1571 1470/1310/1284 1311/1592/1567
f 1490/1596/1571 1466/1305/1279 1470/1310/1284
f 1395/1597/1572 1311/1592/1567 1396/1595/1570
f 1490/1596/1571 1311/1592/1567 1395/1597/1572
f 1466/1305/1279 1490/1596/1571 1465/1598/1573
f 1465/1598/1573 1490/1596/1571 1395/1597/1572
f 1464/1292/1266 1466/1305/1279 1465/1598/1573
f 1464/1292/1266 1465/1598/1573 1462/1599/1574
f 1463/1290/1264 1464/1292/1266 1462/1599/1574
f 1463/1290/1264 1462/1599/1574 1492/1291/1265
f 1462/1599/1574 1465/1598/1573 1290/1600/1575
f 1465/1598/1573 1395/1597/1572 1290/1600/1575
f 1492/1291/1265 1462/1599/1574 1289/1601/1576
f 1462/1599/1574 1290/1600/1575 1289/1601/1576
f 1492/1291/1265 1289/1601/1576 1386/1602/1577
f 1290/1600/1575 1395/1597/1572 1394/1603/1578
f 1395/1597/1572 1396/1595/1570 1394/1603/1578
f 1289/1601/1576 1290/1600/1575 1288/1604/1579
f 1290/1600/1575 1394/1603/1578 1288/1604/1579
f 1289/1601/1576 1288/1604/1579 1386/1602/1577
f 1386/1602/1577 1380/1282/1256 1492/1291/1265
f 1288/1604/1579 1394/1603/1578 1282/1605/1580
f 1394/1603/1578 1396/1595/1570 1283/1606/1581
f 1394/1603/1578 1283/1606/1581 1282/1605/1580
f 1396/1595/1570 1366/1594/1569 1283/1606/1581
f 1288/1604/1579 1282/1605/1580 1506/1607/1582
f 1386/1602/1577 1288/1604/1579 1506/1607/1582
f 1282/1605/1580 1283/1606/1581 1277/1608/1583
f 1506/1607/1582 1282/1605/1580 1277/1608/1583
f 1283/1606/1581 1366/1594/1569 1278/1609/1584
f 1283/1606/1581 1278/1609/1584 1277/1608/1583
f 1366/1594/1569 1365/1593/1568 1278/1609/1584
f 1278/1609/1584 1365/1593/1568 1276/1610/1585
f 1365/1593/1568 1478/1582/1557 1276/1610/1585
f 1277/1608/1583 1278/1609/1584 1275/1611/1586
f 1278/1609/1584 1276/1610/1585 1275/1611/1586
f 1277/1608/1583 1275/1611/1586 1261/1612/1587
f 1261/1612/1587 1506/1607/1582 1277/1608/1583
f 1275/1611/1586 1276/1610/1585 1262/1613/1588
f 1275/1611/1586 1262/1613/1588 1261/1612/1587
f 1276/1610/1585 1478/1582/1557 1264/1614/1589
f 1276/1610/1585 1264/1614/1589 1262/1613/1588
f 1478/1582/1557 1364/1578/1553 1264/1614/1589
f 1264/1614/1589 1364/1578/1553 1363/1577/1552
f 1264/1614/1589 1363/1577/1552 1263/1615/1590
f 1262/1613/1588 1264/1614/1589 1263/1615/1590
f 1263/1615/1590 1363/1577/1552 1243/1572/1547
f 1262/1613/1588 1263/1615/1590 1242/1616/1591
f 1263/1615/1590 1243/1572/1547 1242/1616/1591
f 1261/1612/1587 1262/1613/1588 1242/1616/1591
f 1242/1616/1591 1243/1572/1547 1241/1536/1511
f 1265/1534/1509 1242/1616/1591 1241/1536/1511
f 1261/1612/1587 1242/1616/1591 1265/1534/1509
f 1266/1617/1592 1261/1612/1587 1265/1534/1509
f 1261/1612/1587 1266/1617/1592 1506/1607/1582
f 1266/1617/1592 1265/1534/1509 1291/1618/1593
f 1291/1618/1593 1265/1534/1509 1224/1531/1506
f 1224/1531/1506 1292/1530/1505 1291/1618/1593
f 1266/1617/1592 1501/1619/1594 1506/1607/1582
f 1506/1607/1582 1501/1619/1594 1386/1602/1577
f 1480/1620/1595 1266/1617/1592 1291/1618/1593
f 1266/1617/1592 1480/1620/1595 1501/1619/1594
f 1292/1530/1505 1477/1621/1596 1291/1618/1593
f 1480/1620/1595 1291/1618/1593 1477/1621/1596
f 1292/1530/1505 1318/1197/1171 1477/1621/1596
f 1318/1197/1171 1481/1200/1174 1477/1621/1596
f 1483/1622/1597 1477/1621/1596 1481/1200/1174
f 1483/1622/1597 1480/1620/1595 1477/1621/1596
f 1482/1203/1177 1483/1622/1597 1481/1200/1174
f 1480/1620/1595 1502/1623/1598 1501/1619/1594
f 1502/1623/1598 1480/1620/1595 1483/1622/1597
f 1504/1624/1599 1483/1622/1597 1482/1203/1177
f 1504/1624/1599 1502/1623/1598 1483/1622/1597
f 1505/1206/1180 1504/1624/1599 1482/1203/1177
f 1501/1619/1594 1502/1623/1598 1387/1625/1600
f 1501/1619/1594 1387/1625/1600 1386/1602/1577
f 1386/1602/1577 1387/1625/1600 1380/1282/1256
f 1502/1623/1598 1491/1626/1601 1387/1625/1600
f 1491/1626/1601 1502/1623/1598 1504/1624/1599
f 1387/1625/1600 1384/1627/1602 1380/1282/1256
f 1384/1627/1602 1387/1625/1600 1491/1626/1601
f 1380/1282/1256 1384/1627/1602 1381/1272/1246
f 1384/1627/1602 1389/1240/1214 1381/1272/1246
f 1494/1628/1603 1504/1624/1599 1505/1206/1180
f 1494/1628/1603 1491/1626/1601 1504/1624/1599
f 1493/1209/1183 1494/1628/1603 1505/1206/1180
f 1337/1223/1197 1494/1628/1603 1493/1209/1183
f 1489/1629/1604 1491/1626/1601 1494/1628/1603
f 1337/1223/1197 1489/1629/1604 1494/1628/1603
f 1489/1629/1604 1384/1627/1602 1491/1626/1601
f 1389/1240/1214 1384/1627/1602 1489/1629/1604
f 1338/1228/1202 1489/1629/1604 1337/1223/1197
f 1338/1228/1202 1389/1240/1214 1489/1629/1604
f 1061/1630/1605 1062/1631/1606 1060/1632/1607
f 1062/1631/1606 1673/1633/1608 1060/1632/1607
f 1673/1633/1608 1674/1632/1609 1060/1632/1607
f 1674/1632/1609 1716/1632/1610 1060/1632/1607
f 1060/1632/1607 1716/1632/1610 1120/1634/1611
f 1083/1635/1612 1062/1631/1606 1061/1630/1605
f 1119/1636/1613 1060/1632/1607 1120/1634/1611
f 1119/1636/1613 1061/1630/1605 1060/1632/1607
f 1120/1634/1611 1121/1637/1614 1119/1636/1613
f 1121/1637/1614 1148/1638/1615 1119/1636/1613
f 1148/1638/1615 1061/1630/1605 1119/1636/1613
f 1148/1638/1615 1121/1637/1614 1675/1639/1616
f 1082/1640/1617 1083/1635/1612 1061/1630/1605
f 1148/1638/1615 1082/1640/1617 1061/1630/1605
f 1085/1641/1618 1083/1635/1612 1082/1640/1617
f 1084/1642/1619 1085/1641/1618 1082/1640/1617
f 1106/1643/1620 1085/1641/1618 1084/1642/1619
f 1107/1644/1621 1084/1642/1619 1082/1640/1617
f 1107/1644/1621 1106/1643/1620 1084/1642/1619
f 1148/1638/1615 1107/1644/1621 1082/1640/1617
f 1106/1643/1620 1107/1644/1621 1105/1645/1622
f 1147/1646/1623 1148/1638/1615 1675/1639/1616
f 1107/1644/1621 1148/1638/1615 1147/1646/1623
f 1675/1639/1616 1665/1647/1624 1147/1646/1623
f 1665/1647/1624 1700/1648/1625 1147/1646/1623
f 1664/1649/1626 1700/1648/1625 1665/1647/1624
f 1666/1649/1627 1664/1649/1626 1665/1647/1624
f 1664/1649/1626 1666/1649/1627 1663/1649/1628
f 1086/1650/1629 1664/1649/1626 1663/1649/1628
f 1700/1648/1625 1664/1649/1626 1080/1651/1630
f 1080/1651/1630 1664/1649/1626 1086/1650/1629
f 1147/1646/1623 1700/1648/1625 1080/1651/1630
f 1081/1652/1631 1080/1651/1630 1086/1650/1629
f 1080/1651/1630 1081/1652/1631 1078/1653/1632
f 1081/1652/1631 1079/1654/1633 1078/1653/1632
f 1080/1651/1630 1146/1655/1634 1147/1646/1623
f 1146/1655/1634 1080/1651/1630 1078/1653/1632
f 1147/1646/1623 1146/1655/1634 1107/1644/1621
f 1078/1653/1632 1079/1654/1633 1077/1656/1635
f 1146/1655/1634 1078/1653/1632 1077/1656/1635
f 1079/1654/1633 1095/1657/1636 1077/1656/1635
f 1077/1656/1635 1095/1657/1636 1093/1658/1637
f 1095/1657/1636 1094/1659/1638 1093/1658/1637
f 1093/1658/1637 1094/1659/1638 1075/1660/1639
f 1094/1659/1638 1076/1661/1640 1075/1660/1639
f 1074/1662/1641 1077/1656/1635 1093/1658/1637
f 1093/1658/1637 1075/1660/1639 1074/1662/1641
f 1075/1660/1639 1076/1661/1640 1074/1662/1641
f 1146/1655/1634 1077/1656/1635 1074/1662/1641
f 1076/1661/1640 1144/1663/1642 1074/1662/1641
f 1146/1655/1634 1074/1662/1641 1144/1663/1642
f 1145/1664/1643 1146/1655/1634 1144/1663/1642
f 1637/1665/1644 1146/1655/1634 1145/1664/1643
f 1146/1655/1634 1637/1665/1644 1107/1644/1621
f 1636/1666/1645 1637/1665/1644 1145/1664/1643
f 1639/1667/1646 1637/1665/1644 1636/1666/1645
f 1638/1668/1647 1639/1667/1646 1636/1666/1645
f 1637/1665/1644 1642/1669/1648 1107/1644/1621
f 1637/1665/1644 1639/1667/1646 1642/1669/1648
f 1107/1644/1621 1642/1669/1648 1105/1645/1622
f 1639/1667/1646 1644/1670/1649 1642/1669/1648
f 1642/1669/1648 1643/1671/1650 1105/1645/1622
f 1642/1669/1648 1644/1670/1649 1643/1671/1650
f 1644/1670/1649 1713/1672/1651 1643/1671/1650
f 1554/1673/1652 1555/1674/1653 1553/1675/1654
f 1553/1675/1654 1711/1676/1655 1554/1673/1652
f 1554/1673/1652 1711/1676/1655 1616/1677/1656
f 1615/1678/1657 1554/1673/1652 1616/1677/1656
f 1553/1675/1654 1710/1679/1658 1711/1676/1655
f 1613/1680/1659 1554/1673/1652 1615/1678/1657
f 1554/1673/1652 1613/1680/1659 1555/1674/1653
f 1614/1681/1660 1613/1680/1659 1615/1678/1657
f 1614/1681/1660 1612/1682/1661 1613/1680/1659
f 1612/1682/1661 1555/1674/1653 1613/1680/1659
f 1608/1683/1662 1555/1674/1653 1612/1682/1661
f 1555/1674/1653 1608/1683/1662 1553/1675/1654
f 1609/1684/1663 1608/1683/1662 1612/1682/1661
f 1609/1684/1663 1610/1685/1664 1608/1683/1662
f 1610/1685/1664 1553/1675/1654 1608/1683/1662
f 1553/1675/1654 1610/1685/1664 1617/1686/1665
f 1624/1687/1666 1553/1675/1654 1617/1686/1665
f 1710/1679/1658 1553/1675/1654 1624/1687/1666
f 1619/1688/1667 1624/1687/1666 1617/1686/1665
f 1618/1689/1668 1619/1688/1667 1617/1686/1665
f 1618/1689/1668 1620/1690/1669 1619/1688/1667
f 1620/1690/1669 1626/1691/1670 1619/1688/1667
f 1626/1691/1670 1624/1687/1666 1619/1688/1667
f 1626/1691/1670 1620/1690/1669 1621/1692/1671
f 1624/1687/1666 1626/1691/1670 1625/1693/1672
f 1625/1693/1672 1626/1691/1670 1621/1692/1671
f 1624/1687/1666 1623/1694/1673 1710/1679/1658
f 1624/1687/1666 1625/1693/1672 1623/1694/1673
f 1623/1694/1673 1625/1693/1672 1621/1692/1671
f 1627/1695/1674 1710/1679/1658 1623/1694/1673
f 1622/1696/1675 1623/1694/1673 1621/1692/1671
f 1622/1696/1675 1627/1695/1674 1623/1694/1673
