# Blender 3.6.5
# www.blender.org
o magF
v -0.012616 0.004665 -0.090175
v -0.012922 0.004665 -0.089620
v -0.013386 0.004665 -0.091733
v -0.015162 -0.017971 -0.126690
v -0.014478 -0.017383 -0.091083
v -0.014480 -0.017386 -0.127034
v -0.015698 -0.024038 -0.130638
v -0.015698 -0.038817 -0.089707
v -0.015698 -0.022704 -0.128583
v -0.011808 -0.023046 -0.154048
v -0.012771 -0.021280 -0.151906
v -0.010815 -0.021291 -0.153015
v -0.013811 -0.037206 -0.085717
v -0.015191 -0.019231 -0.087407
v -0.015192 -0.038409 -0.087403
v -0.014801 -0.033133 -0.150516
v 0.012001 -0.032816 -0.153649
v 0.014801 -0.033133 -0.150516
v -0.012194 -0.031943 -0.154447
v 0.012190 -0.024522 -0.154447
v 0.012194 -0.031943 -0.154447
v -0.014189 -0.024522 -0.153424
v -0.012190 -0.024522 -0.154447
v -0.014192 -0.032022 -0.153423
v -0.015499 -0.024522 -0.151646
v -0.012771 -0.021280 -0.151906
v -0.015101 -0.023060 -0.151228
v -0.014029 -0.021276 -0.150104
v -0.015500 -0.032187 -0.151647
v -0.015698 -0.024522 -0.149505
v -0.012389 0.011740 -0.151498
v -0.010436 -0.019821 -0.152621
v -0.012389 -0.019821 -0.151498
v -0.015312 -0.023039 -0.149103
v -0.014325 -0.021295 -0.148076
v -0.015307 -0.023031 -0.132907
v -0.014329 -0.021302 -0.133290
v -0.015142 -0.018846 -0.127789
v -0.014495 -0.019431 -0.128788
v -0.015157 -0.020117 -0.128454
v -0.012615 0.004136 -0.103870
v -0.013386 0.003431 -0.104669
v -0.012615 0.003431 -0.104669
v -0.009636 -0.001939 -0.087064
v -0.012053 -0.016126 -0.087684
v -0.009636 -0.016126 -0.087064
v -0.009638 0.006792 -0.087064
v -0.009638 0.005224 -0.087064
v -0.007235 0.006792 -0.087064
v 0.014279 -0.039236 -0.087403
v -0.013418 -0.038499 -0.086367
v -0.014279 -0.039236 -0.087403
v -0.011923 -0.036188 -0.085099
v -0.013807 -0.019231 -0.085718
v -0.011385 -0.017976 -0.085693
v -0.012580 -0.017379 -0.087092
v -0.013279 -0.017978 -0.086308
v -0.014662 -0.017977 -0.088000
v -0.013966 -0.017380 -0.088781
v -0.015165 -0.017974 -0.090313
v -0.012616 0.004665 -0.102469
v -0.013386 0.004665 -0.102469
v 0.010691 -0.017380 -0.086471
v -0.009636 -0.016126 -0.087064
v -0.010691 -0.017380 -0.086471
v -0.013437 -0.016126 -0.089372
v -0.013945 -0.001939 -0.091675
v -0.013945 -0.016126 -0.091680
v -0.015698 -0.019231 -0.089715
v 0.011385 -0.017976 -0.085693
v -0.011377 0.004106 -0.088760
v -0.012056 -0.000822 -0.090294
v -0.011376 -0.000822 -0.088760
v -0.005484 0.004776 -0.087064
v -0.014376 -0.021280 -0.131626
v -0.015195 -0.021551 -0.129447
v -0.014457 -0.020711 -0.129877
v -0.011734 0.004665 -0.088256
v -0.013636 0.011735 -0.149692
v -0.013636 -0.019821 -0.149691
v -0.013945 0.011725 -0.147682
v -0.013945 -0.019821 -0.147680
v -0.012615 -0.001381 -0.102469
v -0.013386 -0.001381 -0.091735
v -0.012615 -0.001381 -0.090175
v -0.012615 -0.000147 -0.104669
v -0.013386 -0.000851 -0.103870
v -0.012615 -0.000851 -0.103870
v -0.011915 -0.019231 -0.085100
v 0.011915 -0.019231 -0.085100
v -0.012057 0.004106 -0.103058
v -0.012057 0.001643 -0.104449
v -0.012057 -0.000822 -0.103058
v -0.012615 0.001643 -0.105019
v -0.013386 -0.000147 -0.104669
v -0.010493 0.004106 -0.087520
v -0.010492 -0.000822 -0.087520
v -0.013386 0.001643 -0.105019
v -0.010193 0.010523 -0.091145
v -0.010387 -0.014403 -0.092030
v -0.010198 0.012234 -0.092934
v -0.013048 0.011947 -0.091185
v -0.010838 0.010887 -0.090495
v -0.011036 0.011789 -0.091392
v -0.009932 0.012245 -0.146767
v -0.009065 -0.014403 -0.148369
v -0.008930 0.012258 -0.148336
v -0.010029 0.019274 -0.148567
v -0.013214 0.013301 -0.149761
v -0.013520 0.013297 -0.147778
v -0.009743 0.009408 -0.090379
v -0.010193 -0.014403 -0.091145
v 0.002536 0.011006 -0.150105
v -0.002536 0.011006 -0.151821
v -0.002536 0.011006 -0.150105
v -0.009756 0.019271 -0.150324
v -0.012002 0.013311 -0.151527
v -0.012719 0.010438 -0.089680
v -0.010224 0.009787 -0.089685
v -0.013521 0.013296 -0.093553
v -0.010029 0.019275 -0.100035
v -0.010029 0.019275 -0.105270
v -0.008893 0.019260 -0.151760
v -0.010121 0.013317 -0.152621
v -0.009881 0.008145 -0.087698
v -0.009121 0.009400 -0.089365
v -0.006851 0.019284 -0.103599
v -0.010173 0.012235 -0.098105
v -0.007634 0.008145 -0.087699
v -0.007634 0.009400 -0.089364
v -0.002695 0.010206 -0.149306
v 0.002695 0.010206 -0.149306
v 0.010436 -0.019821 -0.152621
v -0.010436 -0.019821 -0.152621
v -0.007300 0.012268 -0.149274
v -0.006603 0.019246 -0.147775
v -0.008693 0.020000 -0.149820
v -0.006642 0.020000 -0.149125
v -0.007936 0.020000 -0.151117
v -0.006832 0.019274 -0.146540
v -0.007376 -0.014403 -0.149306
v -0.010106 -0.014403 -0.146780
v -0.007028 0.020000 -0.148331
v -0.008935 0.020000 -0.148201
v -0.007207 0.020000 -0.147009
v -0.008931 0.019999 -0.105282
v -0.007210 0.019999 -0.104351
v -0.004275 0.011727 -0.150105
v -0.009062 0.019457 -0.099136
v -0.010947 0.012932 -0.092514
v -0.007627 0.019434 -0.099159
v -0.008834 0.009004 -0.089993
v -0.009743 -0.014403 -0.090379
v -0.013439 0.009390 -0.089368
v -0.013945 0.005224 -0.091672
v -0.013438 0.005224 -0.089369
v -0.006969 0.020000 -0.151776
v -0.005742 0.020000 -0.149731
v -0.005742 0.020000 -0.151778
v -0.004275 0.011727 -0.151821
v -0.004942 0.013465 -0.150105
v -0.004942 0.019200 -0.151821
v -0.004942 0.013465 -0.151821
v -0.006876 0.007958 -0.087737
v -0.005713 0.007491 -0.089321
v -0.006876 0.009151 -0.089321
v -0.005742 0.013317 -0.149306
v -0.006022 0.019216 -0.148745
v -0.007589 0.019251 -0.152621
v -0.005742 0.013317 -0.152621
v 0.005697 0.006592 -0.089993
v -0.004955 0.006942 -0.088879
v 0.004955 0.006942 -0.088879
v -0.013438 -0.001939 -0.089370
v -0.012072 0.007756 -0.087698
v -0.012058 0.005224 -0.087684
v -0.014511 -0.018285 -0.128139
v -0.013945 -0.018464 -0.129782
v -0.015162 -0.017971 -0.126690
v -0.015698 -0.019231 -0.126658
v -0.013945 0.005224 -0.103480
v -0.013386 0.004136 -0.103870
v -0.013386 0.004665 -0.102469
v -0.013945 -0.001939 -0.103480
v -0.013386 -0.001381 -0.102469
v -0.013386 -0.000851 -0.103870
v -0.010493 0.004106 -0.087520
v -0.011734 0.004665 -0.088256
v -0.011733 -0.001381 -0.088256
v -0.010492 -0.000822 -0.087520
v -0.010198 0.012234 -0.092934
v -0.006853 0.019285 -0.100081
v -0.007211 0.019999 -0.100524
v -0.013945 0.011713 -0.091671
v -0.012765 0.013051 -0.092351
v -0.013521 0.013296 -0.093553
v -0.008930 0.019999 -0.100524
v -0.010029 0.019275 -0.100035
v -0.007235 0.006792 -0.087064
v -0.007346 0.009007 -0.089993
v -0.004955 0.006057 -0.087704
v -0.005713 0.006298 -0.087737
v -0.005484 0.004776 -0.087064
v -0.005697 0.006592 -0.089993
v -0.005742 0.019204 -0.149306
v -0.004942 0.019200 -0.150105
v -0.005742 0.019249 -0.152621
v -0.004942 0.019200 -0.151821
v -0.015264 -0.022631 -0.131177
v -0.015698 -0.024522 -0.132660
v -0.014480 -0.017386 -0.127034
v -0.013945 -0.019821 -0.131960
v -0.013945 -0.019427 -0.130625
v -0.015698 -0.021011 -0.127442
v -0.013945 0.003725 -0.105180
v -0.013945 0.001643 -0.105588
v -0.012389 -0.019821 -0.151498
v -0.012389 -0.019821 -0.151498
v -0.013636 -0.019821 -0.149691
v -0.013802 -0.023057 -0.153011
v -0.013802 -0.023057 -0.153011
v -0.012001 -0.032816 -0.153649
v -0.014192 -0.032022 -0.153423
v -0.012194 -0.031943 -0.154447
v -0.013659 -0.032905 -0.152802
v -0.015500 -0.032187 -0.151647
v -0.014724 -0.033062 -0.151358
v -0.013945 -0.019821 -0.147680
v -0.012053 -0.016126 -0.087684
v -0.013437 -0.016126 -0.089372
v -0.013945 -0.016126 -0.091680
v -0.012235 -0.037700 -0.085513
v -0.013811 -0.037206 -0.085717
v -0.015192 -0.038409 -0.087403
v -0.014796 -0.039640 -0.089707
v -0.015698 -0.038817 -0.089707
v 0.005484 0.004776 -0.087064
v -0.013945 -0.016633 -0.128910
v 0.011923 -0.036188 -0.085099
v 0.013418 -0.038499 -0.086367
v 0.012235 -0.037700 -0.085513
v -0.015698 -0.032433 -0.149508
v -0.013386 0.004665 -0.091733
v 0.011808 -0.023046 -0.154048
v 0.002695 0.010206 -0.149306
v -0.002695 0.010206 -0.149306
v 0.007376 -0.014403 -0.149306
v -0.012922 0.004665 -0.089620
v -0.012922 -0.001381 -0.089620
v -0.013386 -0.001381 -0.091735
v -0.012057 0.000146 -0.104157
v -0.012056 -0.001939 -0.087682
v -0.013386 -0.001381 -0.102469
v -0.013386 0.004136 -0.103870
v -0.012057 0.004106 -0.090294
v -0.011733 -0.001381 -0.088256
v -0.013386 0.003431 -0.104669
v -0.013386 0.001643 -0.105019
v -0.013945 -0.000440 -0.105180
v -0.012057 0.003138 -0.104157
v -0.013386 -0.000147 -0.104669
v -0.010439 0.011743 -0.152621
v -0.011542 0.008966 -0.088270
v -0.013439 0.009390 -0.089368
v -0.012072 0.007756 -0.087698
v -0.009638 0.006792 -0.087064
v -0.008893 0.019260 -0.151760
v -0.009756 0.019271 -0.150324
v -0.007589 0.019251 -0.152621
v -0.010029 0.019274 -0.148567
v -0.010029 0.019275 -0.105270
v -0.010193 0.010523 -0.091145
v -0.009743 0.009408 -0.090379
v 0.010815 -0.021291 -0.153015
v -0.008834 0.009004 -0.089993
v -0.006603 0.019246 -0.147775
v -0.006832 0.019274 -0.146540
v -0.006851 0.019284 -0.103599
v -0.004898 0.011119 -0.149306
v -0.002695 0.010206 -0.152621
v -0.005742 0.013317 -0.149306
v -0.005742 0.013317 -0.152621
v -0.004898 0.011119 -0.152621
v -0.006022 0.019216 -0.148745
v 0.002695 0.010206 -0.152621
v 0.002536 0.011006 -0.151821
v 0.010436 -0.019821 -0.152621
v -0.002695 0.010206 -0.152621
v 0.002695 0.010206 -0.152621
v -0.005742 0.019204 -0.149306
v -0.005742 0.019249 -0.152621
v -0.012922 -0.001381 -0.089620
v 0.011923 -0.036188 -0.085099
v -0.013945 -0.016126 -0.128228
v 0.015162 -0.017971 -0.126690
v 0.014478 -0.017383 -0.091083
v 0.015165 -0.017974 -0.090313
v 0.015698 -0.038817 -0.089707
v 0.015698 -0.024038 -0.130638
v 0.015698 -0.022704 -0.128583
v 0.012771 -0.021280 -0.151906
v 0.013811 -0.037206 -0.085717
v 0.015191 -0.019231 -0.087407
v 0.013807 -0.019231 -0.085718
v 0.014189 -0.024522 -0.153424
v 0.015499 -0.024522 -0.151646
v 0.014192 -0.032022 -0.153423
v 0.014189 -0.024522 -0.153424
v 0.012771 -0.021280 -0.151906
v 0.015101 -0.023060 -0.151228
v 0.013803 -0.023057 -0.153011
v 0.015698 -0.024522 -0.149505
v 0.015500 -0.032187 -0.151647
v 0.012389 0.011740 -0.151498
v 0.012389 -0.019821 -0.151498
v 0.014029 -0.021276 -0.150104
v 0.015312 -0.023039 -0.149103
v 0.014325 -0.021295 -0.148076
v 0.015307 -0.023031 -0.132907
v 0.015142 -0.018846 -0.127789
v 0.014495 -0.019431 -0.128788
v 0.014511 -0.018285 -0.128139
v 0.009638 0.006792 -0.087064
v 0.007235 0.006792 -0.087064
v 0.009637 -0.016126 -0.087064
v 0.012580 -0.017379 -0.087092
v 0.014663 -0.017977 -0.088000
v 0.013279 -0.017978 -0.086308
v 0.013966 -0.017380 -0.088781
v 0.015192 -0.038409 -0.087403
v 0.015698 -0.019231 -0.089715
v 0.015196 -0.021551 -0.129447
v 0.014376 -0.021280 -0.131626
v 0.014457 -0.020711 -0.129877
v 0.013636 0.011735 -0.149692
v 0.012389 -0.019821 -0.151498
v 0.012389 0.011740 -0.151498
v 0.013945 0.011725 -0.147682
v 0.013636 -0.019821 -0.149691
v 0.010838 0.010887 -0.090495
v 0.013048 0.011947 -0.091185
v 0.011036 0.011789 -0.091392
v 0.013214 0.013301 -0.149761
v 0.010029 0.019274 -0.148567
v 0.013520 0.013297 -0.147778
v 0.012002 0.013311 -0.151527
v 0.009756 0.019271 -0.150324
v 0.010224 0.009787 -0.089685
v 0.012719 0.010438 -0.089680
v 0.010029 0.019275 -0.100035
v 0.013521 0.013296 -0.093553
v 0.010121 0.013317 -0.152621
v 0.008894 0.019260 -0.151760
v 0.012002 0.013311 -0.151527
v 0.009881 0.008145 -0.087698
v 0.011542 0.008966 -0.088270
v 0.009121 0.009400 -0.089365
v 0.007634 0.008145 -0.087699
v 0.006642 0.020000 -0.149125
v 0.008693 0.020000 -0.149820
v 0.007936 0.020000 -0.151117
v 0.007028 0.020000 -0.148331
v 0.008935 0.020000 -0.148201
v 0.015157 -0.020117 -0.128454
v 0.007207 0.020000 -0.147009
v 0.008930 0.019999 -0.100524
v 0.004275 0.011727 -0.150105
v 0.010947 0.012932 -0.092514
v 0.009062 0.019457 -0.099136
v 0.007627 0.019434 -0.099159
v 0.013945 -0.016126 -0.091680
v 0.013439 0.009390 -0.089368
v 0.013438 -0.016126 -0.089372
v 0.006969 0.020000 -0.151776
v 0.005742 0.020000 -0.149731
v 0.004942 0.013465 -0.150105
v 0.004275 0.011727 -0.151821
v 0.004942 0.019200 -0.151821
v 0.004942 0.013465 -0.151821
v 0.005713 0.007491 -0.089321
v 0.006876 0.007958 -0.087737
v 0.006876 0.009151 -0.089321
v 0.005742 0.013317 -0.149306
v 0.006022 0.019216 -0.148745
v 0.005742 0.019204 -0.149306
v 0.007589 0.019251 -0.152621
v 0.005742 0.013317 -0.152621
v 0.005742 0.019249 -0.152621
v 0.013945 -0.016126 -0.128228
v 0.013945 -0.016633 -0.128910
v 0.012072 0.007756 -0.087698
v 0.012053 -0.016126 -0.087684
v 0.013945 -0.018464 -0.129782
v 0.015162 -0.017971 -0.126690
v 0.015698 -0.019231 -0.126658
v 0.010198 0.012234 -0.092934
v 0.007211 0.019999 -0.100524
v 0.006853 0.019285 -0.100081
v 0.013945 0.011713 -0.091671
v 0.012765 0.013051 -0.092351
v 0.010029 0.019275 -0.100035
v 0.007235 0.006792 -0.087064
v 0.007346 0.009007 -0.089993
v 0.007634 0.009400 -0.089364
v 0.004955 0.006057 -0.087704
v 0.005484 0.004776 -0.087064
v 0.005713 0.006298 -0.087737
v 0.005742 0.019204 -0.149306
v 0.004942 0.019200 -0.150105
v 0.005742 0.019249 -0.152621
v 0.004942 0.019200 -0.151821
v 0.005742 0.020000 -0.151778
v 0.015264 -0.022631 -0.131177
v 0.015698 -0.024522 -0.132660
v 0.013945 -0.019821 -0.131960
v 0.014329 -0.021302 -0.133290
v 0.013945 -0.019821 -0.133441
v 0.013945 -0.019427 -0.130625
v 0.015698 -0.021011 -0.127442
v 0.012389 -0.019821 -0.151498
v 0.012389 -0.019821 -0.151498
v 0.013636 -0.019821 -0.149691
v 0.013803 -0.023057 -0.153011
v 0.014192 -0.032022 -0.153423
v 0.013659 -0.032905 -0.152802
v 0.015500 -0.032187 -0.151647
v 0.014724 -0.033062 -0.151358
v 0.013945 -0.019821 -0.147680
v 0.012053 -0.016126 -0.087684
v 0.013438 -0.016126 -0.089372
v 0.013811 -0.037206 -0.085717
v 0.015192 -0.038409 -0.087403
v 0.014796 -0.039640 -0.089707
v 0.014481 -0.017386 -0.127034
v 0.013945 -0.016633 -0.128910
v 0.013945 -0.016126 -0.128228
v 0.015698 -0.032433 -0.149508
v 0.010439 0.011743 -0.152621
v 0.013945 0.011713 -0.091671
v 0.013439 0.009390 -0.089368
v 0.012072 0.007756 -0.087698
v 0.013521 0.013296 -0.093553
v 0.008894 0.019260 -0.151760
v 0.007589 0.019251 -0.152621
v 0.010029 0.019274 -0.148567
v 0.010193 0.010523 -0.091145
v 0.009743 0.009408 -0.090379
v 0.008834 0.009004 -0.089993
v 0.006603 0.019246 -0.147775
v 0.006832 0.019274 -0.146540
v 0.009638 0.006792 -0.087064
v 0.004898 0.011119 -0.149306
v 0.004898 0.011119 -0.152621
v 0.005742 0.013317 -0.149306
v 0.005742 0.013317 -0.152621
v 0.006022 0.019216 -0.148745
v 0.005742 0.019204 -0.149306
v 0.004942 0.019200 -0.150105
v 0.005742 0.019249 -0.152621
v 0.014481 -0.017386 -0.127034
v 0.013945 -0.016126 -0.091680
v -0.006853 0.019285 -0.100081
v -0.005697 0.006592 -0.089993
v -0.008834 -0.014403 -0.089993
v 0.005697 0.006592 -0.089993
v 0.008834 0.009004 -0.089993
v 0.008834 -0.014403 -0.089993
v -0.010387 -0.014403 -0.092030
v 0.008834 -0.014403 -0.089993
v 0.010387 -0.014403 -0.092030
v -0.015698 -0.032433 -0.149508
v 0.009637 -0.016126 -0.087064
v -0.013945 0.011713 -0.091671
v -0.004942 0.019200 -0.150105
v -0.005742 0.019204 -0.149306
v -0.005742 0.019249 -0.152621
v -0.013945 -0.019821 -0.133441
v -0.013945 -0.016633 -0.128910
v -0.013945 -0.019821 -0.133441
v -0.013945 -0.019821 -0.131960
v -0.013945 -0.018464 -0.129782
v -0.013945 -0.019427 -0.130625
v -0.013945 -0.016126 -0.128228
v -0.011923 -0.036188 -0.085099
v -0.013945 -0.016126 -0.128228
v 0.007300 0.012268 -0.149274
v 0.004898 0.011119 -0.149306
v -0.004898 0.011119 -0.149306
v 0.004898 0.011119 -0.152621
v -0.004898 0.011119 -0.152621
v 0.012194 -0.031943 -0.154447
v 0.015698 -0.032433 -0.149508
v 0.014192 -0.032022 -0.153423
v 0.013945 -0.019821 -0.147680
v 0.008894 0.019260 -0.151760
v 0.013945 -0.019821 -0.133441
v 0.013945 -0.018464 -0.129782
v 0.013945 -0.019427 -0.130625
v 0.013945 -0.019821 -0.131960
v 0.015698 -0.038817 -0.089707
v 0.009756 0.019271 -0.150324
v 0.013945 -0.016126 -0.128228
v -0.007346 0.009007 -0.089993
v 0.007346 0.009007 -0.089993
v -0.009065 -0.014403 -0.148369
v -0.010106 -0.014403 -0.146780
v -0.007376 -0.014403 -0.149306
v 0.010106 -0.014403 -0.146780
v -0.010193 -0.014403 -0.091145
v -0.008834 -0.014403 -0.089993
v -0.009743 -0.014403 -0.090379
v 0.009743 -0.014403 -0.090379
v 0.010193 -0.014403 -0.091145
v 0.009065 -0.014403 -0.148369
v 0.007376 -0.014403 -0.149306
v 0.002512 0.008651 -0.148948
v -0.000856 0.010047 -0.148948
v -0.000856 0.016782 -0.148948
v 0.001364 0.015133 -0.093146
v 0.001525 0.015796 -0.092669
v 0.000689 0.015237 -0.092669
v 0.000485 0.013817 -0.093146
v 0.000130 0.014401 -0.092669
v -0.000066 0.013415 -0.092669
v 0.000794 0.012266 -0.093146
v 0.000130 0.012428 -0.092669
v 0.000689 0.011591 -0.092669
v 0.002109 0.011388 -0.093146
v 0.001525 0.011033 -0.092669
v 0.002512 0.010836 -0.092669
v 0.003660 0.011696 -0.093146
v 0.003499 0.011033 -0.092669
v 0.004335 0.011591 -0.092669
v 0.004539 0.013011 -0.093146
v 0.004894 0.012428 -0.092669
v 0.005090 0.013415 -0.092669
v 0.004230 0.014563 -0.093146
v 0.004894 0.014401 -0.092669
v 0.004335 0.015237 -0.092669
v 0.002915 0.015441 -0.093146
v 0.003499 0.015796 -0.092669
v 0.002512 0.015993 -0.092669
v -0.001811 0.017739 -0.130261
v 0.000172 0.019064 -0.137209
v -0.001811 0.017739 -0.137209
v 0.000056 0.007486 -0.096853
v 0.002512 0.006998 -0.128799
v 0.002512 0.006998 -0.096853
v -0.003137 0.015754 -0.130261
v -0.003137 0.015754 -0.137209
v 0.000172 0.007765 -0.137209
v -0.001811 0.009091 -0.144158
v 0.000172 0.007765 -0.144158
v 0.008627 0.013415 -0.130261
v 0.008161 0.011074 -0.137209
v 0.008627 0.013415 -0.137209
v 0.004967 0.007486 -0.096853
v 0.007049 0.008877 -0.128799
v 0.007049 0.008877 -0.096853
v 0.000172 0.007765 -0.145179
v -0.001811 0.009091 -0.146483
v 0.000172 0.007765 -0.146483
v 0.004852 0.007765 -0.137209
v 0.002512 0.007300 -0.144158
v 0.004852 0.007765 -0.144158
v 0.008161 0.011074 -0.146483
v 0.006836 0.009091 -0.145179
v 0.006836 0.009091 -0.146483
v 0.004852 0.019064 -0.146483
v 0.006836 0.017739 -0.145179
v 0.006836 0.017739 -0.146483
v 0.008440 0.010959 -0.128799
v 0.008440 0.010959 -0.096853
v 0.008440 0.015870 -0.096853
v 0.007049 0.017952 -0.128799
v 0.007049 0.017952 -0.096853
v 0.002512 0.007300 -0.130261
v 0.002512 0.007300 -0.137209
v -0.002025 0.008877 -0.128799
v -0.003137 0.011074 -0.130261
v -0.001811 0.009091 -0.130261
v 0.002512 0.019008 -0.095895
v 0.000372 0.018582 -0.095170
v 0.002512 0.019008 -0.095170
v 0.008929 0.013415 -0.128799
v 0.008929 0.013415 -0.096853
v 0.000265 0.018839 -0.092669
v 0.002512 0.019285 -0.092669
v 0.008161 0.015754 -0.130261
v 0.008929 0.013415 -0.128799
v 0.008627 0.013415 -0.130261
v 0.002512 0.019832 -0.128799
v 0.004852 0.019064 -0.130261
v 0.002512 0.019529 -0.130261
v -0.003603 0.013415 -0.130261
v -0.003416 0.010959 -0.128799
v -0.003905 0.013415 -0.128799
v 0.008161 0.011074 -0.130261
v 0.007049 0.008877 -0.128799
v 0.006836 0.009091 -0.130261
v 0.004852 0.007765 -0.130261
v 0.002512 0.006998 -0.128799
v 0.002512 0.007300 -0.130261
v 0.000056 0.007486 -0.128799
v 0.000172 0.007765 -0.130261
v 0.000689 0.017815 -0.148948
v -0.001811 0.017739 -0.146483
v 0.000172 0.019064 -0.146483
v -0.001811 0.017739 -0.130261
v -0.003416 0.015870 -0.128799
v -0.002025 0.017952 -0.128799
v 0.000172 0.019064 -0.130261
v 0.000056 0.019343 -0.128799
v -0.003137 0.015754 -0.130261
v 0.002512 0.006998 -0.128799
v 0.002512 0.007300 -0.130261
v 0.004967 0.019343 -0.128799
v 0.006836 0.017739 -0.130261
v 0.004967 0.007486 -0.128799
v 0.008440 0.015870 -0.128799
v 0.002512 0.007300 -0.145179
v 0.004602 0.008368 -0.144710
v 0.002512 0.007952 -0.144710
v -0.003603 0.013415 -0.137209
v -0.003137 0.011074 -0.144158
v -0.003137 0.011074 -0.137209
v 0.004852 0.019064 -0.130261
v 0.006836 0.017739 -0.137209
v 0.004852 0.019064 -0.137209
v -0.003416 0.015870 -0.096853
v -0.003905 0.013415 -0.128799
v -0.003905 0.013415 -0.096853
v -0.003416 0.010959 -0.128799
v -0.003416 0.010959 -0.096853
v 0.002512 0.007822 -0.095895
v 0.004652 0.008247 -0.095170
v 0.002512 0.007822 -0.095170
v 0.002512 0.019832 -0.094672
v 0.000056 0.019343 -0.093204
v 0.002512 0.019832 -0.093204
v 0.006836 0.017739 -0.130261
v 0.008161 0.015754 -0.137209
v 0.004967 0.019343 -0.128799
v 0.000056 0.019343 -0.096853
v -0.002025 0.017952 -0.128799
v -0.002025 0.017952 -0.096853
v 0.008627 0.013415 -0.146483
v 0.008161 0.011074 -0.145179
v 0.002512 0.007300 -0.145179
v 0.002512 0.007300 -0.146483
v 0.002512 0.019529 -0.137209
v 0.002512 0.006998 -0.096853
v 0.004967 0.007486 -0.128799
v 0.002512 0.019832 -0.096853
v 0.000056 0.019343 -0.128799
v 0.002512 0.007300 -0.144158
v 0.000421 0.008368 -0.144710
v 0.002512 0.007952 -0.144710
v 0.007559 0.011324 -0.144710
v 0.008627 0.013415 -0.145179
v 0.007975 0.013415 -0.144710
v -0.002535 0.011324 -0.144710
v -0.001811 0.009091 -0.145179
v -0.001351 0.009551 -0.144710
v 0.006375 0.017277 -0.144710
v 0.008161 0.015754 -0.144158
v 0.007559 0.015505 -0.144710
v 0.004602 0.018461 -0.144710
v 0.006375 0.017277 -0.144710
v 0.002512 0.018877 -0.144710
v 0.004852 0.019064 -0.144158
v 0.004602 0.018461 -0.144710
v 0.006375 0.009551 -0.144710
v 0.006375 0.009551 -0.144710
v 0.008161 0.011074 -0.144158
v 0.006836 0.009091 -0.144158
v -0.002951 0.013415 -0.144710
v -0.003137 0.015754 -0.145179
v -0.003603 0.013415 -0.145179
v 0.004602 0.008368 -0.144710
v 0.002512 0.007952 -0.144710
v 0.000372 0.018582 -0.095170
v 0.002512 0.019832 -0.094672
v 0.002512 0.019008 -0.095170
v 0.006836 0.017739 -0.144158
v 0.000172 0.019064 -0.144158
v 0.002512 0.019529 -0.144158
v -0.003603 0.013415 -0.144158
v -0.002535 0.015505 -0.144710
v -0.002951 0.013415 -0.144710
v 0.006912 0.015237 -0.148948
v 0.008627 0.013415 -0.146483
v 0.007275 0.013415 -0.148948
v 0.000172 0.019064 -0.145179
v 0.002512 0.019529 -0.146483
v 0.000172 0.019064 -0.146483
v -0.003905 0.013415 -0.094672
v -0.003416 0.010959 -0.093204
v -0.003905 0.013415 -0.093204
v 0.002512 0.019529 -0.145179
v 0.006836 0.009091 -0.130261
v 0.006836 0.009091 -0.137209
v 0.007049 0.017952 -0.094672
v 0.004967 0.019343 -0.093204
v 0.007049 0.017952 -0.093204
v 0.004967 0.019343 -0.096853
v 0.002512 0.019832 -0.128799
v 0.007049 0.008877 -0.093204
v 0.008440 0.010959 -0.094672
v 0.008440 0.010959 -0.093204
v -0.003137 0.015754 -0.146483
v -0.003603 0.013415 -0.146483
v -0.002025 0.008877 -0.128799
v -0.002025 0.008877 -0.096853
v -0.003137 0.011074 -0.145179
v -0.003137 0.011074 -0.146483
v -0.003416 0.015870 -0.128799
v 0.000056 0.019343 -0.094672
v -0.002025 0.017952 -0.093204
v 0.000689 0.017815 -0.148948
v 0.002512 0.018177 -0.148948
v 0.004335 0.017815 -0.148948
v 0.005880 0.016782 -0.148948
v 0.006912 0.015237 -0.148948
v 0.005880 0.010046 -0.148948
v 0.007275 0.013415 -0.148948
v 0.006912 0.011592 -0.148948
v 0.004335 0.009014 -0.148948
v 0.000689 0.009014 -0.148948
v -0.001888 0.011592 -0.148948
v -0.002251 0.013415 -0.148948
v -0.001888 0.015237 -0.148948
v -0.000856 0.016782 -0.148948
v -0.003137 0.015754 -0.146483
v -0.002251 0.013415 -0.148948
v -0.003137 0.011074 -0.146483
v -0.003603 0.013415 -0.146483
v 0.005880 0.010046 -0.148948
v 0.004852 0.007765 -0.146483
v 0.004335 0.009014 -0.148948
v 0.002512 0.007300 -0.146483
v 0.000689 0.009014 -0.148948
v 0.002512 0.008651 -0.148948
v 0.004335 0.017815 -0.148948
v 0.006836 0.017739 -0.146483
v 0.005880 0.016782 -0.148948
v 0.002512 0.018177 -0.148948
v 0.004852 0.019064 -0.146483
v -0.001888 0.015237 -0.148948
v 0.008161 0.011074 -0.146483
v 0.006912 0.011592 -0.148948
v -0.001811 0.009091 -0.146483
v -0.001888 0.011592 -0.148948
v -0.000856 0.010047 -0.148948
v 0.008161 0.015754 -0.146483
v 0.002512 0.008651 -0.148948
v -0.001443 0.017369 -0.095895
v -0.003416 0.015870 -0.096853
v -0.002655 0.015555 -0.095895
v 0.002512 0.019529 -0.146483
v 0.004852 0.007765 -0.145179
v 0.002512 0.007300 -0.146483
v 0.004852 0.007765 -0.146483
v 0.004967 0.019343 -0.094672
v 0.008161 0.011074 -0.130261
v -0.001811 0.009091 -0.130261
v -0.001811 0.009091 -0.137209
v 0.002512 0.019529 -0.130261
v -0.001443 0.017369 -0.095170
v 0.000372 0.018582 -0.095895
v -0.001443 0.017369 -0.095895
v 0.008161 0.015754 -0.130261
v 0.008161 0.015754 -0.145179
v 0.007559 0.015505 -0.144710
v 0.008627 0.013415 -0.144158
v 0.007559 0.011324 -0.144710
v 0.007975 0.013415 -0.144710
v 0.000421 0.008368 -0.144710
v -0.001351 0.017277 -0.144710
v 0.000421 0.018461 -0.144710
v -0.001351 0.009551 -0.144710
v 0.004852 0.019064 -0.145179
v 0.002512 0.018877 -0.144710
v -0.001351 0.017277 -0.144710
v -0.001811 0.017739 -0.145179
v -0.002535 0.011324 -0.144710
v 0.000421 0.018461 -0.144710
v -0.002535 0.015505 -0.144710
v 0.002512 0.007952 -0.144710
v 0.002915 0.015441 -0.093146
v 0.003843 0.014304 -0.092385
v 0.004230 0.014563 -0.093146
v -0.002912 0.011168 -0.092669
v -0.003359 0.013415 -0.092669
v -0.001639 0.017566 -0.092669
v -0.002912 0.015661 -0.092669
v 0.000056 0.007486 -0.094672
v 0.002512 0.006998 -0.093204
v 0.000056 0.007486 -0.093204
v 0.007936 0.011168 -0.092669
v 0.007936 0.015661 -0.092669
v 0.008383 0.013415 -0.092669
v 0.004758 0.018839 -0.092669
v 0.006663 0.017566 -0.092669
v 0.001623 0.014745 -0.092385
v 0.002200 0.011845 -0.092385
v 0.002512 0.007544 -0.092669
v 0.004758 0.007991 -0.092669
v 0.006663 0.009264 -0.092669
v -0.001639 0.009264 -0.092669
v 0.008929 0.013415 -0.094672
v 0.007679 0.011275 -0.095170
v 0.008105 0.013415 -0.095170
v 0.006467 0.017369 -0.095170
v 0.008440 0.015870 -0.094672
v 0.007679 0.015555 -0.095170
v 0.004967 0.019343 -0.093204
v 0.002512 0.019832 -0.093204
v -0.002025 0.008877 -0.096853
v 0.000372 0.008247 -0.095895
v -0.001443 0.009460 -0.095895
v -0.001443 0.017369 -0.095170
v 0.000056 0.019343 -0.094672
v 0.000265 0.007991 -0.092669
v -0.003081 0.013415 -0.095170
v -0.003416 0.015870 -0.094672
v -0.002655 0.015555 -0.095170
v 0.006467 0.017369 -0.095895
v 0.008440 0.015870 -0.096853
v 0.007049 0.017952 -0.096853
v -0.003416 0.010959 -0.094672
v -0.003905 0.013415 -0.094672
v 0.000056 0.007486 -0.096853
v 0.002512 0.007822 -0.095895
v 0.000372 0.018582 -0.095895
v -0.002025 0.017952 -0.096853
v 0.006467 0.009460 -0.095170
v 0.008440 0.010959 -0.094672
v 0.007049 0.008877 -0.094672
v 0.002512 0.007822 -0.095895
v 0.004967 0.007486 -0.096853
v 0.004652 0.008247 -0.095895
v 0.002512 0.019008 -0.095895
v 0.004967 0.019343 -0.096853
v 0.002512 0.019832 -0.096853
v 0.004652 0.018582 -0.095170
v 0.004967 0.019343 -0.094672
v -0.001443 0.009460 -0.095170
v 0.000372 0.008247 -0.095895
v 0.000372 0.008247 -0.095170
v 0.007679 0.015555 -0.095895
v 0.006467 0.017369 -0.095170
v 0.007679 0.015555 -0.095170
v 0.008105 0.013415 -0.095895
v 0.008105 0.013415 -0.095170
v 0.002512 0.007822 -0.095170
v -0.002655 0.011275 -0.095170
v -0.001443 0.009460 -0.095895
v -0.003081 0.013415 -0.095170
v -0.002655 0.011275 -0.095895
v 0.006467 0.017369 -0.095895
v 0.004652 0.018582 -0.095170
v 0.006467 0.009460 -0.095895
v 0.006467 0.009460 -0.095170
v -0.002655 0.015555 -0.095895
v -0.003081 0.013415 -0.095895
v 0.004652 0.018582 -0.095895
v 0.007679 0.011275 -0.095170
v 0.008440 0.015870 -0.128799
v -0.002655 0.015555 -0.095170
v 0.008440 0.010959 -0.128799
v 0.007679 0.011275 -0.095895
v 0.007679 0.011275 -0.095895
v 0.007049 0.008877 -0.096853
v 0.008440 0.010959 -0.096853
v 0.002512 0.006998 -0.094672
v 0.000372 0.008247 -0.095170
v 0.002512 0.007822 -0.095170
v -0.001443 0.009460 -0.095170
v -0.002655 0.011275 -0.095170
v 0.006467 0.009460 -0.095895
v 0.004652 0.018582 -0.095895
v -0.003416 0.010959 -0.096853
v -0.002655 0.011275 -0.095895
v 0.004652 0.008247 -0.095170
v 0.007679 0.015555 -0.095895
v 0.008929 0.013415 -0.096853
v -0.002025 0.017952 -0.094672
v 0.002512 0.007822 -0.095170
v 0.004967 0.007486 -0.094672
v 0.002512 0.006998 -0.094672
v 0.008105 0.013415 -0.095895
v -0.003905 0.013415 -0.096853
v -0.003081 0.013415 -0.095895
v -0.002025 0.008877 -0.094672
v 0.000056 0.019343 -0.096853
v 0.007049 0.017952 -0.094672
v 0.008161 0.015754 -0.146483
v -0.003416 0.015870 -0.094672
v -0.003416 0.015870 -0.093204
v -0.003416 0.010959 -0.094672
v -0.002025 0.008877 -0.093204
v -0.002025 0.008877 -0.094672
v 0.002512 0.006998 -0.094672
v 0.004967 0.007486 -0.093204
v 0.002512 0.006998 -0.093204
v 0.004967 0.007486 -0.094672
v -0.001811 0.017739 -0.146483
v 0.008929 0.013415 -0.094672
v 0.008929 0.013415 -0.093204
v 0.000056 0.007486 -0.128799
v 0.008440 0.015870 -0.093204
v 0.008440 0.015870 -0.094672
v 0.004082 0.013102 -0.092385
v 0.003660 0.011696 -0.093146
v 0.004539 0.013011 -0.093146
v 0.000942 0.013726 -0.092385
v 0.001364 0.015133 -0.093146
v 0.000485 0.013817 -0.093146
v 0.001181 0.012525 -0.092385
v 0.000794 0.012266 -0.093146
v 0.002109 0.011388 -0.093146
v 0.008440 0.010959 -0.093204
v -0.003905 0.013415 -0.093204
v -0.003416 0.010959 -0.093204
v 0.008440 0.015870 -0.093204
v -0.003416 0.015870 -0.093204
v 0.002512 0.006998 -0.093204
v -0.002025 0.008877 -0.093204
v 0.000056 0.019343 -0.093204
v -0.002025 0.017952 -0.093204
v 0.007049 0.017952 -0.093204
v 0.007049 0.008877 -0.093204
v -0.003137 0.015754 -0.144158
v -0.001811 0.017739 -0.144158
v 0.003401 0.012084 -0.092385
v 0.002824 0.014984 -0.092385
v 0.010193 0.010523 -0.091145
v 0.010198 0.012234 -0.092934
v 0.010387 -0.014403 -0.092030
v 0.009932 0.012245 -0.146767
v 0.008930 0.012258 -0.148336
v 0.009065 -0.014403 -0.148369
v 0.009743 0.009408 -0.090379
v 0.010193 -0.014403 -0.091145
v 0.010173 0.012235 -0.098105
v 0.006851 0.019284 -0.103599
v 0.007300 0.012268 -0.149274
v 0.006603 0.019246 -0.147775
v 0.006832 0.019274 -0.146540
v 0.007376 -0.014403 -0.149306
v 0.010106 -0.014403 -0.146780
v 0.008834 0.009004 -0.089993
v 0.009743 -0.014403 -0.090379
v 0.006853 0.019285 -0.100081
v 0.006022 0.019216 -0.148745
v 0.008834 -0.014403 -0.089993
v -0.003603 0.013415 -0.130261
v -0.003137 0.011074 -0.130261
v 0.002512 0.007300 -0.130261
v 0.004852 0.007765 -0.130261
v 0.000172 0.007765 -0.130261
v -0.003766 -0.002669 -0.148948
v -0.007134 -0.001274 -0.148948
v -0.007134 0.005461 -0.148948
v -0.004914 0.003812 -0.093146
v -0.004752 0.004475 -0.092669
v -0.005589 0.003917 -0.092669
v -0.005793 0.002497 -0.093146
v -0.006148 0.003080 -0.092669
v -0.006344 0.002093 -0.092669
v -0.005484 0.000945 -0.093146
v -0.006148 0.001107 -0.092669
v -0.005589 0.000270 -0.092669
v -0.004169 0.000066 -0.093146
v -0.004752 -0.000289 -0.092669
v -0.003766 -0.000485 -0.092669
v -0.002617 0.000375 -0.093146
v -0.002779 -0.000289 -0.092669
v -0.001943 0.000270 -0.092669
v -0.001739 0.001690 -0.093146
v -0.001384 0.001107 -0.092669
v -0.001187 0.002093 -0.092669
v -0.002047 0.003242 -0.093146
v -0.001384 0.003080 -0.092669
v -0.001943 0.003917 -0.092669
v -0.003363 0.004120 -0.093146
v -0.002779 0.004475 -0.092669
v -0.003766 0.004672 -0.092669
v -0.008090 0.006417 -0.130261
v -0.006106 0.007742 -0.137209
v -0.008090 0.006417 -0.137209
v -0.003766 -0.004324 -0.096853
v -0.006222 -0.003835 -0.128799
v -0.003766 -0.004324 -0.128799
v -0.009415 0.004434 -0.137209
v -0.008090 -0.002231 -0.137209
v -0.006106 -0.003556 -0.144158
v -0.006106 -0.003556 -0.137209
v 0.002348 0.002093 -0.137209
v 0.001883 -0.000247 -0.130261
v 0.001883 -0.000247 -0.137209
v -0.001310 -0.003835 -0.096853
v 0.000771 -0.002444 -0.128799
v 0.000771 -0.002444 -0.096853
v -0.006106 -0.003556 -0.145179
v -0.008090 -0.002231 -0.146483
v -0.006106 -0.003556 -0.146483
v -0.001426 -0.003556 -0.137209
v -0.003766 -0.004021 -0.144158
v -0.001426 -0.003556 -0.144158
v 0.001883 -0.000247 -0.146483
v 0.000558 -0.002231 -0.145179
v 0.000558 -0.002231 -0.146483
v -0.001426 0.007742 -0.146483
v 0.000558 0.006417 -0.145179
v 0.000558 0.006417 -0.146483
v 0.002162 -0.000362 -0.128799
v 0.002162 -0.000362 -0.096853
v 0.002162 0.004549 -0.096853
v 0.000771 0.006631 -0.128799
v 0.000771 0.006631 -0.096853
v -0.003766 -0.004021 -0.130261
v -0.003766 -0.004021 -0.137209
v -0.008303 -0.002444 -0.128799
v -0.009415 -0.000247 -0.130261
v -0.008090 -0.002231 -0.130261
v -0.003766 0.007686 -0.095895
v -0.005906 0.007261 -0.095170
v -0.003766 0.007686 -0.095170
v 0.002651 0.002093 -0.128799
v 0.002651 0.002093 -0.096853
v -0.006013 0.007517 -0.092669
v -0.003766 0.007964 -0.092669
v 0.001883 0.004434 -0.130261
v 0.002651 0.002093 -0.128799
v 0.002348 0.002093 -0.130261
v -0.003766 0.008208 -0.130261
v -0.001310 0.008022 -0.128799
v -0.001426 0.007742 -0.130261
v -0.009881 0.002093 -0.130261
v -0.009694 -0.000362 -0.128799
v -0.010183 0.002093 -0.128799
v 0.001883 -0.000247 -0.130261
v 0.000771 -0.002444 -0.128799
v 0.000558 -0.002231 -0.130261
v -0.001426 -0.003556 -0.130261
v -0.003766 -0.004324 -0.128799
v -0.003766 -0.004021 -0.130261
v -0.006222 -0.003835 -0.128799
v -0.006106 -0.003556 -0.130261
v -0.005588 0.006494 -0.148948
v -0.008090 0.006417 -0.146483
v -0.006106 0.007742 -0.146483
v -0.008090 0.006417 -0.130261
v -0.009694 0.004549 -0.128799
v -0.008303 0.006631 -0.128799
v -0.006106 0.007742 -0.130261
v -0.006222 0.008022 -0.128799
v -0.009415 0.004434 -0.130261
v -0.003766 -0.004324 -0.128799
v -0.003766 -0.004021 -0.130261
v 0.000558 0.006417 -0.130261
v -0.003766 0.008510 -0.128799
v -0.001310 -0.003835 -0.128799
v 0.002162 0.004549 -0.128799
v -0.003766 -0.004021 -0.145179
v -0.001675 -0.002954 -0.144710
v -0.003766 -0.003369 -0.144710
v -0.009881 0.002093 -0.137209
v -0.009415 -0.000247 -0.144158
v -0.009415 -0.000247 -0.137209
v -0.001426 0.007742 -0.130261
v 0.000558 0.006417 -0.137209
v -0.001426 0.007742 -0.137209
v -0.009694 0.004549 -0.096853
v -0.010183 0.002093 -0.128799
v -0.010183 0.002093 -0.096853
v -0.009694 -0.000362 -0.128799
v -0.009694 -0.000362 -0.096853
v -0.003766 -0.003500 -0.095895
v -0.001626 -0.003074 -0.095170
v -0.003766 -0.003500 -0.095170
v -0.003766 0.008510 -0.094672
v -0.006222 0.008022 -0.093204
v -0.003766 0.008510 -0.093204
v 0.001883 0.004434 -0.130261
v 0.001883 0.004434 -0.137209
v -0.001310 0.008022 -0.096853
v -0.001310 0.008022 -0.128799
v -0.006222 0.008022 -0.096853
v -0.008303 0.006631 -0.128799
v -0.008303 0.006631 -0.096853
v 0.002348 0.002093 -0.146483
v 0.001883 -0.000247 -0.145179
v -0.003766 -0.004021 -0.145179
v -0.003766 -0.004021 -0.146483
v -0.003766 0.008208 -0.137209
v -0.003766 -0.004324 -0.096853
v -0.001310 -0.003835 -0.128799
v -0.003766 0.008510 -0.096853
v -0.006222 0.008022 -0.128799
v -0.003766 -0.004021 -0.144158
v -0.005857 -0.002954 -0.144710
v -0.003766 -0.003369 -0.144710
v 0.001281 0.000003 -0.144710
v 0.002348 0.002093 -0.145179
v 0.001696 0.002093 -0.144710
v -0.007629 -0.001769 -0.144710
v -0.009415 -0.000247 -0.145179
v -0.008090 -0.002231 -0.145179
v 0.000096 0.005956 -0.144710
v 0.001883 0.004434 -0.144158
v 0.001281 0.004184 -0.144710
v -0.001675 0.007140 -0.144710
v 0.000096 0.005956 -0.144710
v -0.003766 0.007556 -0.144710
v -0.001426 0.007742 -0.144158
v -0.001675 0.007140 -0.144710
v 0.000096 -0.001769 -0.144710
v 0.001281 0.000003 -0.144710
v 0.000558 -0.002231 -0.144158
v 0.000096 -0.001769 -0.144710
v -0.009229 0.002093 -0.144710
v -0.009415 0.004434 -0.145179
v -0.009881 0.002093 -0.145179
v -0.001675 -0.002954 -0.144710
v -0.003766 -0.003369 -0.144710
v -0.005906 0.007261 -0.095170
v -0.003766 0.008510 -0.094672
v -0.003766 0.007686 -0.095170
v 0.000558 0.006417 -0.144158
v -0.005857 0.007140 -0.144710
v -0.003766 0.008208 -0.144158
v -0.008813 0.000003 -0.144710
v -0.009229 0.002093 -0.144710
v -0.009415 0.004434 -0.144158
v -0.008813 0.004184 -0.144710
v 0.000634 0.003916 -0.148948
v 0.002348 0.002093 -0.146483
v 0.000997 0.002093 -0.148948
v -0.006106 0.007742 -0.146483
v -0.003766 0.008208 -0.145179
v -0.003766 0.008208 -0.146483
v -0.010183 0.002093 -0.094672
v -0.009694 -0.000362 -0.093204
v -0.010183 0.002093 -0.093204
v 0.000558 -0.002231 -0.130261
v 0.000558 -0.002231 -0.137209
v 0.000771 0.006631 -0.094672
v -0.001310 0.008022 -0.093204
v 0.000771 0.006631 -0.093204
v -0.003766 0.008510 -0.128799
v 0.000771 -0.002444 -0.093204
v 0.002162 -0.000362 -0.094672
v 0.002162 -0.000362 -0.093204
v -0.009415 0.004434 -0.146483
v -0.009881 0.002093 -0.146483
v -0.008303 -0.002444 -0.128799
v -0.008303 -0.002444 -0.096853
v -0.009415 -0.000247 -0.146483
v -0.009694 0.004549 -0.128799
v -0.006222 0.008022 -0.094672
v -0.008303 0.006631 -0.093204
v -0.005588 0.006494 -0.148948
v -0.003766 0.006856 -0.148948
v -0.001943 0.006494 -0.148948
v -0.000398 0.005461 -0.148948
v 0.000634 0.003916 -0.148948
v -0.000398 -0.001274 -0.148948
v 0.000997 0.002093 -0.148948
v 0.000634 0.000271 -0.148948
v -0.001943 -0.002307 -0.148948
v -0.005588 -0.002307 -0.148948
v -0.008166 0.000271 -0.148948
v -0.008529 0.002093 -0.148948
v -0.008166 0.003916 -0.148948
v -0.007134 0.005461 -0.148948
v -0.009415 0.004434 -0.146483
v -0.008529 0.002093 -0.148948
v -0.009415 -0.000247 -0.146483
v -0.009881 0.002093 -0.146483
v -0.000398 -0.001274 -0.148948
v -0.001426 -0.003556 -0.146483
v -0.001943 -0.002307 -0.148948
v -0.003766 -0.004021 -0.146483
v -0.005588 -0.002307 -0.148948
v -0.003766 -0.002669 -0.148948
v -0.001943 0.006494 -0.148948
v 0.000558 0.006417 -0.146483
v -0.000398 0.005461 -0.148948
v -0.003766 0.008208 -0.146483
v -0.001426 0.007742 -0.146483
v -0.008166 0.003916 -0.148948
v 0.001883 -0.000247 -0.146483
v 0.000634 0.000271 -0.148948
v -0.008090 -0.002231 -0.146483
v -0.008166 0.000271 -0.148948
v -0.007134 -0.001274 -0.148948
v 0.001883 0.004434 -0.146483
v -0.006106 -0.003556 -0.146483
v -0.003766 -0.004021 -0.146483
v -0.003766 -0.002669 -0.148948
v -0.007721 0.006048 -0.095895
v -0.009694 0.004549 -0.096853
v -0.008933 0.004233 -0.095895
v -0.003766 0.006856 -0.148948
v -0.001426 -0.003556 -0.145179
v -0.003766 -0.004021 -0.146483
v -0.001426 -0.003556 -0.146483
v -0.001310 0.008022 -0.094672
v -0.008090 -0.002231 -0.130261
v -0.003766 0.008208 -0.130261
v -0.007721 0.006048 -0.095170
v -0.005906 0.007261 -0.095895
v -0.007721 0.006048 -0.095895
v 0.001883 0.004434 -0.145179
v 0.001281 0.004184 -0.144710
v 0.002348 0.002093 -0.144158
v 0.001696 0.002093 -0.144710
v -0.005857 -0.002954 -0.144710
v -0.008090 0.006417 -0.144158
v -0.007629 0.005956 -0.144710
v -0.007629 -0.001769 -0.144710
v -0.008090 -0.002231 -0.144158
v -0.001426 0.007742 -0.145179
v -0.003766 0.007556 -0.144710
v -0.007629 0.005956 -0.144710
v -0.006106 0.007742 -0.145179
v -0.008090 0.006417 -0.145179
v -0.008813 0.000003 -0.144710
v -0.009881 0.002093 -0.144158
v -0.005857 0.007140 -0.144710
v -0.008813 0.004184 -0.144710
v -0.003766 -0.003369 -0.144710
v -0.003363 0.004120 -0.093146
v -0.002435 0.002983 -0.092385
v -0.002047 0.003242 -0.093146
v -0.009190 -0.000153 -0.092669
v -0.009637 0.002093 -0.092669
v -0.009190 0.004340 -0.092669
v -0.007917 0.006244 -0.092669
v -0.006222 -0.003835 -0.094672
v -0.003766 -0.004324 -0.093204
v -0.006222 -0.003835 -0.093204
v 0.001658 -0.000153 -0.092669
v 0.001658 0.004340 -0.092669
v 0.002105 0.002093 -0.092669
v -0.001519 0.007517 -0.092669
v 0.000385 0.006244 -0.092669
v -0.004655 0.003424 -0.092385
v -0.004078 0.000523 -0.092385
v -0.003766 -0.003778 -0.092669
v -0.001519 -0.003331 -0.092669
v 0.000385 -0.002058 -0.092669
v -0.007917 -0.002058 -0.092669
v 0.002651 0.002093 -0.094672
v 0.001401 -0.000047 -0.095170
v 0.001826 0.002093 -0.095170
v 0.000771 0.006631 -0.094672
v 0.001401 0.004233 -0.095170
v 0.000188 0.006048 -0.095170
v -0.003766 0.008510 -0.093204
v -0.008303 -0.002444 -0.096853
v -0.005906 -0.003074 -0.095895
v -0.007721 -0.001861 -0.095895
v -0.008303 0.006631 -0.094672
v -0.006222 0.008022 -0.094672
v -0.006013 -0.003331 -0.092669
v -0.009359 0.002093 -0.095170
v -0.009694 0.004549 -0.094672
v -0.008933 0.004233 -0.095170
v 0.000188 0.006048 -0.095895
v 0.002162 0.004549 -0.096853
v 0.000771 0.006631 -0.096853
v 0.002162 0.004549 -0.094672
v -0.009694 -0.000362 -0.094672
v -0.010183 0.002093 -0.094672
v -0.006222 -0.003835 -0.096853
v -0.003766 -0.003500 -0.095895
v -0.005906 0.007261 -0.095895
v -0.008303 0.006631 -0.096853
v 0.000188 -0.001861 -0.095170
v 0.002162 -0.000362 -0.094672
v 0.000771 -0.002444 -0.094672
v -0.003766 -0.003500 -0.095895
v -0.001310 -0.003835 -0.096853
v -0.001626 -0.003074 -0.095895
v -0.003766 0.007686 -0.095895
v -0.001310 0.008022 -0.096853
v -0.003766 0.008510 -0.096853
v -0.001310 0.008022 -0.094672
v -0.001626 0.007261 -0.095170
v -0.007721 -0.001861 -0.095170
v -0.005906 -0.003074 -0.095895
v -0.005906 -0.003074 -0.095170
v 0.001401 0.004233 -0.095895
v 0.000188 0.006048 -0.095170
v 0.001401 0.004233 -0.095170
v 0.001826 0.002093 -0.095895
v 0.001826 0.002093 -0.095170
v -0.003766 -0.003500 -0.095170
v -0.008933 -0.000047 -0.095170
v -0.007721 -0.001861 -0.095895
v -0.009359 0.002093 -0.095170
v -0.008933 -0.000047 -0.095895
v 0.000188 0.006048 -0.095895
v -0.001626 0.007261 -0.095170
v 0.000188 -0.001861 -0.095895
v 0.000188 -0.001861 -0.095170
v -0.008933 0.004233 -0.095895
v -0.009359 0.002093 -0.095895
v -0.001626 0.007261 -0.095895
v 0.001401 -0.000047 -0.095170
v 0.002162 0.004549 -0.128799
v -0.008933 0.004233 -0.095170
v 0.002162 -0.000362 -0.128799
v 0.001401 -0.000047 -0.095895
v 0.001401 -0.000047 -0.095895
v 0.000771 -0.002444 -0.096853
v 0.002162 -0.000362 -0.096853
v -0.003766 -0.004324 -0.094672
v -0.005906 -0.003074 -0.095170
v -0.003766 -0.003500 -0.095170
v -0.007721 -0.001861 -0.095170
v -0.008933 -0.000047 -0.095170
v 0.000188 -0.001861 -0.095895
v -0.001626 0.007261 -0.095895
v -0.009694 -0.000362 -0.096853
v -0.008933 -0.000047 -0.095895
v -0.001626 -0.003074 -0.095170
v 0.001401 0.004233 -0.095895
v 0.002651 0.002093 -0.096853
v -0.007721 0.006048 -0.095170
v -0.003766 -0.003500 -0.095170
v -0.001310 -0.003835 -0.094672
v -0.003766 -0.004324 -0.094672
v 0.001826 0.002093 -0.095895
v -0.010183 0.002093 -0.096853
v -0.009359 0.002093 -0.095895
v -0.008303 -0.002444 -0.094672
v 0.001883 0.004434 -0.146483
v -0.009694 0.004549 -0.094672
v -0.009694 0.004549 -0.093204
v -0.009694 -0.000362 -0.094672
v -0.008303 -0.002444 -0.093204
v -0.008303 -0.002444 -0.094672
v -0.003766 -0.004324 -0.094672
v -0.001310 -0.003835 -0.093204
v -0.003766 -0.004324 -0.093204
v -0.001310 -0.003835 -0.094672
v -0.008090 0.006417 -0.146483
v 0.002651 0.002093 -0.094672
v 0.002651 0.002093 -0.093204
v -0.006222 -0.003835 -0.096853
v 0.002162 0.004549 -0.093204
v 0.002162 0.004549 -0.094672
v -0.002196 0.001781 -0.092385
v -0.002617 0.000375 -0.093146
v -0.001739 0.001690 -0.093146
v -0.005336 0.002406 -0.092385
v -0.004914 0.003812 -0.093146
v -0.005793 0.002497 -0.093146
v -0.005097 0.001204 -0.092385
v -0.005484 0.000945 -0.093146
v -0.004169 0.000066 -0.093146
v 0.002162 -0.000362 -0.093204
v -0.010183 0.002093 -0.093204
v -0.009694 -0.000362 -0.093204
v 0.002162 0.004549 -0.093204
v -0.009694 0.004549 -0.093204
v -0.003766 -0.004324 -0.093204
v -0.006222 -0.003835 -0.093204
v -0.008303 -0.002444 -0.093204
v -0.008303 0.006631 -0.093204
v -0.001310 0.008022 -0.093204
v 0.000771 -0.002444 -0.093204
v -0.006222 0.008022 -0.093204
v -0.002877 0.000763 -0.092385
v -0.003453 0.003663 -0.092385
v -0.009415 0.004434 -0.130261
v -0.009881 0.002093 -0.130261
v -0.006106 0.007742 -0.144158
v 0.001883 -0.000247 -0.144158
v -0.009415 -0.000247 -0.130261
v -0.001426 -0.003556 -0.130261
v -0.003766 -0.004021 -0.137209
v -0.006106 -0.003556 -0.130261
v 0.000172 0.019064 -0.130261
v 0.002512 0.007300 -0.137209
v 0.007049 0.017952 -0.128799
v 0.004652 0.008247 -0.095895
v 0.002512 0.006998 -0.128799
v 0.007049 0.008877 -0.094672
v -0.002025 0.017952 -0.094672
v 0.006836 0.009091 -0.146483
v 0.000172 0.007765 -0.146483
v 0.002512 0.007300 -0.146483
v 0.002512 0.006998 -0.094672
v 0.002512 0.006998 -0.096853
v 0.002512 0.006998 -0.096853
v 0.002512 0.007822 -0.095895
v 0.000056 0.007486 -0.094672
v 0.008929 0.013415 -0.093204
v 0.004967 0.007486 -0.093204
v 0.000056 0.007486 -0.093204
v -0.006106 0.007742 -0.130261
v 0.002348 0.002093 -0.130261
v 0.000771 0.006631 -0.128799
v 0.000558 0.006417 -0.130261
v -0.001626 -0.003074 -0.095895
v -0.003766 -0.004324 -0.128799
v 0.000771 -0.002444 -0.094672
v -0.008303 0.006631 -0.094672
v 0.000558 -0.002231 -0.146483
v -0.003766 -0.004324 -0.094672
v -0.003766 -0.004324 -0.096853
v -0.006222 0.008022 -0.096853
v -0.003766 -0.004324 -0.096853
v -0.003766 -0.003500 -0.095895
v -0.006222 -0.003835 -0.094672
v 0.002651 0.002093 -0.093204
v -0.001310 -0.003835 -0.093204
v 0.000771 0.006631 -0.093204
v -0.003766 -0.004021 -0.130261
vn -0.0000 -1.0000 -0.0000
vn -0.3256 -0.9429 0.0697
vn -0.5618 -0.7604 0.3259
vn -0.3429 -0.9291 0.1388
vn -0.0000 -0.9837 0.1798
vn -0.0000 -0.8568 0.5157
vn -0.8021 -0.3920 0.4506
vn -0.7981 -0.1995 0.5685
vn -0.8935 -0.4072 0.1893
vn -0.3428 -0.7887 0.5102
vn -0.0000 -0.4976 0.8674
vn -0.8588 -0.4793 0.1810
vn -0.3685 -0.4625 0.8064
vn -0.0000 -0.0000 1.0000
vn -0.9017 -0.2152 0.3750
vn -0.3711 -0.0001 0.9286
vn -0.0000 0.4975 0.8675
vn -0.9091 -0.0001 0.4166
vn -0.8589 0.4791 0.1811
vn -0.9017 0.2151 0.3752
vn -0.3687 0.4624 0.8064
vn -0.0000 0.8568 0.5157
vn -0.3429 0.7887 0.5103
vn -0.0000 0.9837 0.1798
vn -0.3431 0.9290 0.1388
vn -0.0000 1.0000 -0.0000
vn -0.8936 0.4070 0.1893
vn -0.3256 0.9429 0.0697
vn -0.5617 0.7605 0.3259
vn -0.8021 0.3919 0.4506
vn -0.7982 0.1992 0.5685
vn -0.7726 0.6299 0.0793
vn -0.8475 0.5307 -0.0000
vn -0.7913 0.6115 -0.0000
vn -0.9050 0.4190 0.0742
vn -0.9202 0.3914 -0.0000
vn -0.7914 0.5002 0.3515
vn -0.7785 0.6221 0.0830
vn -0.6334 0.7139 0.2987
vn -0.4542 0.5440 0.7055
vn -0.9651 0.2166 -0.1472
vn -0.3758 0.7421 0.5550
vn -0.6617 0.6813 0.3131
vn -0.9687 0.2196 0.1159
vn -0.1082 0.6883 0.7173
vn -0.0666 0.4720 0.8791
vn -0.4009 0.6992 0.5920
vn -0.1145 0.6580 0.7443
vn 0.1082 0.6883 0.7173
vn 0.0666 0.4720 0.8791
vn 0.4542 0.5440 0.7055
vn 0.1145 0.6580 0.7443
vn 0.3758 0.7421 0.5550
vn -0.1645 0.2404 0.9566
vn 0.6334 0.7139 0.2987
vn 0.7914 0.5002 0.3515
vn 0.4009 0.6992 0.5920
vn 0.7726 0.6299 0.0793
vn 0.9050 0.4190 0.0742
vn 0.8475 0.5307 -0.0000
vn 0.9202 0.3914 -0.0000
vn 0.7913 0.6115 -0.0000
vn 0.7785 0.6221 0.0830
vn 0.9651 0.2166 -0.1472
vn 0.6617 0.6813 0.3131
vn 0.9687 0.2196 0.1159
vn 0.8651 0.2547 0.4322
vn 0.9235 0.0001 0.3835
vn 0.6368 0.0002 0.7710
vn 0.9944 -0.0000 0.1054
vn 0.5484 0.2645 0.7933
vn 0.1782 0.0001 0.9840
vn 0.1645 0.2404 0.9566
vn -0.1782 0.0001 0.9840
vn -0.5484 0.2645 0.7933
vn -0.6368 0.0002 0.7710
vn -0.8651 0.2547 0.4322
vn -0.9235 0.0001 0.3835
vn -0.9944 -0.0000 0.1054
vn -0.9840 0.0908 -0.1534
vn -0.9899 0.1053 -0.0946
vn -0.9922 0.1149 -0.0488
vn -0.9927 0.1197 -0.0115
vn -0.9991 -0.0000 -0.0429
vn -0.9182 0.3715 -0.1372
vn -0.8885 0.3547 -0.2911
vn -0.8372 0.2986 -0.4582
vn -0.8008 0.3663 -0.4739
vn -0.7798 0.4873 -0.3931
vn -0.8600 0.3992 -0.3180
vn -0.9064 0.4066 -0.1143
vn -0.8263 0.3054 -0.4732
vn -0.9464 0.2549 -0.1983
vn -0.9286 0.2022 -0.3112
vn -0.9629 0.2658 -0.0460
vn -0.8542 0.3300 -0.4019
vn -0.9488 0.2146 -0.2319
vn -0.8560 0.4117 -0.3127
vn -0.9549 0.2384 -0.1771
vn -0.9261 0.3772 -0.0111
vn -0.9679 0.2515 -0.0000
vn -0.9621 0.2654 -0.0623
vn -0.9287 0.3700 -0.0251
vn -0.9154 0.3977 -0.0622
vn -0.8867 0.3289 -0.3249
vn -0.9156 0.3984 -0.0536
vn -0.8203 0.4837 -0.3051
vn -0.7677 0.3542 -0.5341
vn -0.7001 0.5156 -0.4940
vn -0.8252 0.4702 -0.3130
vn -0.7005 0.4974 -0.5117
vn -0.9896 0.1348 -0.0507
vn -0.9404 0.0001 -0.3402
vn -0.9176 0.1665 -0.3609
vn -0.6540 0.0001 -0.7565
vn -0.6379 0.1785 -0.7491
vn -0.2372 -0.0000 -0.9715
vn -0.2439 0.1556 -0.9572
vn -0.4038 0.4826 -0.7772
vn 0.2439 0.1556 -0.9572
vn -0.2181 0.4453 -0.8684
vn -0.4185 0.5045 -0.7552
vn 0.2372 -0.0000 -0.9715
vn 0.4488 0.1711 -0.8771
vn 0.4561 -0.0000 -0.8899
vn 0.4038 0.4826 -0.7772
vn 0.2181 0.4453 -0.8684
vn 0.4185 0.5045 -0.7552
vn -0.2126 0.4556 -0.8644
vn -0.4638 0.3456 -0.8157
vn -0.2181 0.3048 -0.9271
vn 0.2181 0.3048 -0.9271
vn 0.2126 0.4556 -0.8644
vn 0.4638 0.3456 -0.8157
vn 0.0963 -0.8741 -0.4762
vn 0.3859 -0.9146 -0.1205
vn -0.3859 -0.9146 -0.1205
vn 0.1578 -0.6846 -0.7117
vn 0.4397 -0.6808 -0.5858
vn -0.1578 -0.6846 -0.7117
vn 0.2670 -0.8774 -0.3987
vn 0.6465 -0.6903 -0.3248
vn 0.3919 -0.8912 -0.2283
vn 0.6786 -0.7280 -0.0974
vn -0.0963 -0.8741 -0.4762
vn -0.4397 -0.6808 -0.5858
vn -0.2670 -0.8774 -0.3987
vn -0.6465 -0.6903 -0.3248
vn 0.3699 -0.9265 0.0690
vn 0.6716 -0.7355 0.0901
vn -0.3919 -0.8912 -0.2283
vn -0.6786 -0.7280 -0.0974
vn 0.5767 -0.6369 0.5116
vn -0.3699 -0.9265 0.0690
vn -0.6716 -0.7355 0.0901
vn -0.5767 -0.6369 0.5116
vn -0.3213 -0.8263 0.4627
vn 0.3213 -0.8263 0.4627
vn -0.2128 -0.6641 0.7167
vn -0.3137 -0.4307 0.8462
vn 0.2128 -0.6641 0.7167
vn 0.3137 -0.4307 0.8462
vn -0.0905 -0.4865 0.8690
vn -0.0625 -0.2516 0.9658
vn 0.0905 -0.4865 0.8690
vn 0.0625 -0.2516 0.9658
vn -0.2581 -0.0000 -0.9661
vn -0.6775 -0.0000 -0.7355
vn -0.6852 0.0781 -0.7241
vn -0.9265 0.1141 -0.3586
vn -0.9293 -0.0000 -0.3693
vn -0.2739 0.0297 -0.9613
vn -0.9890 0.1281 -0.0733
vn -0.9971 -0.0000 -0.0761
vn -0.0000 -0.0000 -1.0000
vn 0.2581 -0.0000 -0.9661
vn 0.2739 0.0297 -0.9613
vn 0.4987 0.0490 -0.8654
vn 0.4988 -0.0000 -0.8667
vn 0.4960 0.1506 -0.8552
vn 0.2749 0.0951 -0.9568
vn 0.5280 0.2276 -0.8182
vn 0.2167 0.0925 -0.9718
vn -0.2167 0.0925 -0.9718
vn -0.2749 0.0951 -0.9568
vn -0.6474 0.3009 -0.7002
vn -0.6681 0.2390 -0.7047
vn -0.8309 0.4402 -0.3403
vn -0.8766 0.3379 -0.3428
vn -0.8652 0.4959 -0.0739
vn -0.9233 0.3777 -0.0692
vn -0.8635 0.5043 -0.0000
vn -0.9465 0.3228 -0.0000
vn -0.9966 0.0608 0.0558
vn -0.9669 -0.2388 0.0902
vn -0.9216 -0.3751 0.1000
vn -0.9404 -0.0001 0.3401
vn -0.7522 -0.6568 0.0530
vn -0.7007 -0.7094 0.0760
vn -0.7522 -0.5277 0.3947
vn -0.6220 -0.7170 0.3147
vn -0.9539 -0.1495 0.2604
vn -0.7257 -0.3424 0.5967
vn -0.9414 -0.0000 0.3372
vn -0.7138 -0.0000 0.7004
vn -0.7257 0.3424 0.5967
vn -0.8335 -0.3728 0.4077
vn -0.4151 -0.6662 0.6195
vn -0.6185 0.0013 0.7858
vn -0.4927 -0.3905 0.7777
vn -0.1387 0.0011 0.9903
vn -0.1780 -0.0395 0.9832
vn -0.4835 0.0130 0.8752
vn -0.4834 -0.0133 0.8753
vn -0.1778 0.0394 0.9833
vn -0.4151 0.6663 0.6195
vn -0.4927 0.3911 0.7774
vn -0.5374 -0.0001 0.8433
vn -0.8337 0.3724 0.4078
vn -0.6221 0.7167 0.3151
vn -0.1251 -0.0000 0.9921
vn -0.8998 -0.0001 0.4363
vn 0.1251 -0.0000 0.9921
vn 0.1401 0.0002 0.9901
vn 0.5374 -0.0001 0.8433
vn 0.6180 -0.0000 0.7862
vn 0.8998 -0.0002 0.4363
vn 0.9404 -0.0001 0.3401
vn 0.9942 -0.0000 0.1079
vn 0.9966 0.0608 0.0558
vn 1.0000 -0.0000 -0.0000
vn 0.9890 0.1281 -0.0733
vn 0.9465 0.3228 -0.0000
vn 0.9971 -0.0000 -0.0761
vn 0.9293 -0.0000 -0.3693
vn 0.9233 0.3777 -0.0692
vn 0.8635 0.5043 -0.0000
vn 0.8652 0.4959 -0.0739
vn 0.9265 0.1141 -0.3586
vn 0.8229 -0.0000 -0.5681
vn 0.8193 0.1004 -0.5644
vn 0.8766 0.3379 -0.3428
vn 0.7881 0.3059 -0.5341
vn 0.8309 0.4402 -0.3403
vn 0.7870 0.3926 -0.4759
vn -0.9216 0.3751 0.1000
vn -0.9942 -0.0000 0.1079
vn -0.7007 0.7094 0.0760
vn -0.7522 0.6568 0.0530
vn -0.9669 0.2388 0.0902
vn -0.7522 0.5277 0.3947
vn -1.0000 -0.0000 -0.0000
vn -0.9539 0.1494 0.2604
vn 0.9947 -0.0036 -0.1029
vn 0.9931 -0.1170 0.0012
vn 0.9919 -0.0058 -0.1266
vn 0.9310 -0.0000 -0.3650
vn 0.7420 -0.0000 -0.6704
vn 0.6595 -0.0000 -0.7517
vn 0.2209 -0.0000 -0.9753
vn 0.1992 -0.0000 -0.9800
vn 0.9753 -0.2209 0.0046
vn 0.9048 -0.4258 0.0013
vn 0.9575 -0.0065 0.2882
vn 0.9061 -0.4231 0.0030
vn 0.9419 -0.1996 0.2700
vn 0.6810 -0.0048 0.7322
vn 0.9215 -0.3707 0.1158
vn 0.6969 -0.1570 0.6998
vn 0.8829 -0.2683 0.3854
vn 0.2516 -0.0018 0.9678
vn 0.2947 -0.0766 0.9525
vn 0.8393 -0.1034 0.5337
vn 0.0822 -0.0521 0.9953
vn 0.8948 -0.0000 0.4464
vn 0.0093 0.0006 1.0000
vn -0.0008 -0.0001 1.0000
vn -0.0093 0.0006 1.0000
vn -0.0325 -0.0227 0.9992
vn -0.0822 -0.0521 0.9953
vn -0.8324 -0.0132 0.5540
vn -0.8948 -0.0000 0.4464
vn 0.4272 0.6826 0.5929
vn 0.4110 0.6557 0.6334
vn -0.2234 0.6951 0.6834
vn 0.7188 0.5761 0.3891
vn 0.6946 0.4121 0.5896
vn 0.3887 0.8004 0.4563
vn 0.6369 0.7706 -0.0208
vn -0.1925 0.6452 0.7394
vn -0.5020 0.6375 0.5844
vn -0.4017 0.5129 0.7587
vn -0.2238 0.7506 0.6218
vn -0.4931 0.7401 0.4573
vn -0.0636 0.6325 0.7719
vn -0.1767 0.4735 0.8629
vn 0.0054 0.5932 0.8050
vn -0.0262 0.4203 0.9070
vn -0.2100 0.8402 0.4999
vn -0.5125 0.8219 0.2487
vn 0.4027 0.5895 0.7003
vn 0.0912 0.6419 0.7613
vn 0.4153 0.6737 0.6113
vn 0.7889 0.4913 0.3692
vn 0.2774 0.4036 0.8719
vn -0.2512 0.9554 0.1553
vn 0.4914 0.8518 0.1817
vn 0.8939 0.4483 0.0002
vn -0.5502 0.8350 0.0001
vn 0.5251 0.8510 0.0002
vn 0.8732 0.4846 0.0514
vn -0.2872 0.9579 -0.0000
vn 0.4756 0.8783 0.0481
vn 0.7737 0.5914 0.2273
vn -0.2961 0.9550 -0.0189
vn -0.5425 0.8388 -0.0467
vn 0.3696 0.9193 0.1350
vn 0.6623 0.6709 0.3335
vn -0.2890 0.9520 -0.1010
vn -0.4934 0.8493 -0.1879
vn -0.3962 0.8402 -0.3702
vn 0.3037 0.9277 0.2173
vn 0.6349 0.4887 0.5984
vn -0.2297 0.9462 -0.2280
vn -0.1945 0.8030 -0.5634
vn 0.4671 0.8111 0.3520
vn 0.7385 0.6412 0.2087
vn -0.0874 0.9262 -0.3667
vn 0.2428 0.7247 -0.6449
vn 0.3414 0.8851 -0.3162
vn 0.6820 0.6946 -0.2288
vn 0.1785 0.8965 -0.4056
vn 0.1785 0.8965 0.4056
vn -0.1785 0.8965 0.4056
vn 0.1367 0.6866 0.7141
vn 0.6416 0.6247 0.4451
vn -0.1367 0.6866 0.7141
vn 0.4845 0.4720 0.7365
vn 0.6892 0.1277 0.7133
vn -0.6416 0.6247 0.4451
vn -0.4845 0.4720 0.7365
vn -0.6892 0.1277 0.7133
vn -0.1785 0.8965 -0.4056
vn -0.8996 0.1667 0.4037
vn -0.7069 -0.0000 0.7074
vn -0.9236 -0.0000 0.3832
vn -0.9217 -0.0000 -0.3880
vn -0.1367 0.6866 -0.7141
vn -0.6416 0.6247 -0.4451
vn -0.4845 0.4720 -0.7365
vn 0.1367 0.6866 -0.7141
vn -0.6892 0.1277 -0.7133
vn 0.6416 0.6247 -0.4451
vn 0.4845 0.4720 -0.7365
vn 0.6892 0.1277 -0.7133
vn -0.8996 0.1667 -0.4037
vn -0.7068 -0.0000 -0.7074
vn 0.8996 0.1667 0.4037
vn 0.7069 -0.0000 0.7074
vn 0.9236 -0.0000 0.3832
vn 0.9217 -0.0000 -0.3880
vn 0.8996 0.1667 -0.4037
vn 0.7068 -0.0000 -0.7074
vn 0.1738 0.9669 0.1871
vn 0.2092 0.8683 -0.4498
vn 0.1277 0.9904 0.0534
vn 0.3676 0.7534 -0.5452
vn 0.5907 0.8068 0.0152
vn 0.4595 0.5757 0.6763
vn 0.7660 0.6243 -0.1531
vn 0.4609 0.7102 -0.5322
vn 0.4051 0.5520 0.7289
vn 0.1593 0.4409 0.8833
vn 0.1975 0.9611 0.1932
vn -0.4609 0.7102 -0.5322
vn 0.0715 0.6161 0.7844
vn -0.1593 0.4409 0.8833
vn -0.0715 0.6161 0.7844
vn -0.1975 0.9611 0.1932
vn -0.4051 0.5520 0.7289
vn -0.2774 0.4036 0.8719
vn -0.7660 0.6243 -0.1531
vn -0.3676 0.7534 -0.5452
vn -0.4595 0.5757 0.6763
vn -0.0912 0.6419 0.7613
vn -0.5907 0.8068 0.0152
vn -0.1277 0.9904 0.0534
vn -0.2092 0.8683 -0.4498
vn 0.0262 0.4203 0.9070
vn -0.1738 0.9669 0.1871
vn -0.6369 0.7706 -0.0208
vn -0.0054 0.5932 0.8050
vn 0.1767 0.4735 0.8629
vn -0.3887 0.8004 0.4563
vn 0.0636 0.6325 0.7719
vn 0.4017 0.5129 0.7587
vn -0.7188 0.5761 0.3891
vn 0.1925 0.6452 0.7394
vn 0.5020 0.6375 0.5844
vn -0.4272 0.6826 0.5929
vn 0.2234 0.6951 0.6834
vn -0.4110 0.6557 0.6334
vn -0.6946 0.4121 0.5896
vn 0.2238 0.7506 0.6218
vn 0.4931 0.7401 0.4573
vn -0.4027 0.5895 0.7003
vn 0.2100 0.8402 0.4999
vn 0.5125 0.8219 0.2487
vn -0.4153 0.6737 0.6113
vn -0.7889 0.4913 0.3692
vn 0.2512 0.9554 0.1553
vn -0.4914 0.8518 0.1818
vn -0.8732 0.4846 0.0514
vn 0.5424 0.8388 -0.0467
vn -0.4756 0.8783 0.0481
vn -0.7737 0.5914 0.2273
vn 0.2961 0.9550 -0.0189
vn 0.2890 0.9520 -0.1010
vn 0.4934 0.8493 -0.1879
vn -0.3696 0.9193 0.1350
vn -0.6623 0.6709 0.3335
vn 0.3962 0.8402 -0.3702
vn -0.3037 0.9277 0.2173
vn -0.6349 0.4887 0.5984
vn 0.2297 0.9462 -0.2280
vn 0.1945 0.8030 -0.5634
vn 0.0874 0.9262 -0.3667
vn -0.2428 0.7247 -0.6449
vn -0.4671 0.8111 0.3520
vn -0.7385 0.6412 0.2087
vn -0.3414 0.8851 -0.3162
vn -0.6820 0.6946 -0.2288
vn 0.9922 0.1149 -0.0488
vn 0.9899 0.1053 -0.0946
vn 0.9927 0.1197 -0.0115
vn 0.9182 0.3715 -0.1372
vn 0.9840 0.0908 -0.1534
vn 0.9991 -0.0000 -0.0429
vn 0.8885 0.3547 -0.2911
vn 0.8372 0.2986 -0.4582
vn 0.8008 0.3663 -0.4739
vn 0.7798 0.4873 -0.3931
vn 0.8600 0.3992 -0.3180
vn 0.9064 0.4066 -0.1143
vn 0.8263 0.3054 -0.4732
vn 0.9464 0.2549 -0.1983
vn 0.9286 0.2022 -0.3112
vn 0.9629 0.2658 -0.0460
vn 0.8542 0.3300 -0.4019
vn 0.9488 0.2146 -0.2319
vn 0.8560 0.4117 -0.3127
vn 0.9549 0.2384 -0.1771
vn 0.9261 0.3772 -0.0111
vn 0.9679 0.2515 -0.0000
vn 0.9621 0.2654 -0.0623
vn 0.9287 0.3700 -0.0251
vn 0.9154 0.3977 -0.0622
vn 0.8867 0.3289 -0.3249
vn 0.9156 0.3984 -0.0536
vn 0.8203 0.4837 -0.3051
vn 0.7677 0.3542 -0.5341
vn 0.7001 0.5156 -0.4940
vn 0.8252 0.4702 -0.3130
vn 0.7005 0.4974 -0.5117
vn 0.9896 0.1348 -0.0507
vn 0.9404 0.0001 -0.3402
vn 0.9176 0.1665 -0.3609
vn 0.8051 0.0001 -0.5932
vn 0.7923 0.1767 -0.5839
vn 0.1001 -0.2852 0.9532
vn 0.2253 -0.2017 0.9532
vn 0.3511 -0.5256 0.7749
vn -0.1596 0.3852 0.9089
vn -0.1234 -0.6196 0.7751
vn 0.2722 -0.1307 0.9533
vn 0.6197 -0.1230 0.7751
vn -0.2949 0.2948 0.9089
vn 0.0167 -0.3014 0.9534
vn -0.2678 0.6465 0.7143
vn -0.4950 0.4949 0.7142
vn -0.0000 0.6999 0.7143
vn -0.3853 0.1596 0.9089
vn -0.6467 0.2678 0.7142
vn -0.0000 0.4170 0.9089
vn 0.2678 0.6465 0.7143
vn -0.1309 -0.2722 0.9533
vn 0.1596 0.3852 0.9089
vn 0.4949 0.4949 0.7142
vn 0.2949 0.2949 0.9089
vn 0.6467 0.2678 0.7142
vn -0.2016 -0.2253 0.9532
vn -0.5252 -0.3513 0.7751
vn 0.3853 0.1596 0.9089
vn -0.2849 -0.1000 0.9533
vn -0.6196 0.1233 0.7751
vn 0.4171 -0.0000 0.9089
vn 0.7000 -0.0000 0.7141
vn 0.6467 -0.2678 0.7142
vn -0.3017 -0.0167 0.9533
vn 0.3853 -0.1596 0.9089
vn -0.2723 0.1308 0.9533
vn -0.2250 0.2015 0.9533
vn -0.3509 0.5255 0.7751
vn 0.2949 -0.2949 0.9089
vn 0.4949 -0.4949 0.7142
vn -0.1002 0.2854 0.9532
vn 0.1596 -0.3852 0.9089
vn 0.2678 -0.6465 0.7144
vn -0.0000 -0.6999 0.7143
vn -0.0166 0.3015 0.9533
vn 0.1234 0.6196 0.7752
vn -0.0000 -0.4170 0.9089
vn 0.1309 0.2724 0.9532
vn 0.5252 0.3510 0.7752
vn -0.1596 -0.3852 0.9089
vn -0.2678 -0.6465 0.7144
vn -0.4949 -0.4949 0.7142
vn -0.2949 -0.2949 0.9089
vn -0.6467 -0.2678 0.7142
vn 0.2013 0.2250 0.9533
vn -0.3853 -0.1596 0.9089
vn -0.7000 -0.0000 0.7141
vn 0.2850 0.0999 0.9533
vn 0.3020 0.0166 0.9532
vn -0.4171 -0.0000 0.9089
vn -0.3826 0.9239 -0.0000
vn -0.7072 0.7071 -0.0000
vn -0.9239 0.3827 -0.0000
vn 0.3826 0.9239 -0.0000
vn -0.3504 0.8460 -0.4018
vn -0.6475 0.6475 -0.4019
vn -0.9239 -0.3827 -0.0000
vn 0.7071 0.7071 -0.0000
vn -0.8460 0.3504 -0.4018
vn -0.4570 0.4569 -0.7632
vn -0.2474 0.5971 -0.7630
vn -0.5972 0.2474 -0.7630
vn -0.0000 0.6463 -0.7631
vn -0.9157 -0.0000 -0.4018
vn -0.6463 -0.0000 -0.7631
vn -0.5971 -0.2472 -0.7632
vn -0.8460 -0.3505 -0.4018
vn -0.4571 -0.4571 -0.7629
vn -0.0000 0.9157 -0.4018
vn 0.3504 0.8461 -0.4018
vn 0.2473 0.5971 -0.7631
vn 0.6475 0.6475 -0.4018
vn 0.4570 0.4568 -0.7632
vn 0.9239 0.3827 -0.0000
vn 0.8460 0.3504 -0.4018
vn 0.5972 0.2474 -0.7630
vn 0.9157 -0.0000 -0.4018
vn 0.6463 -0.0000 -0.7631
vn 0.5971 -0.2472 -0.7632
vn 0.9239 -0.3827 -0.0000
vn 0.8460 -0.3505 -0.4018
vn 0.4571 -0.4572 -0.7629
vn 0.7070 -0.7072 -0.0000
vn 0.6475 -0.6476 -0.4017
vn 0.3826 -0.9239 -0.0000
vn 0.1951 -0.9808 -0.0000
vn 0.1792 -0.9009 -0.3953
vn 0.3504 -0.8461 -0.4018
vn 0.2472 -0.5972 -0.7630
vn 0.1275 -0.6410 -0.7568
vn -0.1950 -0.9808 -0.0000
vn -0.3827 -0.9239 -0.0000
vn -0.7072 -0.7070 -0.0000
vn -0.9239 -0.3826 -0.0000
vn -0.9239 0.3826 -0.0000
vn -0.7072 0.7070 -0.0000
vn -0.3827 0.9239 -0.0000
vn 0.3827 0.9239 -0.0000
vn 0.9239 0.3826 -0.0000
vn 0.9239 -0.3826 -0.0000
vn 0.7071 -0.7071 -0.0000
vn 0.3827 -0.9239 -0.0000
vn -0.6475 -0.6476 -0.4017
vn -0.3504 -0.8461 -0.4018
vn -0.3826 -0.9239 -0.0000
vn -0.2473 -0.5972 -0.7630
vn -0.1791 -0.9009 -0.3953
vn -0.1274 -0.6410 -0.7568
vn -0.7071 -0.7071 -0.0000
vn -0.3446 -0.8320 0.4348
vn -0.1763 -0.8864 0.4280
vn -0.2233 -0.5391 0.8121
vn -0.1152 -0.5795 0.8068
vn -0.6368 -0.6368 0.4347
vn -0.4127 -0.4127 0.8120
vn -0.5389 -0.2232 0.8122
vn -0.8319 -0.3447 0.4349
vn -0.9005 -0.0000 0.4348
vn -0.5834 -0.0000 0.8122
vn -0.8320 0.3446 0.4348
vn -0.5390 0.2233 0.8121
vn -0.4125 0.4124 0.8123
vn -0.6368 0.6367 0.4349
vn -0.3446 0.8320 0.4348
vn -0.2233 0.5390 0.8122
vn -0.0000 0.9005 0.4348
vn -0.0000 0.5834 0.8122
vn 0.3445 0.8320 0.4348
vn 0.2232 0.5390 0.8122
vn 0.6367 0.6367 0.4349
vn 0.4125 0.4123 0.8123
vn 0.8320 0.3446 0.4348
vn 0.5390 0.2233 0.8121
vn 0.9005 -0.0000 0.4348
vn 0.5834 -0.0000 0.8122
vn 0.5389 -0.2232 0.8122
vn 0.8319 -0.3447 0.4349
vn 0.6368 -0.6368 0.4347
vn 0.4127 -0.4127 0.8120
vn 0.3445 -0.8320 0.4348
vn 0.2232 -0.5391 0.8122
vn 0.1763 -0.8864 0.4280
vn 0.1152 -0.5795 0.8068
vn -0.9047 -0.3748 -0.2024
vn -0.6925 -0.6925 -0.2025
vn -0.6925 -0.6924 -0.2024
vn -0.9048 -0.3747 -0.2024
vn -0.3747 -0.9047 -0.2027
vn -0.9793 0.0001 -0.2024
vn -0.1911 -0.9612 -0.1990
vn -0.9048 0.3747 -0.2026
vn -0.9047 0.3747 -0.2026
vn -0.6925 0.6925 -0.2024
vn -0.6925 0.6924 -0.2025
vn -0.3748 0.9047 -0.2027
vn -0.0000 0.9792 -0.2027
vn 0.3747 0.9047 -0.2027
vn 0.6925 0.6925 -0.2025
vn 0.6925 0.6924 -0.2024
vn 0.9047 0.3747 -0.2026
vn 0.9048 0.3747 -0.2026
vn 0.9793 0.0001 -0.2024
vn 0.9048 -0.3747 -0.2024
vn 0.9047 -0.3748 -0.2024
vn 0.6925 -0.6924 -0.2024
vn 0.6924 -0.6925 -0.2025
vn 0.3747 -0.9047 -0.2027
vn 0.1912 -0.9612 -0.1990
vn -0.3828 0.9238 -0.0000
vn 0.3828 0.9238 -0.0000
vn 0.7072 0.7070 -0.0000
vn 0.7072 -0.7070 -0.0000
vn -0.3828 -0.9238 -0.0000
vn -0.1951 -0.9808 -0.0000
vn 0.3828 -0.9238 -0.0000
vn 0.1952 -0.9808 -0.0000
vn -0.6200 0.6199 -0.4809
vn -0.3355 0.8101 -0.4808
vn -0.3355 0.8101 -0.4809
vn -0.6201 0.6199 -0.4809
vn -0.0000 0.8768 -0.4808
vn -0.8101 0.3355 -0.4809
vn -0.0000 0.8768 -0.4809
vn -0.8100 0.3356 -0.4809
vn 0.3355 0.8101 -0.4808
vn -0.8768 -0.0000 -0.4809
vn 0.3355 0.8101 -0.4809
vn 0.6200 0.6200 -0.4809
vn -0.8100 -0.3356 -0.4809
vn 0.6200 0.6199 -0.4809
vn -0.8100 -0.3355 -0.4809
vn 0.8101 0.3355 -0.4809
vn -0.6200 -0.6200 -0.4809
vn 0.8100 0.3356 -0.4809
vn -0.6201 -0.6199 -0.4809
vn 0.8768 -0.0000 -0.4809
vn -0.3357 -0.8100 -0.4808
vn -0.3355 -0.8101 -0.4808
vn -0.1719 -0.8638 -0.4736
vn -0.1721 -0.8638 -0.4734
vn 0.8100 -0.3355 -0.4809
vn 0.8101 -0.3354 -0.4809
vn 0.6199 -0.6200 -0.4808
vn 0.6200 -0.6201 -0.4808
vn 0.3355 -0.8101 -0.4807
vn 0.3356 -0.8101 -0.4808
vn 0.1720 -0.8638 -0.4736
vn 0.1718 -0.8639 -0.4735
vn -0.0000 0.5173 -0.8558
vn -0.1980 0.4778 -0.8558
vn 0.1980 0.4778 -0.8558
vn -0.1980 0.4778 -0.8559
vn 0.1979 0.4779 -0.8558
vn -0.3658 0.3656 -0.8559
vn 0.3657 0.3657 -0.8559
vn -0.3657 0.3657 -0.8559
vn 0.3658 0.3656 -0.8559
vn -0.4777 0.1979 -0.8559
vn 0.4778 0.1979 -0.8559
vn -0.4778 0.1979 -0.8559
vn 0.4777 0.1979 -0.8559
vn -0.5173 -0.0000 -0.8558
vn 0.5173 -0.0001 -0.8558
vn -0.5174 -0.0000 -0.8558
vn 0.5173 -0.0000 -0.8558
vn -0.4778 -0.1979 -0.8559
vn 0.4778 -0.1979 -0.8559
vn -0.4777 -0.1979 -0.8559
vn 0.4778 -0.1978 -0.8559
vn -0.3658 -0.3656 -0.8559
vn 0.3658 -0.3656 -0.8559
vn -0.3657 -0.3657 -0.8559
vn 0.3657 -0.3657 -0.8559
vn -0.1980 -0.4778 -0.8558
vn 0.1980 -0.4778 -0.8559
vn -0.1024 -0.5146 -0.8513
vn 0.1980 -0.4779 -0.8558
vn 0.1024 -0.5146 -0.8513
vn 0.1023 -0.5146 -0.8513
vn -0.7003 0.2900 0.6523
vn -0.5361 0.5359 0.6523
vn -0.5361 0.5360 0.6522
vn -0.7581 -0.0000 0.6522
vn -0.2902 0.7003 0.6522
vn -0.7582 -0.0000 0.6521
vn -0.2901 0.7003 0.6522
vn -0.7003 -0.2900 0.6523
vn -0.0000 0.7581 0.6521
vn -0.5361 -0.5359 0.6523
vn 0.2901 0.7003 0.6522
vn -0.5361 -0.5360 0.6522
vn -0.2902 -0.7003 0.6522
vn 0.5360 0.5360 0.6522
vn -0.2901 -0.7003 0.6522
vn -0.1491 -0.7496 0.6448
vn -0.1491 -0.7497 0.6448
vn 0.5361 0.5359 0.6523
vn 0.7003 0.2900 0.6523
vn 0.7581 0.0001 0.6521
vn 0.7003 -0.2901 0.6523
vn 0.7002 -0.2901 0.6523
vn 0.5360 -0.5360 0.6523
vn 0.5361 -0.5359 0.6522
vn 0.2901 -0.7003 0.6522
vn 0.2902 -0.7003 0.6522
vn 0.1491 -0.7496 0.6448
vn 0.1491 -0.7497 0.6448
vn 0.4747 0.3170 0.8211
vn 0.7091 0.4740 0.5220
vn 0.1664 0.8365 0.5221
vn 0.1112 0.5598 0.8211
vn -0.3169 0.4744 0.8213
vn -0.4736 0.7091 0.5224
vn -0.5598 0.1113 0.8211
vn -0.8366 0.1663 0.5219
vn -0.4746 -0.3171 0.8211
vn -0.7091 -0.4741 0.5220
vn -0.1664 -0.8365 0.5221
vn -0.1112 -0.5598 0.8211
vn 0.3168 -0.4744 0.8213
vn 0.4735 -0.7091 0.5224
vn 0.5598 -0.1114 0.8211
vn 0.8366 -0.1665 0.5219
vn -0.9931 -0.1170 0.0012
vn -0.9947 -0.0036 -0.1029
vn -0.9919 -0.0058 -0.1266
vn -0.9310 -0.0000 -0.3650
vn -0.7420 -0.0000 -0.6704
vn -0.6595 -0.0000 -0.7517
vn -0.3904 -0.0000 -0.9206
vn -0.9753 -0.2209 0.0046
vn -0.9048 -0.4258 0.0013
vn -0.9575 -0.0065 0.2882
vn -0.9061 -0.4231 0.0030
vn -0.9419 -0.1996 0.2700
vn -0.6810 -0.0048 0.7322
vn -0.9215 -0.3707 0.1158
vn -0.6969 -0.1570 0.6998
vn -0.4857 -0.0035 0.8741
vn -0.8829 -0.2683 0.3854
vn -0.5156 -0.1210 0.8483
vn -0.8390 -0.1931 0.5087
vn 0.1000 -0.2853 0.9532
vn 0.2251 -0.2015 0.9533
vn 0.3510 -0.5257 0.7749
vn -0.1232 -0.6196 0.7751
vn 0.2724 -0.1309 0.9532
vn 0.6198 -0.1234 0.7750
vn -0.3855 0.1597 0.9088
vn -0.1309 -0.2724 0.9532
vn -0.2950 0.2950 0.9088
vn -0.4950 0.4951 0.7140
vn -0.6469 0.2680 0.7139
vn 0.2950 0.2949 0.9088
vn 0.4951 0.4950 0.7140
vn 0.6469 0.2680 0.7139
vn -0.2014 -0.2251 0.9533
vn -0.5254 -0.3511 0.7750
vn 0.3855 0.1597 0.9088
vn -0.2852 -0.1000 0.9532
vn -0.6197 0.1232 0.7751
vn 0.6469 -0.2680 0.7139
vn -0.3016 -0.0167 0.9533
vn 0.3855 -0.1597 0.9088
vn -0.2723 0.1309 0.9533
vn -0.2251 0.2015 0.9533
vn -0.3511 0.5255 0.7750
vn 0.2950 -0.2949 0.9088
vn 0.4951 -0.4951 0.7140
vn 0.1233 0.6196 0.7752
vn -0.4950 -0.4951 0.7140
vn -0.2950 -0.2950 0.9088
vn -0.6469 -0.2680 0.7139
vn 0.2014 0.2251 0.9533
vn 0.5254 0.3511 0.7750
vn 0.2851 0.1000 0.9533
vn -0.3855 -0.1597 0.9088
vn 0.3016 0.0167 0.9533
vn -0.7070 0.7072 -0.0000
vn -0.6474 0.6475 -0.4020
vn -0.3504 0.8461 -0.4018
vn -0.2473 0.5971 -0.7631
vn -0.4568 0.4567 -0.7634
vn -0.8460 0.3504 -0.4019
vn -0.5970 0.2472 -0.7632
vn 0.6475 0.6475 -0.4020
vn 0.4569 0.4567 -0.7634
vn -0.5970 -0.2472 -0.7632
vn 0.8460 0.3504 -0.4019
vn 0.5970 0.2472 -0.7632
vn 0.5970 -0.2472 -0.7632
vn 0.8460 -0.3504 -0.4019
vn 0.6474 -0.6475 -0.4020
vn 0.4568 -0.4568 -0.7633
vn 0.3504 -0.8460 -0.4018
vn 0.2474 -0.5971 -0.7630
vn 0.1791 -0.9009 -0.3953
vn 0.1274 -0.6410 -0.7568
vn 0.1950 -0.9808 -0.0000
vn -0.3504 -0.8460 -0.4018
vn -0.7070 -0.7072 -0.0000
vn -0.2474 -0.5971 -0.7630
vn -0.4568 -0.4568 -0.7633
vn -0.6474 -0.6475 -0.4020
vn -0.8460 -0.3504 -0.4019
vn -0.2233 -0.5390 0.8122
vn -0.4123 -0.4123 0.8124
vn -0.6366 -0.6368 0.4350
vn -0.8319 -0.3446 0.4349
vn -0.5389 -0.2232 0.8123
vn -0.8319 0.3446 0.4349
vn -0.5389 0.2232 0.8123
vn -0.4123 0.4123 0.8124
vn -0.6366 0.6368 0.4350
vn 0.3446 0.8320 0.4348
vn 0.6367 0.6367 0.4350
vn 0.4124 0.4122 0.8124
vn 0.8319 0.3446 0.4349
vn 0.5389 0.2232 0.8123
vn 0.5389 -0.2231 0.8123
vn 0.8320 -0.3446 0.4349
vn 0.6367 -0.6367 0.4350
vn 0.4123 -0.4123 0.8124
vn 0.3446 -0.8320 0.4348
vn 0.2234 -0.5390 0.8122
vn -0.9048 -0.3748 -0.2021
vn -0.6925 -0.6925 -0.2023
vn -0.6926 -0.6925 -0.2022
vn -0.9048 -0.3747 -0.2022
vn -0.3747 -0.9047 -0.2026
vn -0.9793 -0.0001 -0.2026
vn -0.9048 0.3749 -0.2022
vn -0.9048 0.3748 -0.2021
vn -0.6925 0.6926 -0.2022
vn -0.6925 0.6925 -0.2023
vn -0.3748 0.9047 -0.2026
vn 0.3747 0.9047 -0.2026
vn 0.6926 0.6924 -0.2022
vn 0.9048 0.3748 -0.2021
vn 0.9048 0.3749 -0.2022
vn 0.9793 -0.0001 -0.2026
vn 0.9048 -0.3747 -0.2022
vn 0.9048 -0.3748 -0.2021
vn 0.6926 -0.6924 -0.2022
vn 0.6925 -0.6924 -0.2023
vn 0.3747 -0.9047 -0.2026
vn 0.1911 -0.9612 -0.1990
vn 0.3829 0.9238 -0.0000
vn 0.3829 -0.9238 -0.0000
vn -0.6199 0.6200 -0.4809
vn -0.3354 0.8101 -0.4809
vn -0.8100 0.3355 -0.4809
vn -0.8768 -0.0000 -0.4808
vn 0.6199 0.6200 -0.4808
vn -0.6199 -0.6200 -0.4809
vn 0.8101 0.3354 -0.4809
vn 0.8768 -0.0000 -0.4808
vn -0.3355 -0.8101 -0.4809
vn -0.1717 -0.8638 -0.4737
vn 0.8101 -0.3355 -0.4809
vn 0.6200 -0.6199 -0.4809
vn 0.3355 -0.8101 -0.4809
vn 0.1717 -0.8638 -0.4737
vn 0.1980 0.4778 -0.8559
vn 0.3658 0.3657 -0.8559
vn -0.4779 0.1979 -0.8558
vn -0.4779 0.1980 -0.8558
vn 0.4779 0.1979 -0.8558
vn -0.5172 -0.0000 -0.8559
vn 0.4779 0.1980 -0.8558
vn -0.5171 -0.0000 -0.8559
vn 0.5172 -0.0000 -0.8559
vn -0.4779 -0.1980 -0.8558
vn 0.4779 -0.1980 -0.8558
vn 0.3658 -0.3657 -0.8559
vn 0.1980 -0.4778 -0.8558
vn -0.7004 0.2902 0.6521
vn -0.7004 0.2901 0.6522
vn -0.5361 0.5359 0.6522
vn -0.7580 -0.0000 0.6522
vn -0.7580 -0.0000 0.6523
vn -0.7004 -0.2901 0.6522
vn -0.7004 -0.2902 0.6521
vn -0.5361 -0.5359 0.6522
vn 0.2902 0.7003 0.6522
vn 0.5361 0.5359 0.6522
vn 0.7004 0.2902 0.6521
vn 0.7004 0.2902 0.6522
vn 0.7580 -0.0000 0.6522
vn 0.7580 -0.0000 0.6523
vn 0.7004 -0.2901 0.6522
vn 0.7004 -0.2902 0.6521
vn 0.5361 -0.5360 0.6522
vn 0.4744 0.3171 0.8212
vn 0.7089 0.4740 0.5223
vn 0.1663 0.8365 0.5221
vn 0.8367 -0.1661 0.5218
vn 0.5599 -0.1114 0.8211
vn 0.4736 -0.7092 0.5223
vn -0.1663 -0.8365 0.5221
vn 0.1114 0.5598 0.8211
vn -0.3168 0.4744 0.8213
vn -0.4735 0.7091 0.5224
vn -0.1114 -0.5598 0.8211
vn -0.4744 -0.3171 0.8212
vn -0.7090 -0.4739 0.5223
vn -0.8366 0.1664 0.5220
vt 0.040070 0.157104
vt 0.035889 0.157837
vt 0.039154 0.156250
vt 0.043182 0.156128
vt 0.013474 0.156250
vt 0.013084 0.157959
vt 0.009392 0.156494
vt 0.042633 0.154541
vt 0.045807 0.154541
vt 0.039124 0.154541
vt 0.010437 0.155029
vt 0.007256 0.154297
vt 0.012489 0.154541
vt 0.008797 0.153442
vt 0.006081 0.149414
vt 0.010201 0.152588
vt 0.007896 0.149414
vt 0.007256 0.144653
vt 0.009590 0.149414
vt 0.012489 0.144287
vt 0.010201 0.146362
vt 0.008797 0.145508
vt 0.009384 0.142456
vt 0.010437 0.143921
vt 0.013084 0.140991
vt 0.013474 0.142578
vt 0.035889 0.141113
vt 0.039124 0.144287
vt 0.039154 0.142578
vt 0.040039 0.141846
vt 0.043182 0.142700
vt 0.042633 0.144287
vt 0.045807 0.144287
vt 0.197144 0.672363
vt 0.121643 0.671875
vt 0.122437 0.669922
vt 0.195923 0.675781
vt 0.119080 0.674316
vt 0.202393 0.676270
vt 0.198486 0.669922
vt 0.203125 0.672363
vt 0.209229 0.676270
vt 0.122559 0.666992
vt 0.208984 0.672363
vt 0.203857 0.669922
vt 0.199341 0.666992
vt 0.214111 0.672852
vt 0.216309 0.676270
vt 0.208862 0.669434
vt 0.213257 0.669922
vt 0.261230 0.672852
vt 0.259033 0.676270
vt 0.266113 0.676270
vt 0.261963 0.669922
vt 0.266357 0.672363
vt 0.212891 0.666992
vt 0.272217 0.672363
vt 0.272949 0.676270
vt 0.266602 0.669434
vt 0.278076 0.672363
vt 0.279541 0.675781
vt 0.353760 0.671875
vt 0.356201 0.674316
vt 0.353027 0.669922
vt 0.276855 0.669922
vt 0.352783 0.666992
vt 0.271484 0.669922
vt 0.276123 0.666992
vt 0.271240 0.666992
vt 0.271240 0.626953
vt 0.266602 0.629395
vt 0.276123 0.625977
vt 0.266602 0.666992
vt 0.262451 0.631348
vt 0.262451 0.666992
vt 0.212891 0.631348
vt 0.208740 0.666992
vt 0.208740 0.629395
vt 0.204224 0.666992
vt 0.204224 0.626953
vt 0.199341 0.625977
vt 0.120911 0.663086
vt 0.118530 0.659668
vt 0.114258 0.656738
vt 0.110046 0.655762
vt 0.075012 0.639648
vt 0.113037 0.660156
vt 0.116638 0.662109
vt 0.118652 0.665039
vt 0.120056 0.667480
vt 0.122131 0.669434
vt 0.115417 0.664551
vt 0.111938 0.663086
vt 0.117554 0.666992
vt 0.113831 0.666992
vt 0.115479 0.668945
vt 0.111267 0.666016
vt 0.118896 0.668945
vt 0.117126 0.672363
vt 0.120972 0.670898
vt 0.118408 0.673340
vt 0.108643 0.663086
vt 0.108337 0.666504
vt 0.078491 0.666504
vt 0.109497 0.659180
vt 0.077637 0.663574
vt 0.074036 0.666992
vt 0.075684 0.659180
vt 0.073120 0.663574
vt 0.069214 0.667969
vt 0.068237 0.664551
vt 0.071228 0.658691
vt 0.066528 0.659668
vt 0.075012 0.655762
vt 0.070557 0.640137
vt 0.070557 0.655762
vt 0.065918 0.640137
vt 0.065918 0.655762
vt 0.061279 0.640625
vt 0.061279 0.655762
vt 0.065369 0.659668
vt 0.010590 0.655762
vt 0.060638 0.659180
vt 0.063660 0.664062
vt 0.010574 0.640625
vt 0.005920 0.655762
vt 0.005909 0.640137
vt 0.006496 0.659668
vt 0.011230 0.659180
vt 0.008194 0.664551
vt 0.058838 0.663574
vt 0.062744 0.667480
vt 0.057983 0.666504
vt 0.013901 0.666504
vt 0.013046 0.663574
vt 0.009117 0.667480
vt 0.463867 0.854980
vt 0.457275 0.860840
vt 0.457275 0.798828
vt 0.466309 0.855469
vt 0.464111 0.860352
vt 0.466309 0.804199
vt 0.462158 0.858398
vt 0.460205 0.863281
vt 0.458984 0.860840
vt 0.455322 0.863770
vt 0.463867 0.804688
vt 0.464111 0.799805
vt 0.462158 0.801270
vt 0.460205 0.796875
vt 0.328857 0.860840
vt 0.328613 0.863281
vt 0.458984 0.798828
vt 0.455322 0.796387
vt 0.323242 0.862305
vt 0.328857 0.798828
vt 0.328613 0.796387
vt 0.323242 0.797363
vt 0.323975 0.799805
vt 0.323975 0.859863
vt 0.321289 0.801758
vt 0.318359 0.800293
vt 0.321289 0.857910
vt 0.318359 0.859375
vt 0.318848 0.804199
vt 0.315430 0.804688
vt 0.318848 0.855469
vt 0.315430 0.854980
vt 0.054871 0.441162
vt 0.059692 0.441162
vt 0.060394 0.507324
vt 0.064758 0.506836
vt 0.064392 0.441162
vt 0.055817 0.507812
vt 0.068787 0.506836
vt 0.068787 0.441162
vt 0.039001 0.504883
vt 0.010674 0.441162
vt 0.043732 0.507324
vt 0.027405 0.504883
vt 0.046112 0.512695
vt 0.010788 0.508301
vt 0.022690 0.507324
vt 0.005909 0.508301
vt 0.005909 0.441162
vt 0.006756 0.511719
vt 0.020874 0.511719
vt 0.011452 0.511719
vt 0.013420 0.524902
vt 0.016800 0.524414
vt 0.020782 0.524414
vt 0.049042 0.526367
vt 0.053253 0.525391
vt 0.055756 0.511230
vt 0.057190 0.524902
vt 0.060150 0.510254
vt 0.061432 0.524414
vt 0.064392 0.509766
vt 0.065857 0.524414
vt 0.068298 0.510254
vt 0.157471 0.524902
vt 0.182129 0.510254
vt 0.168457 0.524902
vt 0.186035 0.506836
vt 0.161377 0.493652
vt 0.186035 0.493896
vt 0.191040 0.502441
vt 0.163574 0.491943
vt 0.186035 0.492188
vt 0.160767 0.490967
vt 0.191040 0.492188
vt 0.157837 0.490479
vt 0.159180 0.489502
vt 0.156860 0.486084
vt 0.158447 0.486084
vt 0.159180 0.482666
vt 0.191040 0.493896
vt 0.195435 0.492188
vt 0.195557 0.499268
vt 0.195557 0.494141
vt 0.200806 0.497314
vt 0.200806 0.493896
vt 0.198853 0.491455
vt 0.205933 0.497070
vt 0.198853 0.481201
vt 0.209595 0.492920
vt 0.200806 0.478760
vt 0.195435 0.480469
vt 0.232666 0.492920
vt 0.195557 0.478516
vt 0.195557 0.448975
vt 0.191040 0.478760
vt 0.191040 0.480469
vt 0.200806 0.448975
vt 0.191040 0.448975
vt 0.241333 0.448975
vt 0.236328 0.497070
vt 0.241455 0.497070
vt 0.246582 0.448975
vt 0.246704 0.499023
vt 0.251221 0.448975
vt 0.251221 0.502441
vt 0.256104 0.448975
vt 0.256104 0.507324
vt 0.332764 0.448730
vt 0.373779 0.507324
vt 0.260010 0.510742
vt 0.334229 0.447754
vt 0.373779 0.441162
vt 0.343750 0.441162
vt 0.336182 0.443848
vt 0.340576 0.441162
vt 0.337891 0.441895
vt 0.377930 0.441162
vt 0.374023 0.510254
vt 0.273682 0.525391
vt 0.375977 0.524902
vt 0.377930 0.507324
vt 0.382568 0.441162
vt 0.382568 0.507324
vt 0.378174 0.510254
vt 0.382812 0.511230
vt 0.379883 0.524902
vt 0.383545 0.525879
vt 0.186035 0.478760
vt 0.186035 0.448975
vt 0.186035 0.480469
vt 0.163452 0.480225
vt 0.161255 0.478760
vt 0.160645 0.481201
vt 0.109619 0.448975
vt 0.157715 0.481689
vt 0.108032 0.447754
vt 0.098511 0.441162
vt 0.106201 0.444092
vt 0.101624 0.441162
vt 0.104431 0.441895
vt 0.663574 0.395996
vt 0.663574 0.424072
vt 0.662109 0.422119
vt 0.662598 0.395996
vt 0.661133 0.420898
vt 0.661621 0.395996
vt 0.660156 0.420410
vt 0.660645 0.395996
vt 0.657227 0.417969
vt 0.658691 0.420410
vt 0.642090 0.395996
vt 0.645508 0.417725
vt 0.642090 0.420410
vt 0.643555 0.420410
vt 0.669434 0.424072
vt 0.671875 0.432373
vt 0.720703 0.395996
vt 0.675293 0.432373
vt 0.720703 0.423828
vt 0.722656 0.395996
vt 0.720703 0.431885
vt 0.722656 0.424072
vt 0.722168 0.431885
vt 0.724609 0.395996
vt 0.724609 0.424316
vt 0.723633 0.432129
vt 0.726074 0.425781
vt 0.724121 0.432129
vt 0.727051 0.423340
vt 0.729492 0.422363
vt 0.740723 0.395996
vt 0.735352 0.422363
vt 0.737793 0.423340
vt 0.740234 0.424561
vt 0.738770 0.425537
vt 0.738770 0.431885
vt 0.738281 0.431885
vt 0.492432 0.854004
vt 0.495117 0.854492
vt 0.494873 0.858887
vt 0.492920 0.852051
vt 0.498047 0.852051
vt 0.489502 0.852539
vt 0.490723 0.851074
vt 0.490234 0.857910
vt 0.495117 0.860840
vt 0.488037 0.859863
vt 0.498291 0.858398
vt 0.500488 0.860352
vt 0.486084 0.855469
vt 0.483154 0.856445
vt 0.483887 0.851562
vt 0.480469 0.851074
vt 0.518066 0.851074
vt 0.520020 0.853516
vt 0.498535 0.854492
vt 0.484131 0.846680
vt 0.518555 0.848145
vt 0.520020 0.845703
vt 0.480957 0.845215
vt 0.521484 0.851074
vt 0.521484 0.847168
vt 0.527832 0.845703
vt 0.531250 0.854004
vt 0.529297 0.847656
vt 0.617188 0.845703
vt 0.531250 0.851074
vt 0.618164 0.847656
vt 0.619629 0.845703
vt 0.620605 0.851074
vt 0.621582 0.854004
vt 0.620605 0.847168
vt 0.621094 0.844238
vt 0.624023 0.850586
vt 0.625000 0.853027
vt 0.628418 0.851562
vt 0.622559 0.846191
vt 0.622070 0.843750
vt 0.626465 0.849121
vt 0.630371 0.848633
vt 0.623535 0.844238
vt 0.624512 0.841797
vt 0.627930 0.847168
vt 0.630371 0.844238
vt 0.627930 0.844238
vt 0.628418 0.842285
vt 0.283447 0.947266
vt 0.283447 0.943848
vt 0.294678 0.943848
vt 0.283691 0.941406
vt 0.279541 0.943848
vt 0.294678 0.941406
vt 0.279541 0.941406
vt 0.275391 0.941406
vt 0.298828 0.943848
vt 0.298828 0.941406
vt 0.302734 0.941406
vt 0.294678 0.947266
vt 0.302734 0.943848
vt 0.315186 0.941406
vt 0.315186 0.943848
vt 0.315186 0.947266
vt 0.294678 0.949707
vt 0.298828 0.947266
vt 0.298828 0.949707
vt 0.283447 0.949707
vt 0.302734 0.949707
vt 0.279541 0.947266
vt 0.279541 0.949707
vt 0.275391 0.949707
vt 0.302734 0.947266
vt 0.315430 0.949707
vt 0.275391 0.943848
vt 0.262939 0.941406
vt 0.262939 0.943848
vt 0.262939 0.947266
vt 0.275391 0.947266
vt 0.262939 0.949707
vt 0.488525 0.850098
vt 0.490234 0.849121
vt 0.488525 0.846680
vt 0.489746 0.845215
vt 0.488281 0.845215
vt 0.483887 0.845215
vt 0.486084 0.841309
vt 0.487305 0.839844
vt 0.481689 0.841309
vt 0.478271 0.840332
vt 0.484619 0.839355
vt 0.487305 0.817383
vt 0.481445 0.839355
vt 0.478271 0.816895
vt 0.481445 0.817871
vt 0.484619 0.817871
vt 0.481934 0.815918
vt 0.481201 0.812012
vt 0.486084 0.815918
vt 0.489990 0.811523
vt 0.484131 0.812012
vt 0.484131 0.810547
vt 0.488281 0.812012
vt 0.488770 0.810547
vt 0.490234 0.808105
vt 0.480713 0.806152
vt 0.488770 0.807129
vt 0.490967 0.806152
vt 0.484131 0.805664
vt 0.483398 0.800781
vt 0.489746 0.804688
vt 0.486328 0.801758
vt 0.488281 0.797363
vt 0.493164 0.805176
vt 0.490479 0.799316
vt 0.495361 0.796387
vt 0.492676 0.803223
vt 0.495117 0.798340
vt 0.495361 0.802734
vt 0.498291 0.805176
vt 0.498535 0.798828
vt 0.500488 0.796875
vt 0.498779 0.802734
vt 0.518555 0.806152
vt 0.520020 0.803711
vt 0.518555 0.809082
vt 0.520020 0.811523
vt 0.521484 0.806641
vt 0.521484 0.810059
vt 0.617188 0.811523
vt 0.621582 0.803711
vt 0.618164 0.810059
vt 0.619629 0.812012
vt 0.620605 0.806641
vt 0.624023 0.807129
vt 0.625000 0.804199
vt 0.620605 0.810547
vt 0.621094 0.812988
vt 0.628418 0.806152
vt 0.622559 0.811523
vt 0.622070 0.813965
vt 0.626465 0.808594
vt 0.630371 0.809082
vt 0.627930 0.810547
vt 0.630371 0.813477
vt 0.623535 0.812988
vt 0.624512 0.815430
vt 0.627930 0.812988
vt 0.628418 0.815430
vt 0.361084 0.656738
vt 0.356934 0.659668
vt 0.365479 0.655762
vt 0.362305 0.660156
vt 0.354492 0.663086
vt 0.400391 0.639648
vt 0.358887 0.662109
vt 0.356689 0.665039
vt 0.355469 0.667480
vt 0.353271 0.669434
vt 0.360107 0.664551
vt 0.363525 0.663086
vt 0.357910 0.666992
vt 0.361572 0.666992
vt 0.359863 0.668945
vt 0.364014 0.666016
vt 0.356445 0.668945
vt 0.358154 0.672363
vt 0.354492 0.670898
vt 0.356934 0.673340
vt 0.366699 0.663086
vt 0.367188 0.666504
vt 0.396973 0.666504
vt 0.365967 0.659180
vt 0.397705 0.663574
vt 0.401367 0.666992
vt 0.399658 0.659180
vt 0.402344 0.663574
vt 0.406250 0.667969
vt 0.407227 0.664551
vt 0.404297 0.658691
vt 0.408936 0.659668
vt 0.400391 0.655762
vt 0.404785 0.640137
vt 0.404785 0.655762
vt 0.409424 0.640137
vt 0.409424 0.655762
vt 0.472168 0.751465
vt 0.469971 0.752930
vt 0.469971 0.730957
vt 0.470947 0.752930
vt 0.471680 0.752441
vt 0.412354 0.752441
vt 0.472168 0.732910
vt 0.470947 0.731445
vt 0.471680 0.731934
vt 0.412354 0.731445
vt 0.409668 0.750000
vt 0.410645 0.751465
vt 0.409668 0.734375
vt 0.410645 0.732422
vt 0.979980 0.890625
vt 0.981934 0.882324
vt 0.983887 0.893066
vt 0.981934 0.892090
vt 0.979980 0.883789
vt 0.979004 0.885742
vt 0.979004 0.888184
vt 0.986328 0.881348
vt 0.983887 0.881348
vt 0.988281 0.892090
vt 0.986328 0.893066
vt 0.990234 0.883789
vt 0.988281 0.882324
vt 0.990723 0.885742
vt 0.990723 0.888184
vt 0.990234 0.890625
vt 0.983398 0.776367
vt 0.984375 0.776367
vt 0.983887 0.776855
vt 0.982422 0.771973
vt 0.981934 0.777832
vt 0.985840 0.776855
vt 0.985840 0.777832
vt 0.985352 0.771973
vt 0.981934 0.776855
vt 0.982422 0.770996
vt 0.985352 0.770996
vt 0.979004 0.772461
vt 0.987793 0.773438
vt 0.988770 0.772461
vt 0.979980 0.773438
vt 0.977051 0.774902
vt 0.980957 0.777344
vt 0.977539 0.775391
vt 0.975586 0.777832
vt 0.976562 0.777832
vt 0.975586 0.781250
vt 0.980469 0.778809
vt 0.981445 0.779297
vt 0.976562 0.780762
vt 0.980469 0.779785
vt 0.981934 0.781250
vt 0.977539 0.783691
vt 0.977051 0.784180
vt 0.979004 0.786133
vt 0.980957 0.781250
vt 0.979980 0.785645
vt 0.981934 0.782227
vt 0.983398 0.782715
vt 0.983887 0.781738
vt 0.982422 0.786621
vt 0.982422 0.787598
vt 0.984375 0.782715
vt 0.985352 0.786621
vt 0.985352 0.787598
vt 0.988770 0.786133
vt 0.985840 0.782227
vt 0.985840 0.781250
vt 0.987793 0.785645
vt 0.986816 0.781250
vt 0.986328 0.779297
vt 0.990234 0.783691
vt 0.990723 0.784180
vt 0.992188 0.781250
vt 0.991211 0.780762
vt 0.992188 0.777832
vt 0.987305 0.779785
vt 0.991211 0.777832
vt 0.990723 0.774902
vt 0.987305 0.778809
vt 0.986816 0.777344
vt 0.990234 0.775391
vt 0.751953 0.159058
vt 0.751953 0.162231
vt 0.743164 0.162231
vt 0.743164 0.159058
vt 0.743164 0.156006
vt 0.743164 0.165283
vt 0.751953 0.156006
vt 0.743164 0.152710
vt 0.760254 0.159058
vt 0.751953 0.165283
vt 0.751953 0.152710
vt 0.760254 0.162231
vt 0.751953 0.168457
vt 0.743164 0.168457
vt 0.743164 0.171509
vt 0.751953 0.149658
vt 0.743164 0.149658
vt 0.760254 0.165283
vt 0.761230 0.162231
vt 0.761230 0.159058
vt 0.761230 0.165283
vt 0.761230 0.156006
vt 0.760254 0.168457
vt 0.761230 0.168457
vt 0.761230 0.171509
vt 0.760254 0.171509
vt 0.761230 0.174683
vt 0.760254 0.156006
vt 0.760254 0.152710
vt 0.761230 0.152710
vt 0.760254 0.149658
vt 0.761230 0.149658
vt 0.751953 0.146484
vt 0.743164 0.146484
vt 0.760254 0.146484
vt 0.761230 0.146484
vt 0.751953 0.143433
vt 0.743164 0.143433
vt 0.760254 0.143433
vt 0.761230 0.143433
vt 0.761230 0.140259
vt 0.751953 0.140259
vt 0.743164 0.140259
vt 0.760254 0.140259
vt 0.761230 0.137207
vt 0.751953 0.137207
vt 0.743164 0.137207
vt 0.760254 0.137207
vt 0.751953 0.134033
vt 0.743164 0.134033
vt 0.743164 0.130981
vt 0.751953 0.130981
vt 0.760254 0.130981
vt 0.760254 0.134033
vt 0.761230 0.134033
vt 0.761230 0.130981
vt 0.741211 0.181030
vt 0.701660 0.181030
vt 0.701660 0.177734
vt 0.741211 0.177734
vt 0.701660 0.174683
vt 0.741211 0.174683
vt 0.701660 0.171509
vt 0.741211 0.171509
vt 0.701660 0.168457
vt 0.741211 0.168457
vt 0.701660 0.165283
vt 0.741211 0.165283
vt 0.701660 0.162231
vt 0.741211 0.162231
vt 0.701660 0.159058
vt 0.741211 0.159058
vt 0.701660 0.156006
vt 0.741211 0.156006
vt 0.701660 0.152710
vt 0.741211 0.152710
vt 0.701660 0.149658
vt 0.741211 0.149658
vt 0.701660 0.146484
vt 0.741211 0.146484
vt 0.741211 0.143433
vt 0.701660 0.143433
vt 0.701660 0.140259
vt 0.741211 0.140259
vt 0.701660 0.137207
vt 0.741211 0.137207
vt 0.701660 0.134033
vt 0.741211 0.134033
vt 0.701660 0.130981
vt 0.741211 0.130981
vt 0.760254 0.174683
vt 0.760254 0.177734
vt 0.751953 0.177734
vt 0.761230 0.177734
vt 0.760254 0.181030
vt 0.761230 0.181030
vt 0.751953 0.181030
vt 0.743164 0.181030
vt 0.743164 0.177734
vt 0.743164 0.174683
vt 0.751953 0.174683
vt 0.751953 0.171509
vt 0.764160 0.174683
vt 0.764160 0.177734
vt 0.762695 0.177734
vt 0.762695 0.181030
vt 0.764160 0.181030
vt 0.762695 0.174683
vt 0.764160 0.171509
vt 0.762695 0.171509
vt 0.764160 0.168457
vt 0.762695 0.168457
vt 0.764160 0.165283
vt 0.762695 0.165283
vt 0.764160 0.162231
vt 0.762695 0.162231
vt 0.764160 0.159058
vt 0.762695 0.159058
vt 0.764160 0.156006
vt 0.762695 0.156006
vt 0.764160 0.152710
vt 0.762695 0.152710
vt 0.762695 0.149658
vt 0.764160 0.149658
vt 0.762695 0.146484
vt 0.764160 0.146484
vt 0.764160 0.143433
vt 0.762695 0.143433
vt 0.762695 0.140259
vt 0.764160 0.140259
vt 0.762695 0.137207
vt 0.764160 0.137207
vt 0.762695 0.134033
vt 0.764160 0.134033
vt 0.764160 0.130981
vt 0.762695 0.130981
vt 0.699219 0.159058
vt 0.699219 0.156006
vt 0.700195 0.156006
vt 0.700195 0.159058
vt 0.700195 0.152710
vt 0.699219 0.162231
vt 0.699219 0.152710
vt 0.700195 0.162231
vt 0.700195 0.149658
vt 0.699219 0.165283
vt 0.699219 0.149658
vt 0.700195 0.165283
vt 0.700195 0.146484
vt 0.699219 0.168457
vt 0.699219 0.146484
vt 0.700195 0.168457
vt 0.700195 0.143433
vt 0.700195 0.171509
vt 0.699219 0.143433
vt 0.699219 0.171509
vt 0.699219 0.140259
vt 0.700195 0.174683
vt 0.700195 0.140259
vt 0.699219 0.174683
vt 0.699219 0.137207
vt 0.700195 0.177734
vt 0.700195 0.137207
vt 0.699219 0.177734
vt 0.699219 0.181030
vt 0.700195 0.181030
vt 0.699219 0.134033
vt 0.700195 0.134033
vt 0.700195 0.130981
vt 0.699219 0.130981
vt 0.767578 0.159058
vt 0.767578 0.162231
vt 0.767578 0.156006
vt 0.767578 0.165283
vt 0.767578 0.152710
vt 0.767578 0.168457
vt 0.767578 0.149658
vt 0.767578 0.171509
vt 0.767578 0.146484
vt 0.767578 0.174683
vt 0.767578 0.177734
vt 0.767578 0.143433
vt 0.767578 0.181030
vt 0.767578 0.140259
vt 0.767578 0.137207
vt 0.767578 0.134033
vt 0.767578 0.130981
vt 0.696289 0.159058
vt 0.696289 0.156006
vt 0.698242 0.156006
vt 0.698242 0.159058
vt 0.698242 0.152710
vt 0.696289 0.162231
vt 0.696289 0.152710
vt 0.698242 0.162231
vt 0.698242 0.149658
vt 0.698242 0.165283
vt 0.696289 0.149658
vt 0.696289 0.165283
vt 0.698242 0.146484
vt 0.696289 0.168457
vt 0.696289 0.146484
vt 0.698242 0.168457
vt 0.698242 0.143433
vt 0.696289 0.171509
vt 0.696289 0.143433
vt 0.698242 0.171509
vt 0.696289 0.140259
vt 0.696289 0.174683
vt 0.698242 0.140259
vt 0.698242 0.174683
vt 0.696289 0.137207
vt 0.696289 0.177734
vt 0.698242 0.137207
vt 0.698242 0.177734
vt 0.696289 0.181030
vt 0.698242 0.181030
vt 0.698242 0.134033
vt 0.696289 0.134033
vt 0.698242 0.130981
vt 0.696289 0.130981
vt 0.653320 0.987305
vt 0.652832 0.986328
vt 0.655273 0.986328
vt 0.654785 0.987305
vt 0.655762 0.988281
vt 0.656738 0.987793
vt 0.655762 0.989746
vt 0.656738 0.990234
vt 0.654785 0.990723
vt 0.655273 0.992188
vt 0.652832 0.992188
vt 0.653320 0.990723
vt 0.652344 0.989746
vt 0.651367 0.990234
vt 0.652344 0.988281
vt 0.651367 0.987793
vt 1.663086 0.424072
vt 1.663086 0.395996
vt 1.662109 0.422119
vt 1.662109 0.395996
vt 1.661133 0.420898
vt 1.661133 0.395996
vt 1.660156 0.420410
vt 1.660156 0.395996
vt 1.668945 0.424072
vt 1.671875 0.432373
vt 1.720703 0.395996
vt 1.674805 0.432373
vt 1.720703 0.423828
vt 1.722656 0.395996
vt 1.720703 0.431885
vt 1.722656 0.424072
vt 1.724609 0.395996
vt 1.721680 0.431885
vt 1.724609 0.424316
vt 1.723633 0.432129
vt 1.979492 0.890625
vt 1.981445 0.882324
vt 1.983398 0.893066
vt 1.981445 0.892090
vt 1.979492 0.883789
vt 1.978516 0.885742
vt 1.978516 0.888184
vt 1.986328 0.881348
vt 1.983398 0.881348
vt 1.988281 0.892090
vt 1.986328 0.893066
vt 1.990234 0.883789
vt 1.988281 0.882324
vt 1.990234 0.885742
vt 1.990234 0.888184
vt 1.990234 0.890625
vt 1.983398 0.776367
vt 1.984375 0.776367
vt 1.983398 0.776855
vt 1.981445 0.777832
vt 1.985352 0.776855
vt 1.985352 0.777832
vt 1.982422 0.771973
vt 1.981445 0.776855
vt 1.987305 0.773438
vt 1.980469 0.777344
vt 1.985352 0.771973
vt 1.985352 0.770996
vt 1.982422 0.770996
vt 1.988281 0.772461
vt 1.979492 0.773438
vt 1.978516 0.772461
vt 1.977539 0.775391
vt 1.976562 0.774902
vt 1.976562 0.777832
vt 1.975586 0.777832
vt 1.975586 0.781250
vt 1.980469 0.778809
vt 1.981445 0.779297
vt 1.976562 0.780762
vt 1.980469 0.779785
vt 1.981445 0.781250
vt 1.977539 0.783691
vt 1.976562 0.784180
vt 1.978516 0.786133
vt 1.980469 0.781250
vt 1.979492 0.785645
vt 1.981445 0.782227
vt 1.983398 0.782715
vt 1.983398 0.781738
vt 1.982422 0.786621
vt 1.982422 0.787598
vt 1.984375 0.782715
vt 1.985352 0.786621
vt 1.985352 0.787598
vt 1.988281 0.786133
vt 1.987305 0.785645
vt 1.990234 0.784180
vt 1.985352 0.782227
vt 1.985352 0.781250
vt 1.990234 0.783691
vt 1.992188 0.781250
vt 1.986328 0.781250
vt 1.991211 0.780762
vt 1.992188 0.777832
vt 1.987305 0.779785
vt 1.986328 0.779297
vt 1.987305 0.778809
vt 1.991211 0.777832
vt 1.990234 0.774902
vt 1.986328 0.777344
vt 1.990234 0.775391
vt 1.751953 0.159058
vt 1.751953 0.162231
vt 1.743164 0.162231
vt 1.743164 0.159058
vt 1.743164 0.156006
vt 1.751953 0.165283
vt 1.743164 0.165283
vt 1.759766 0.162231
vt 1.751953 0.168457
vt 1.743164 0.168457
vt 1.743164 0.171509
vt 1.751953 0.156006
vt 1.743164 0.152710
vt 1.759766 0.156006
vt 1.751953 0.152710
vt 1.751953 0.149658
vt 1.743164 0.149658
vt 1.743164 0.146484
vt 1.759766 0.159058
vt 1.760742 0.159058
vt 1.760742 0.156006
vt 1.760742 0.162231
vt 1.759766 0.152710
vt 1.760742 0.152710
vt 1.759766 0.165283
vt 1.760742 0.165283
vt 1.760742 0.168457
vt 1.759766 0.149658
vt 1.760742 0.149658
vt 1.759766 0.168457
vt 1.760742 0.171509
vt 1.759766 0.146484
vt 1.760742 0.146484
vt 1.751953 0.146484
vt 1.760742 0.143433
vt 1.751953 0.143433
vt 1.743164 0.143433
vt 1.759766 0.143433
vt 1.760742 0.140259
vt 1.743164 0.140259
vt 1.751953 0.140259
vt 1.759766 0.140259
vt 1.751953 0.137207
vt 1.743164 0.137207
vt 1.759766 0.137207
vt 1.760742 0.137207
vt 1.759766 0.134033
vt 1.760742 0.134033
vt 1.751953 0.134033
vt 1.743164 0.134033
vt 1.759766 0.130981
vt 1.760742 0.130981
vt 1.751953 0.130981
vt 1.743164 0.130981
vt 1.741211 0.177734
vt 1.741211 0.181030
vt 1.701172 0.181030
vt 1.701172 0.177734
vt 1.701172 0.174683
vt 1.741211 0.174683
vt 1.701172 0.171509
vt 1.741211 0.171509
vt 1.701172 0.168457
vt 1.741211 0.168457
vt 1.701172 0.165283
vt 1.741211 0.165283
vt 1.701172 0.162231
vt 1.741211 0.162231
vt 1.701172 0.159058
vt 1.741211 0.159058
vt 1.701172 0.156006
vt 1.741211 0.156006
vt 1.701172 0.152710
vt 1.741211 0.152710
vt 1.741211 0.149658
vt 1.701172 0.149658
vt 1.701172 0.146484
vt 1.741211 0.146484
vt 1.741211 0.143433
vt 1.701172 0.143433
vt 1.701172 0.140259
vt 1.741211 0.140259
vt 1.701172 0.137207
vt 1.741211 0.137207
vt 1.701172 0.134033
vt 1.741211 0.134033
vt 1.701172 0.130981
vt 1.741211 0.130981
vt 1.759766 0.177734
vt 1.751953 0.177734
vt 1.751953 0.174683
vt 1.751953 0.181030
vt 1.743164 0.181030
vt 1.743164 0.177734
vt 1.759766 0.181030
vt 1.760742 0.177734
vt 1.760742 0.181030
vt 1.760742 0.174683
vt 1.743164 0.174683
vt 1.759766 0.174683
vt 1.759766 0.171509
vt 1.751953 0.171509
vt 1.763672 0.174683
vt 1.763672 0.177734
vt 1.762695 0.177734
vt 1.763672 0.181030
vt 1.762695 0.181030
vt 1.762695 0.174683
vt 1.763672 0.171509
vt 1.762695 0.171509
vt 1.763672 0.168457
vt 1.762695 0.168457
vt 1.763672 0.165283
vt 1.762695 0.165283
vt 1.763672 0.162231
vt 1.762695 0.162231
vt 1.763672 0.159058
vt 1.762695 0.159058
vt 1.762695 0.156006
vt 1.763672 0.156006
vt 1.763672 0.152710
vt 1.762695 0.152710
vt 1.762695 0.149658
vt 1.763672 0.149658
vt 1.762695 0.146484
vt 1.763672 0.146484
vt 1.763672 0.143433
vt 1.762695 0.143433
vt 1.762695 0.140259
vt 1.763672 0.140259
vt 1.762695 0.137207
vt 1.763672 0.137207
vt 1.763672 0.134033
vt 1.762695 0.134033
vt 1.763672 0.130981
vt 1.762695 0.130981
vt 1.699219 0.159058
vt 1.699219 0.156006
vt 1.700195 0.156006
vt 1.700195 0.159058
vt 1.700195 0.152710
vt 1.699219 0.162231
vt 1.699219 0.152710
vt 1.700195 0.162231
vt 1.700195 0.149658
vt 1.699219 0.165283
vt 1.699219 0.149658
vt 1.700195 0.165283
vt 1.700195 0.146484
vt 1.699219 0.168457
vt 1.699219 0.146484
vt 1.700195 0.168457
vt 1.700195 0.143433
vt 1.700195 0.171509
vt 1.699219 0.143433
vt 1.699219 0.171509
vt 1.699219 0.140259
vt 1.700195 0.174683
vt 1.700195 0.140259
vt 1.699219 0.174683
vt 1.699219 0.137207
vt 1.700195 0.177734
vt 1.700195 0.137207
vt 1.699219 0.177734
vt 1.699219 0.181030
vt 1.700195 0.181030
vt 1.699219 0.134033
vt 1.700195 0.134033
vt 1.700195 0.130981
vt 1.699219 0.130981
vt 1.767578 0.159058
vt 1.767578 0.162231
vt 1.767578 0.156006
vt 1.767578 0.165283
vt 1.767578 0.152710
vt 1.767578 0.168457
vt 1.767578 0.149658
vt 1.767578 0.171509
vt 1.767578 0.146484
vt 1.767578 0.174683
vt 1.767578 0.143433
vt 1.767578 0.177734
vt 1.767578 0.181030
vt 1.767578 0.140259
vt 1.767578 0.137207
vt 1.767578 0.134033
vt 1.767578 0.130981
vt 1.696289 0.159058
vt 1.696289 0.156006
vt 1.698242 0.156006
vt 1.698242 0.159058
vt 1.698242 0.152710
vt 1.696289 0.162231
vt 1.696289 0.152710
vt 1.698242 0.162231
vt 1.698242 0.149658
vt 1.698242 0.165283
vt 1.696289 0.149658
vt 1.696289 0.165283
vt 1.698242 0.146484
vt 1.696289 0.168457
vt 1.696289 0.146484
vt 1.698242 0.168457
vt 1.698242 0.143433
vt 1.696289 0.171509
vt 1.696289 0.143433
vt 1.698242 0.171509
vt 1.696289 0.140259
vt 1.696289 0.174683
vt 1.698242 0.140259
vt 1.698242 0.174683
vt 1.696289 0.137207
vt 1.696289 0.177734
vt 1.698242 0.137207
vt 1.698242 0.177734
vt 1.696289 0.181030
vt 1.698242 0.181030
vt 1.698242 0.134033
vt 1.696289 0.134033
vt 1.698242 0.130981
vt 1.696289 0.130981
vt 1.653320 0.987305
vt 1.652344 0.986328
vt 1.655273 0.986328
vt 1.651367 0.987793
vt 1.652344 0.988281
vt 1.651367 0.990234
vt 1.652344 0.989746
vt 1.652344 0.992188
vt 1.654297 0.987305
vt 1.655273 0.988281
vt 1.656250 0.987793
vt 1.653320 0.990723
vt 1.654297 0.990723
vt 1.655273 0.992188
vt 1.655273 0.989746
vt 1.656250 0.990234
s 1
f 2/1/1 3/2/1 1/3/2
f 78/4/3 2/1/1 1/3/2
f 1/3/2 3/2/1 61/5/4
f 3/2/1 62/6/5 61/5/4
f 62/6/5 254/7/6 61/5/4
f 71/8/7 78/4/3 1/3/2
f 71/8/7 96/9/8 78/4/3
f 1/3/2 61/5/4 255/10/9
f 255/10/9 71/8/7 1/3/2
f 254/7/6 41/11/10 61/5/4
f 254/7/6 42/12/11 41/11/10
f 61/5/4 91/13/12 255/10/9
f 91/13/12 61/5/4 41/11/10
f 42/12/11 43/14/13 41/11/10
f 42/12/11 98/15/14 43/14/13
f 91/13/12 41/11/10 260/16/15
f 41/11/10 43/14/13 260/16/15
f 98/15/14 94/17/16 43/14/13
f 43/14/13 94/17/16 260/16/15
f 98/15/14 95/18/17 94/17/16
f 260/16/15 92/19/18 91/13/12
f 94/17/16 92/19/18 260/16/15
f 92/19/18 93/20/19 91/13/12
f 91/13/12 93/20/19 255/10/9
f 92/19/18 94/17/16 251/21/20
f 92/19/18 251/21/20 93/20/19
f 95/18/17 86/22/21 94/17/16
f 94/17/16 86/22/21 251/21/20
f 95/18/17 87/23/22 86/22/21
f 86/22/21 88/24/23 251/21/20
f 87/23/22 88/24/23 86/22/21
f 88/24/23 93/20/19 251/21/20
f 88/24/23 87/23/22 253/25/24
f 83/26/25 88/24/23 253/25/24
f 88/24/23 83/26/25 93/20/19
f 253/25/24 84/27/26 83/26/25
f 72/28/27 255/10/9 93/20/19
f 93/20/19 83/26/25 72/28/27
f 255/10/9 72/28/27 71/8/7
f 84/27/26 85/29/28 83/26/25
f 83/26/25 85/29/28 72/28/27
f 85/29/28 84/27/26 292/30/26
f 85/29/28 292/30/26 256/31/29
f 72/28/27 85/29/28 73/32/30
f 72/28/27 73/32/30 71/8/7
f 85/29/28 256/31/29 73/32/30
f 71/8/7 73/32/30 96/9/8
f 73/32/30 256/31/29 97/33/31
f 73/32/30 97/33/31 96/9/8
f 5/34/32 6/35/33 4/36/34
f 231/37/35 294/38/36 6/35/33
f 5/34/32 231/37/35 6/35/33
f 230/39/37 231/37/35 5/34/32
f 60/40/38 5/34/32 4/36/34
f 59/41/39 230/39/37 5/34/32
f 5/34/32 60/40/38 59/41/39
f 229/42/40 230/39/37 59/41/39
f 60/40/38 4/36/34 180/43/41
f 56/44/42 229/42/40 59/41/39
f 60/40/38 58/45/43 59/41/39
f 59/41/39 58/45/43 56/44/42
f 58/45/43 60/40/38 69/46/44
f 69/46/44 60/40/38 180/43/41
f 229/42/40 56/44/42 65/47/45
f 64/48/46 229/42/40 65/47/45
f 58/45/43 57/49/47 56/44/42
f 65/47/45 56/44/42 55/50/48
f 56/44/42 57/49/47 55/50/48
f 64/48/46 65/47/45 63/51/49
f 472/52/50 64/48/46 63/51/49
f 472/52/50 63/51/49 429/53/51
f 63/51/49 65/47/45 70/54/52
f 65/47/45 55/50/48 70/54/52
f 63/51/49 326/55/53 429/53/51
f 326/55/53 63/51/49 70/54/52
f 55/50/48 89/56/54 70/54/52
f 55/50/48 57/49/47 89/56/54
f 429/53/51 326/55/53 329/57/55
f 430/58/56 429/53/51 329/57/55
f 328/59/57 326/55/53 70/54/52
f 430/58/56 329/57/55 296/60/58
f 461/61/59 430/58/56 296/60/58
f 461/61/59 296/60/58 460/62/60
f 502/63/61 461/61/59 460/62/60
f 460/62/60 296/60/58 295/64/62
f 296/60/58 297/65/63 295/64/62
f 296/60/58 329/57/55 297/65/63
f 295/64/62 297/65/63 395/66/64
f 329/57/55 326/55/53 327/67/65
f 329/57/55 327/67/65 297/65/63
f 326/55/53 328/59/57 327/67/65
f 297/65/63 327/67/65 331/68/66
f 297/65/63 331/68/66 395/66/64
f 327/67/65 328/59/57 303/69/67
f 327/67/65 303/69/67 331/68/66
f 331/68/66 303/69/67 330/70/68
f 330/70/68 303/69/67 302/71/69
f 298/72/70 331/68/66 330/70/68
f 303/69/67 304/73/71 302/71/69
f 328/59/57 304/73/71 303/69/67
f 302/71/69 304/73/71 239/74/72
f 90/75/73 304/73/71 328/59/57
f 304/73/71 90/75/73 239/74/72
f 70/54/52 90/75/73 328/59/57
f 89/56/54 90/75/73 70/54/52
f 90/75/73 89/56/54 239/74/72
f 89/56/54 53/76/74 239/74/72
f 89/56/54 54/77/75 53/76/74
f 57/49/47 54/77/75 89/56/54
f 54/77/75 13/78/76 53/76/74
f 54/77/75 57/49/47 14/79/77
f 54/77/75 14/79/77 13/78/76
f 57/49/47 58/45/43 14/79/77
f 14/79/77 15/80/78 13/78/76
f 14/79/77 58/45/43 69/46/44
f 14/79/77 69/46/44 15/80/78
f 69/46/44 8/81/79 15/80/78
f 69/46/44 214/82/80 8/81/79
f 180/43/41 214/82/80 69/46/44
f 9/83/81 8/81/79 214/82/80
f 8/81/79 9/83/81 7/84/82
f 8/81/79 7/84/82 210/85/83
f 8/81/79 210/85/83 471/86/84
f 7/84/82 9/83/81 209/87/85
f 210/85/83 7/84/82 209/87/85
f 76/88/86 9/83/81 214/82/80
f 9/83/81 76/88/86 209/87/85
f 214/82/80 180/43/41 40/89/87
f 40/89/87 76/88/86 214/82/80
f 180/43/41 38/90/88 40/89/87
f 38/90/88 180/43/41 179/91/89
f 76/88/86 40/89/87 77/92/90
f 209/87/85 76/88/86 75/93/91
f 76/88/86 77/92/90 75/93/91
f 40/89/87 39/94/92 77/92/90
f 39/94/92 40/89/87 38/90/88
f 77/92/90 39/94/92 213/95/93
f 77/92/90 213/95/93 75/93/91
f 39/94/92 178/96/94 213/95/93
f 213/95/93 212/97/95 75/93/91
f 178/96/94 39/94/92 177/98/96
f 177/98/96 39/94/92 38/90/88
f 38/90/88 179/91/89 177/98/96
f 238/99/97 178/96/94 177/98/96
f 179/91/89 211/100/98 177/98/96
f 238/99/97 177/98/96 211/100/98
f 485/101/99 238/99/97 211/100/98
f 37/102/100 75/93/91 212/97/95
f 477/103/101 37/102/100 212/97/95
f 477/103/101 228/104/102 37/102/100
f 37/102/100 36/105/103 75/93/91
f 36/105/103 209/87/85 75/93/91
f 228/104/102 35/106/104 37/102/100
f 36/105/103 37/102/100 35/106/104
f 36/105/103 210/85/83 209/87/85
f 228/104/102 219/107/105 35/106/104
f 210/85/83 36/105/103 34/108/106
f 34/108/106 36/105/103 35/106/104
f 219/107/105 28/109/107 35/106/104
f 34/108/106 35/106/104 28/109/107
f 219/107/105 218/110/108 28/109/107
f 218/110/108 26/111/109 28/109/107
f 27/112/110 28/109/107 26/111/109
f 27/112/110 34/108/106 28/109/107
f 221/113/111 27/112/110 26/111/109
f 30/114/112 210/85/83 34/108/106
f 34/108/106 27/112/110 30/114/112
f 30/114/112 471/86/84 210/85/83
f 471/86/84 30/114/112 29/115/113
f 27/112/110 25/116/114 30/114/112
f 27/112/110 221/113/111 25/116/114
f 30/114/112 25/116/114 29/115/113
f 29/115/113 25/116/114 24/117/115
f 221/113/111 22/118/116 25/116/114
f 25/116/114 22/118/116 24/117/115
f 24/117/115 22/118/116 19/119/117
f 22/118/116 23/120/118 19/119/117
f 22/118/116 220/121/119 23/120/118
f 23/120/118 20/122/120 19/119/117
f 220/121/119 10/123/121 23/120/118
f 23/120/118 10/123/121 20/122/120
f 220/121/119 11/124/122 10/123/121
f 20/122/120 21/125/123 19/119/117
f 21/125/123 20/122/120 305/126/124
f 493/127/125 21/125/123 305/126/124
f 423/128/126 305/126/124 20/122/120
f 244/129/127 423/128/126 20/122/120
f 10/123/121 244/129/127 20/122/120
f 423/128/126 244/129/127 301/130/128
f 11/124/122 12/131/129 10/123/121
f 11/124/122 217/132/130 12/131/129
f 217/132/130 134/133/131 12/131/129
f 12/131/129 134/133/131 133/134/132
f 244/129/127 274/135/133 301/130/128
f 274/135/133 244/129/127 10/123/121
f 12/131/129 274/135/133 10/123/121
f 274/135/133 12/131/129 133/134/132
f 420/136/134 301/130/128 274/135/133
f 133/134/132 420/136/134 274/135/133
f 17/137/135 18/138/136 16/139/137
f 491/140/138 424/141/139 17/137/135
f 491/140/138 17/137/135 224/142/140
f 424/141/139 425/143/141 17/137/135
f 424/141/139 426/144/142 425/143/141
f 425/143/141 18/138/136 17/137/135
f 426/144/142 427/145/143 425/143/141
f 427/145/143 18/138/136 425/143/141
f 18/138/136 427/145/143 426/144/142
f 437/146/144 18/138/136 426/144/142
f 17/137/135 222/147/145 224/142/140
f 17/137/135 16/139/137 222/147/145
f 223/148/146 224/142/140 222/147/145
f 225/149/147 223/148/146 222/147/145
f 222/147/145 16/139/137 225/149/147
f 226/150/148 223/148/146 225/149/147
f 433/151/149 18/138/136 437/146/144
f 433/151/149 16/139/137 18/138/136
f 500/152/150 433/151/149 437/146/144
f 227/153/151 226/150/148 225/149/147
f 227/153/151 225/149/147 16/139/137
f 226/150/148 227/153/151 16/139/137
f 242/154/152 226/150/148 16/139/137
f 500/152/150 432/155/153 433/151/149
f 242/154/152 16/139/137 235/156/154
f 235/156/154 16/139/137 433/151/149
f 236/157/155 242/154/152 235/156/154
f 234/158/156 236/157/155 235/156/154
f 52/159/157 235/156/154 433/151/149
f 52/159/157 234/158/156 235/156/154
f 432/155/153 50/160/158 433/151/149
f 50/160/158 52/159/157 433/151/149
f 234/158/156 52/159/157 51/161/159
f 51/161/159 52/159/157 50/160/158
f 233/162/160 234/158/156 51/161/159
f 240/163/161 50/160/158 432/155/153
f 240/163/161 51/161/159 50/160/158
f 431/164/162 240/163/161 432/155/153
f 233/162/160 51/161/159 232/165/163
f 51/161/159 240/163/161 232/165/163
f 484/166/164 233/162/160 232/165/163
f 241/167/165 240/163/161 431/164/162
f 240/163/161 241/167/165 232/165/163
f 293/168/166 241/167/165 431/164/162
f 484/166/164 232/165/163 293/168/166
f 232/165/163 241/167/165 293/168/166
f 32/169/167 33/170/168 31/171/169
f 31/171/169 33/170/168 79/172/170
f 33/170/168 80/173/171 79/172/170
f 262/174/172 32/169/167 31/171/169
f 79/172/170 80/173/171 81/175/173
f 80/173/171 82/176/174 81/175/173
f 262/174/172 288/177/175 32/169/167
f 32/169/167 288/177/175 287/178/176
f 490/179/175 288/177/175 262/174/172
f 288/177/175 289/180/175 287/178/176
f 170/181/175 490/179/175 262/174/172
f 287/178/176 289/180/175 438/182/177
f 438/182/177 289/180/175 489/183/175
f 314/184/178 315/185/179 287/178/176
f 438/182/177 314/184/178 287/178/176
f 354/186/180 314/184/178 438/182/177
f 438/182/177 489/183/175 387/187/175
f 352/188/181 354/186/180 438/182/177
f 352/188/181 438/182/177 387/187/175
f 353/189/182 354/186/180 352/188/181
f 386/190/183 353/189/182 352/188/181
f 352/188/181 387/187/175 386/190/183
f 387/187/175 388/191/175 386/190/183
f 476/192/175 170/181/175 169/193/184
f 170/181/175 124/194/185 169/193/184
f 262/174/172 124/194/185 170/181/175
f 169/193/184 124/194/185 123/195/186
f 117/196/187 124/194/185 262/174/172
f 124/194/185 117/196/187 123/195/186
f 31/171/169 117/196/187 262/174/172
f 123/195/186 117/196/187 116/197/188
f 109/198/189 117/196/187 31/171/169
f 117/196/187 109/198/189 116/197/188
f 79/172/170 109/198/189 31/171/169
f 116/197/188 109/198/189 108/199/190
f 110/200/191 109/198/189 79/172/170
f 109/198/189 110/200/191 108/199/190
f 110/200/191 122/201/192 108/199/190
f 81/175/173 110/200/191 79/172/170
f 120/202/193 122/201/192 110/200/191
f 120/202/193 110/200/191 81/175/173
f 121/203/192 122/201/192 120/202/193
f 473/204/194 120/202/193 81/175/173
f 81/175/173 181/205/195 473/204/194
f 473/204/194 181/205/195 155/206/196
f 473/204/194 155/206/196 154/207/197
f 181/205/195 183/208/198 155/206/196
f 183/208/198 243/209/199 155/206/196
f 182/210/200 183/208/198 181/205/195
f 243/209/199 248/211/201 155/206/196
f 181/205/195 215/212/202 182/210/200
f 81/175/173 215/212/202 181/205/195
f 215/212/202 257/213/203 182/210/200
f 215/212/202 216/214/204 257/213/203
f 81/175/173 216/214/204 215/212/202
f 216/214/204 258/215/205 257/213/203
f 258/215/205 216/214/204 261/216/206
f 248/211/201 156/217/207 155/206/196
f 155/206/196 156/217/207 154/207/197
f 248/211/201 188/218/208 156/217/207
f 154/207/197 156/217/207 175/219/209
f 156/217/207 176/220/210 175/219/209
f 188/218/208 176/220/210 156/217/207
f 175/219/209 176/220/210 47/221/211
f 176/220/210 188/218/208 48/222/212
f 176/220/210 48/222/212 47/221/211
f 48/222/212 188/218/208 187/223/213
f 48/222/212 49/224/14 47/221/211
f 187/223/213 190/225/214 48/222/212
f 48/222/212 74/226/14 49/224/14
f 190/225/214 44/227/215 48/222/212
f 48/222/212 44/227/215 74/226/14
f 44/227/215 190/225/214 189/228/216
f 74/226/14 44/227/215 237/229/14
f 44/227/215 189/228/216 252/230/217
f 252/230/217 45/231/218 44/227/215
f 252/230/217 189/228/216 174/232/219
f 252/230/217 174/232/219 45/231/218
f 189/228/216 249/233/220 174/232/219
f 45/231/218 46/234/221 44/227/215
f 174/232/219 66/235/222 45/231/218
f 46/234/221 325/236/223 44/227/215
f 237/229/14 44/227/215 325/236/223
f 237/229/14 325/236/223 324/237/14
f 324/237/14 325/236/223 323/238/224
f 325/236/223 392/239/225 323/238/224
f 392/239/225 391/240/226 323/238/224
f 391/240/226 392/239/225 373/241/227
f 372/242/228 391/240/226 373/241/227
f 372/242/228 373/241/227 371/243/229
f 439/244/230 372/242/228 371/243/229
f 371/243/229 389/245/231 439/244/230
f 439/244/230 389/245/231 338/246/232
f 351/247/233 439/244/230 338/246/232
f 390/248/231 338/246/232 389/245/231
f 338/246/232 390/248/231 494/249/234
f 390/248/231 496/250/231 494/249/234
f 497/251/231 496/250/231 390/248/231
f 497/251/231 499/252/231 496/250/231
f 498/253/231 499/252/231 497/251/231
f 494/249/234 339/254/235 338/246/232
f 345/255/236 351/247/233 338/246/232
f 350/256/237 351/247/233 345/255/236
f 344/257/238 350/256/237 345/255/236
f 339/254/235 335/258/239 338/246/232
f 345/255/236 338/246/232 335/258/239
f 339/254/235 336/259/240 335/258/239
f 336/259/240 337/260/241 335/258/239
f 343/261/242 345/255/236 335/258/239
f 343/261/242 335/258/239 337/260/241
f 344/257/238 345/255/236 343/261/242
f 346/262/243 343/261/242 337/260/241
f 347/263/244 344/257/238 343/261/242
f 347/263/244 343/261/242 346/262/243
f 495/264/245 347/263/244 346/262/243
f 67/265/246 68/266/247 66/235/222
f 174/232/219 67/265/246 66/235/222
f 174/232/219 249/233/220 67/265/246
f 249/233/220 250/267/248 67/265/246
f 250/267/248 185/268/249 67/265/246
f 67/265/246 184/269/250 68/266/247
f 185/268/249 184/269/250 67/265/246
f 185/268/249 186/270/251 184/269/250
f 68/266/247 184/269/250 483/271/252
f 259/272/253 184/269/250 186/270/251
f 184/269/250 259/272/253 483/271/252
f 261/216/206 259/272/253 186/270/251
f 216/214/204 259/272/253 261/216/206
f 259/272/253 216/214/204 483/271/252
f 483/271/252 216/214/204 81/175/173
f 483/271/252 81/175/173 478/273/252
f 82/176/174 478/273/252 81/175/173
f 479/274/252 478/273/252 82/176/174
f 478/273/252 479/274/252 481/275/252
f 480/276/252 481/275/252 479/274/252
f 482/277/252 481/275/252 480/276/252
f 100/278/254 101/279/255 99/280/256
f 112/281/257 100/278/254 99/280/256
f 112/281/257 99/280/256 111/282/258
f 153/283/259 112/281/257 111/282/258
f 153/283/259 111/282/258 152/284/260
f 464/285/261 153/283/259 152/284/260
f 463/286/175 464/285/261 152/284/260
f 503/287/175 463/286/175 152/284/260
f 467/288/175 464/285/261 463/286/175
f 465/289/175 467/288/175 463/286/175
f 466/290/175 467/288/175 465/289/175
f 504/291/175 466/290/175 465/289/175
f 101/279/255 100/278/254 128/292/262
f 462/293/263 101/279/255 128/292/262
f 142/294/264 128/292/262 100/278/254
f 127/295/265 462/293/263 128/292/262
f 105/296/266 128/292/262 142/294/264
f 127/295/265 128/292/262 105/296/266
f 142/294/264 106/297/267 105/296/266
f 140/298/268 127/295/265 105/296/266
f 106/297/267 107/299/269 105/296/266
f 105/296/266 107/299/269 140/298/268
f 107/299/269 136/300/270 140/298/268
f 107/299/269 106/297/267 141/301/271
f 136/300/270 107/299/269 135/302/272
f 135/302/272 107/299/269 141/301/271
f 168/303/273 136/300/270 135/302/272
f 168/303/273 135/302/272 167/304/274
f 475/305/275 168/303/273 167/304/274
f 167/304/274 135/302/272 488/306/276
f 141/301/271 488/306/276 135/302/272
f 141/301/271 246/307/14 488/306/276
f 247/308/277 246/307/14 141/301/271
f 246/307/14 247/308/277 245/309/14
f 487/310/278 245/309/14 247/308/277
f 486/311/279 487/310/278 247/308/277
f 383/312/280 487/310/278 486/311/279
f 486/311/279 384/313/281 383/312/280
f 384/313/281 385/314/282 383/312/280
f 103/315/283 104/316/284 102/317/285
f 104/316/284 103/315/283 272/318/286
f 191/319/287 104/316/284 272/318/286
f 103/315/283 119/320/288 272/318/286
f 119/320/288 273/321/289 272/318/286
f 118/322/290 103/315/283 102/317/285
f 119/320/288 103/315/283 118/322/290
f 102/317/285 194/323/291 118/322/290
f 194/323/291 264/324/292 118/322/290
f 102/317/285 195/325/293 194/323/291
f 195/325/293 102/317/285 104/316/284
f 195/325/293 196/326/294 194/323/291
f 118/322/290 264/324/292 263/327/295
f 263/327/295 119/320/288 118/322/290
f 264/324/292 265/328/296 263/327/295
f 263/327/295 265/328/296 125/329/297
f 263/327/295 125/329/297 119/320/288
f 265/328/296 266/330/298 125/329/297
f 196/326/294 195/325/293 149/331/299
f 198/332/300 196/326/294 149/331/299
f 150/333/301 195/325/293 104/316/284
f 195/325/293 150/333/301 149/331/299
f 150/333/301 104/316/284 191/319/287
f 129/334/302 125/329/297 266/330/298
f 151/335/303 150/333/301 191/319/287
f 150/333/301 151/335/303 149/331/299
f 192/336/304 151/335/303 191/319/287
f 199/337/305 129/334/302 266/330/298
f 197/338/306 149/331/299 151/335/303
f 197/338/306 198/332/300 149/331/299
f 192/336/304 193/339/307 151/335/303
f 193/339/307 197/338/306 151/335/303
f 193/339/307 192/336/304 278/340/308
f 271/341/309 198/332/300 197/338/306
f 147/342/310 193/339/307 278/340/308
f 197/338/306 193/339/307 147/342/310
f 278/340/308 277/343/311 147/342/310
f 146/344/312 271/341/309 197/338/306
f 146/344/312 197/338/306 147/342/310
f 277/343/311 145/345/313 147/342/310
f 146/344/312 147/342/310 145/345/313
f 145/345/313 277/343/311 276/346/314
f 146/344/312 144/347/315 271/341/309
f 144/347/315 146/344/312 145/345/313
f 144/347/315 270/348/316 271/341/309
f 143/349/317 145/345/313 276/346/314
f 144/347/315 145/345/313 143/349/317
f 143/349/317 276/346/314 284/350/318
f 270/348/316 144/347/315 137/351/319
f 137/351/319 144/347/315 143/349/317
f 268/352/320 270/348/316 137/351/319
f 267/353/321 268/352/320 137/351/319
f 138/354/322 143/349/317 284/350/318
f 143/349/317 138/354/322 137/351/319
f 284/350/318 205/355/323 138/354/322
f 139/356/324 267/353/321 137/351/319
f 138/354/322 139/356/324 137/351/319
f 269/357/325 267/353/321 139/356/324
f 205/355/323 158/358/326 138/354/322
f 206/359/327 158/358/326 205/355/323
f 139/356/324 138/354/322 157/360/328
f 157/360/328 269/357/325 139/356/324
f 138/354/322 158/358/326 157/360/328
f 207/361/329 269/357/325 157/360/328
f 158/358/326 206/359/327 159/362/330
f 158/358/326 159/362/330 157/360/328
f 159/362/330 207/361/329 157/360/328
f 206/359/327 208/363/331 159/362/330
f 159/362/330 208/363/331 207/361/329
f 114/364/332 115/365/333 113/366/334
f 115/365/333 131/367/335 113/366/334
f 115/365/333 148/368/336 131/367/335
f 148/368/336 115/365/333 114/364/332
f 131/367/335 132/369/337 113/366/334
f 148/368/336 279/370/338 131/367/335
f 279/370/338 148/368/336 281/371/339
f 113/366/334 132/369/337 367/372/340
f 132/369/337 452/373/341 367/372/340
f 367/372/340 452/373/341 454/374/342
f 286/375/343 113/366/334 367/372/340
f 286/375/343 114/364/332 113/366/334
f 376/376/344 367/372/340 454/374/342
f 454/374/342 457/377/345 376/376/344
f 457/377/345 458/378/346 376/376/344
f 458/378/346 378/379/347 376/376/344
f 114/364/332 286/375/343 285/380/348
f 377/381/349 286/375/343 367/372/340
f 377/381/349 367/372/340 376/376/344
f 286/375/343 377/381/349 285/380/348
f 377/381/349 453/382/350 285/380/348
f 280/383/351 114/364/332 285/380/348
f 455/384/352 453/382/350 377/381/349
f 160/385/353 114/364/332 280/383/351
f 283/386/354 160/385/353 280/383/351
f 160/385/353 148/368/336 114/364/332
f 160/385/353 283/386/354 282/387/355
f 379/388/356 455/384/352 377/381/349
f 379/388/356 377/381/349 376/376/344
f 378/379/347 379/388/356 376/376/344
f 455/384/352 379/388/356 459/389/357
f 379/388/356 378/379/347 459/389/357
f 161/390/358 148/368/336 160/385/353
f 148/368/336 161/390/358 281/371/339
f 290/391/359 281/371/339 161/390/358
f 474/392/360 290/391/359 161/390/358
f 474/392/360 161/390/358 162/393/361
f 163/394/362 161/390/358 160/385/353
f 161/390/358 163/394/362 162/393/361
f 163/394/362 160/385/353 282/387/355
f 291/395/363 162/393/361 163/394/362
f 282/387/355 291/395/363 163/394/362
f 125/329/297 126/396/364 119/320/288
f 119/320/288 126/396/364 273/321/289
f 126/396/364 275/397/365 273/321/289
f 125/329/297 129/334/302 126/396/364
f 275/397/365 126/396/364 130/398/366
f 129/334/302 130/398/366 126/396/364
f 200/399/367 275/397/365 130/398/366
f 166/400/368 130/398/366 129/334/302
f 130/398/366 166/400/368 200/399/367
f 164/401/369 166/400/368 129/334/302
f 164/401/369 129/334/302 199/337/305
f 200/399/367 166/400/368 165/402/370
f 165/402/370 166/400/368 164/401/369
f 204/403/371 200/399/367 165/402/370
f 202/404/372 164/401/369 199/337/305
f 202/404/372 165/402/370 164/401/369
f 203/405/373 202/404/372 199/337/305
f 204/403/371 165/402/370 172/406/374
f 172/406/374 165/402/370 202/404/372
f 204/403/371 172/406/374 171/407/375
f 202/404/372 203/405/373 201/408/376
f 201/408/376 172/406/374 202/404/372
f 203/405/373 406/409/377 201/408/376
f 201/408/376 405/410/378 172/406/374
f 406/409/377 405/410/378 201/408/376
f 172/406/374 173/411/379 171/407/375
f 405/410/378 173/411/379 172/406/374
f 406/409/377 407/412/380 405/410/378
f 405/410/378 407/412/380 173/411/379
f 407/412/380 406/409/377 402/413/381
f 380/414/382 171/407/375 173/411/379
f 407/412/380 380/414/382 173/411/379
f 171/407/375 380/414/382 403/415/383
f 381/416/384 407/412/380 402/413/381
f 407/412/380 381/416/384 380/414/382
f 358/417/385 381/416/384 402/413/381
f 381/416/384 382/418/386 380/414/382
f 380/414/382 382/418/386 403/415/383
f 381/416/384 358/417/385 382/418/386
f 382/418/386 404/419/387 403/415/383
f 358/417/385 404/419/387 382/418/386
f 403/415/383 404/419/387 448/420/388
f 358/417/385 402/413/381 451/421/389
f 404/419/387 357/422/390 448/420/388
f 404/419/387 358/417/385 357/422/390
f 447/423/391 448/420/388 357/422/390
f 355/424/392 358/417/385 451/421/389
f 358/417/385 355/424/392 357/422/390
f 451/421/389 441/425/393 355/424/392
f 348/426/394 447/423/391 357/422/390
f 357/422/390 355/424/392 348/426/394
f 441/425/393 356/427/395 355/424/392
f 355/424/392 356/427/395 348/426/394
f 441/425/393 440/428/396 356/427/395
f 446/429/397 447/423/391 348/426/394
f 440/428/396 349/430/398 356/427/395
f 356/427/395 349/430/398 348/426/394
f 440/428/396 399/431/399 349/430/398
f 340/432/400 446/429/397 348/426/394
f 349/430/398 340/432/400 348/426/394
f 399/431/399 341/433/401 349/430/398
f 349/430/398 341/433/401 340/432/400
f 340/432/400 342/434/402 446/429/397
f 341/433/401 342/434/402 340/432/400
f 342/434/402 396/435/403 446/429/397
f 400/436/404 341/433/401 399/431/399
f 342/434/402 341/433/401 400/436/404
f 442/437/405 400/436/404 399/431/399
f 342/434/402 368/438/406 396/435/403
f 368/438/406 342/434/402 400/436/404
f 369/439/407 400/436/404 442/437/405
f 400/436/404 369/439/407 368/438/406
f 401/440/408 369/439/407 442/437/405
f 368/438/406 370/441/409 396/435/403
f 369/439/407 370/441/409 368/438/406
f 370/441/409 398/442/410 396/435/403
f 401/440/408 366/443/411 369/439/407
f 370/441/409 369/439/407 366/443/411
f 397/444/412 398/442/410 370/441/409
f 397/444/412 370/441/409 366/443/411
f 450/445/413 398/442/410 397/444/412
f 401/440/408 445/446/414 366/443/411
f 365/447/415 450/445/413 397/444/412
f 397/444/412 366/443/411 365/447/415
f 449/448/416 450/445/413 365/447/415
f 445/446/414 363/449/417 366/443/411
f 366/443/411 363/449/417 365/447/415
f 360/450/418 363/449/417 445/446/414
f 501/451/419 360/450/418 445/446/414
f 365/447/415 363/449/417 362/452/420
f 362/452/420 449/448/416 365/447/415
f 363/449/417 360/450/418 362/452/420
f 456/453/421 449/448/416 362/452/420
f 501/451/419 443/454/422 360/450/418
f 359/455/423 456/453/421 362/452/420
f 362/452/420 360/450/418 359/455/423
f 456/453/421 359/455/423 408/456/424
f 443/454/422 361/457/425 360/450/418
f 360/450/418 361/457/425 359/455/423
f 443/454/422 444/458/426 361/457/425
f 444/458/426 374/459/427 361/457/425
f 359/455/423 361/457/425 374/459/427
f 444/458/426 410/460/428 374/459/427
f 359/455/423 375/461/429 408/456/424
f 375/461/429 359/455/423 374/459/427
f 375/461/429 409/462/430 408/456/424
f 410/460/428 412/463/431 374/459/427
f 412/463/431 375/461/429 374/459/427
f 409/462/430 375/461/429 412/463/431
f 411/464/432 412/463/431 410/460/428
f 411/464/432 409/462/430 412/463/431
f 299/465/433 300/466/434 298/72/70
f 299/465/433 298/72/70 414/467/435
f 299/465/433 413/468/436 300/466/434
f 299/465/433 414/467/435 413/468/436
f 419/469/437 298/72/70 300/466/434
f 298/72/70 419/469/437 331/68/66
f 395/66/64 331/68/66 419/469/437
f 414/467/435 298/72/70 492/470/438
f 413/468/436 332/471/439 300/466/434
f 419/469/437 300/466/434 332/471/439
f 419/469/437 364/472/440 395/66/64
f 364/472/440 419/469/437 332/471/439
f 364/472/440 320/473/441 395/66/64
f 395/66/64 320/473/441 394/474/442
f 364/472/440 332/471/439 334/475/443
f 413/468/436 333/476/444 332/471/439
f 333/476/444 334/475/443 332/471/439
f 321/477/445 364/472/440 334/475/443
f 364/472/440 321/477/445 320/473/441
f 334/475/443 418/478/446 321/477/445
f 418/478/446 334/475/443 333/476/444
f 418/478/446 393/479/447 321/477/445
f 415/480/448 418/478/446 333/476/444
f 322/481/449 321/477/445 393/479/447
f 321/477/445 322/481/449 320/473/441
f 394/474/442 320/473/441 322/481/449
f 435/482/450 322/481/449 393/479/447
f 434/483/451 394/474/442 322/481/449
f 322/481/449 435/482/450 434/483/451
f 435/482/450 436/484/452 434/483/451
f 333/476/444 416/485/453 415/480/448
f 416/485/453 417/486/454 415/480/448
f 417/486/454 416/485/453 428/487/455
f 319/488/456 416/485/453 333/476/444
f 413/468/436 319/488/456 333/476/444
f 414/467/435 319/488/456 413/468/436
f 416/485/453 318/489/457 428/487/455
f 416/485/453 319/488/456 318/489/457
f 428/487/455 318/489/457 422/490/458
f 317/491/459 319/488/456 414/467/435
f 319/488/456 317/491/459 318/489/457
f 318/489/457 316/492/460 422/490/458
f 318/489/457 317/491/459 316/492/460
f 422/490/458 316/492/460 421/493/461
f 316/492/460 309/494/462 421/493/461
f 316/492/460 310/495/463 309/494/462
f 317/491/459 310/495/463 316/492/460
f 310/495/463 311/496/464 309/494/462
f 312/497/465 317/491/459 414/467/435
f 317/491/459 312/497/465 310/495/463
f 312/497/465 414/467/435 492/470/438
f 492/470/438 313/498/466 312/497/465
f 312/497/465 306/499/467 310/495/463
f 313/498/466 306/499/467 312/497/465
f 310/495/463 306/499/467 311/496/464
f 313/498/466 307/500/468 306/499/467
f 306/499/467 308/501/469 311/496/464
f 307/500/468 308/501/469 306/499/467
f 469/502/26 470/503/26 468/504/26
f 470/503/26 469/502/26 513/505/26
f 512/506/26 513/505/26 469/502/26
f 508/507/26 468/504/26 470/503/26
f 469/502/26 468/504/26 510/508/26
f 509/509/26 510/508/26 468/504/26
f 511/510/26 510/508/26 509/509/26
f 468/504/26 508/507/26 506/511/26
f 508/507/26 515/512/26 506/511/26
f 514/513/26 515/512/26 508/507/26
f 507/514/26 506/511/26 515/512/26
f 506/511/26 507/514/26 505/515/26
f 517/516/175 518/517/175 516/518/175
f 729/519/175 517/516/175 516/518/175
f 518/517/175 517/516/175 732/520/175
f 732/520/175 517/516/175 731/521/175
f 730/522/175 731/521/175 517/516/175
f 518/517/175 721/523/175 516/518/175
f 720/524/175 721/523/175 518/517/175
f 721/523/175 725/525/175 516/518/175
f 728/526/175 516/518/175 725/525/175
f 723/527/175 725/525/175 721/523/175
f 722/528/175 723/527/175 721/523/175
f 724/529/175 725/525/175 723/527/175
f 726/530/175 725/525/175 724/529/175
f 727/531/175 725/525/175 726/530/175
f 520/532/470 521/533/471 519/534/472
f 521/533/471 520/532/470 587/535/473
f 519/534/472 540/536/474 520/532/470
f 519/534/472 521/533/471 523/537/475
f 522/538/476 519/534/472 523/537/475
f 521/533/471 795/539/477 523/537/475
f 795/539/477 521/533/471 587/535/473
f 540/536/474 542/540/478 520/532/470
f 520/532/470 542/540/478 587/535/473
f 795/539/477 587/535/473 930/541/479
f 931/542/480 795/539/477 930/541/479
f 930/541/479 587/535/473 818/543/481
f 796/544/482 795/539/477 931/542/480
f 795/539/477 796/544/482 523/537/475
f 927/545/483 796/544/482 931/542/480
f 587/535/473 588/546/484 818/543/481
f 542/540/478 588/546/484 587/535/473
f 817/547/485 818/543/481 588/546/484
f 542/540/478 541/548/486 588/546/484
f 541/548/486 542/540/478 540/536/474
f 803/549/487 817/547/485 588/546/484
f 541/548/486 803/549/487 588/546/484
f 817/547/485 803/549/487 932/550/488
f 803/549/487 804/551/489 932/550/488
f 804/551/489 803/549/487 541/548/486
f 932/550/488 804/551/489 926/552/490
f 541/548/486 540/536/474 539/553/491
f 539/553/491 804/551/489 541/548/486
f 540/536/474 537/554/492 539/553/491
f 804/551/489 801/555/493 926/552/490
f 804/551/489 539/553/491 801/555/493
f 538/556/494 539/553/491 537/554/492
f 539/553/491 538/556/494 801/555/493
f 537/554/492 534/557/495 538/556/494
f 926/552/490 801/555/493 802/558/496
f 1404/559/497 926/552/490 802/558/496
f 1404/559/497 802/558/496 923/560/498
f 538/556/494 536/561/499 801/555/493
f 536/561/499 802/558/496 801/555/493
f 534/557/495 536/561/499 538/556/494
f 802/558/496 800/562/500 923/560/498
f 802/558/496 536/561/499 800/562/500
f 535/563/501 536/561/499 534/557/495
f 536/561/499 535/563/501 800/562/500
f 533/564/502 535/563/501 534/557/495
f 535/563/501 533/564/502 800/562/500
f 531/565/503 533/564/502 534/557/495
f 923/560/498 800/562/500 809/566/504
f 533/564/502 809/566/504 800/562/500
f 933/567/505 923/560/498 809/566/504
f 532/568/506 533/564/502 531/565/503
f 533/564/502 532/568/506 809/566/504
f 933/567/505 809/566/504 808/569/507
f 532/568/506 808/569/507 809/566/504
f 1405/570/508 933/567/505 808/569/507
f 1405/570/508 808/569/507 928/571/509
f 532/568/506 531/565/503 530/572/510
f 531/565/503 528/573/511 530/572/510
f 807/574/512 808/569/507 532/568/506
f 808/569/507 807/574/512 928/571/509
f 530/572/510 807/574/512 532/568/506
f 529/575/513 530/572/510 528/573/511
f 530/572/510 529/575/513 807/574/512
f 528/573/511 525/576/514 529/575/513
f 928/571/509 807/574/512 824/577/515
f 529/575/513 824/577/515 807/574/512
f 1406/578/516 928/571/509 824/577/515
f 1406/578/516 824/577/515 929/579/517
f 824/577/515 810/580/518 929/579/517
f 824/577/515 529/575/513 810/580/518
f 929/579/517 810/580/518 925/581/519
f 525/576/514 527/582/520 529/575/513
f 529/575/513 527/582/520 810/580/518
f 810/580/518 793/583/521 925/581/519
f 810/580/518 527/582/520 793/583/521
f 925/581/519 793/583/521 924/584/522
f 526/585/523 527/582/520 525/576/514
f 527/582/520 526/585/523 793/583/521
f 525/576/514 522/538/476 526/585/523
f 522/538/476 524/586/524 526/585/523
f 526/585/523 524/586/524 793/583/521
f 523/537/475 524/586/524 522/538/476
f 524/586/524 523/537/475 796/544/482
f 524/586/524 794/587/525 793/583/521
f 794/587/525 524/586/524 796/544/482
f 793/583/521 794/587/525 924/584/522
f 794/587/525 796/544/482 927/545/483
f 924/584/522 794/587/525 927/545/483
f 544/588/526 545/589/527 543/590/527
f 1389/591/526 544/588/526 543/590/527
f 1389/591/526 768/592/26 544/588/526
f 543/590/527 545/589/527 549/593/528
f 768/592/26 651/594/26 544/588/526
f 768/592/26 627/595/529 651/594/26
f 544/588/526 686/596/530 545/589/527
f 544/588/526 651/594/26 686/596/530
f 545/589/527 550/597/528 549/593/528
f 627/595/529 629/598/529 651/594/26
f 545/589/527 935/599/531 550/597/528
f 686/596/530 935/599/531 545/589/527
f 550/597/528 624/600/252 549/593/528
f 624/600/252 958/601/252 549/593/528
f 958/601/252 624/600/252 959/602/532
f 628/603/533 629/598/529 627/595/529
f 641/604/533 628/603/533 627/595/529
f 935/599/531 934/605/534 550/597/528
f 550/597/528 934/605/534 624/600/252
f 934/605/534 935/599/531 779/606/535
f 935/599/531 686/596/530 779/606/535
f 686/596/530 780/607/536 779/606/535
f 689/608/537 934/605/534 779/606/535
f 780/607/536 686/596/530 670/609/538
f 934/605/534 689/608/537 688/610/539
f 934/605/534 688/610/539 624/600/252
f 689/608/537 690/611/540 688/610/539
f 688/610/539 690/611/540 786/612/541
f 625/613/542 688/610/539 786/612/541
f 688/610/539 625/613/542 624/600/252
f 625/613/542 786/612/541 781/614/543
f 686/596/530 687/615/544 670/609/538
f 651/594/26 687/615/544 686/596/530
f 651/594/26 629/598/529 687/615/544
f 687/615/544 671/616/545 670/609/538
f 629/598/529 671/616/545 687/615/544
f 671/616/545 672/617/546 670/609/538
f 629/598/529 628/603/533 671/616/545
f 671/616/545 685/618/547 672/617/546
f 628/603/533 685/618/547 671/616/545
f 685/618/547 665/619/548 672/617/546
f 628/603/533 642/620/549 685/618/547
f 642/620/549 628/603/533 641/604/533
f 772/621/549 642/620/549 641/604/533
f 685/618/547 666/622/550 665/619/548
f 642/620/549 666/622/550 685/618/547
f 666/622/550 667/623/551 665/619/548
f 556/624/231 642/620/549 772/621/549
f 642/620/549 556/624/231 666/622/550
f 554/625/231 556/624/231 772/621/549
f 666/622/550 775/626/552 667/623/551
f 556/624/231 775/626/552 666/622/550
f 775/626/552 777/627/553 667/623/551
f 776/628/554 777/627/553 775/626/552
f 555/629/555 556/624/231 554/625/231
f 556/624/231 555/629/555 775/626/552
f 765/630/555 555/629/555 554/625/231
f 675/631/556 776/628/554 775/626/552
f 555/629/555 675/631/556 775/626/552
f 776/628/554 675/631/556 674/632/557
f 702/633/558 555/629/555 765/630/555
f 555/629/555 702/633/558 675/631/556
f 701/634/558 702/633/558 765/630/555
f 675/631/556 676/635/559 674/632/557
f 702/633/558 676/635/559 675/631/556
f 563/636/560 702/633/558 701/634/558
f 702/633/558 563/636/560 676/635/559
f 961/637/560 563/636/560 701/634/558
f 563/636/560 961/637/560 960/638/561
f 1390/639/561 563/636/560 960/638/561
f 1390/639/561 564/640/562 563/636/560
f 676/635/559 565/641/563 674/632/557
f 563/636/560 565/641/563 676/635/559
f 564/640/562 565/641/563 563/636/560
f 565/641/563 680/642/564 674/632/557
f 565/641/563 564/640/562 680/642/564
f 564/640/562 681/643/565 680/642/564
f 547/644/566 548/645/566 546/646/567
f 911/647/567 547/644/566 546/646/567
f 911/647/567 546/646/567 714/648/568
f 713/649/568 911/647/567 714/648/568
f 713/649/568 714/648/568 634/650/569
f 633/651/569 713/649/568 634/650/569
f 633/651/569 634/650/569 632/652/252
f 631/653/252 633/651/569 632/652/252
f 631/653/252 632/652/252 630/654/570
f 717/655/570 631/653/252 630/654/570
f 717/655/570 630/654/570 646/656/571
f 645/657/571 717/655/570 646/656/571
f 645/657/571 646/656/571 644/658/572
f 655/659/572 645/657/571 644/658/572
f 655/659/572 644/658/572 654/660/26
f 707/661/26 655/659/572 654/660/26
f 707/661/26 654/660/26 706/662/573
f 643/663/573 707/661/26 706/662/573
f 706/662/573 576/664/533 643/663/573
f 576/664/533 575/665/533 643/663/573
f 575/665/533 576/664/533 574/666/574
f 869/667/574 575/665/533 574/666/574
f 585/668/231 869/667/574 574/666/574
f 586/669/231 585/668/231 574/666/574
f 585/668/231 586/669/231 573/670/575
f 572/671/575 585/668/231 573/670/575
f 572/671/575 573/670/575 559/672/576
f 558/673/576 572/671/575 559/672/576
f 558/673/576 559/672/576 557/674/577
f 653/675/577 558/673/576 557/674/577
f 653/675/577 557/674/577 652/676/561
f 1393/677/561 653/675/577 652/676/561
f 552/678/578 553/679/579 551/680/580
f 553/679/579 552/678/578 781/614/543
f 657/681/581 553/679/579 781/614/543
f 552/678/578 625/613/542 781/614/543
f 553/679/579 657/681/581 656/682/582
f 551/680/580 553/679/579 656/682/582
f 657/681/581 658/683/583 656/682/582
f 578/684/566 551/680/580 656/682/582
f 551/680/580 578/684/566 577/685/566
f 962/686/580 551/680/580 577/685/566
f 551/680/580 962/686/580 766/687/584
f 767/688/584 552/678/578 551/680/580
f 767/688/584 551/680/580 766/687/584
f 625/613/542 552/678/578 767/688/584
f 626/689/532 767/688/584 766/687/584
f 626/689/532 625/613/542 767/688/584
f 959/602/532 626/689/532 766/687/584
f 625/613/542 626/689/532 624/600/252
f 624/600/252 626/689/532 959/602/532
f 561/690/584 562/691/580 560/692/585
f 560/692/585 562/691/580 649/693/586
f 562/691/580 650/694/566 649/693/586
f 560/692/585 649/693/586 778/681/587
f 649/693/586 789/683/588 778/681/587
f 663/695/589 561/690/584 560/692/585
f 560/692/585 778/681/587 663/695/589
f 778/681/587 664/614/590 663/695/589
f 716/696/532 561/690/584 663/695/589
f 663/695/589 664/614/590 662/612/591
f 715/697/592 716/696/532 663/695/589
f 715/697/592 663/695/589 662/612/591
f 712/698/252 716/696/532 715/697/592
f 715/697/592 662/612/591 679/699/593
f 679/699/593 712/698/252 715/697/592
f 662/612/591 677/611/594 679/699/593
f 711/700/528 712/698/252 679/699/593
f 678/701/595 679/699/593 677/611/594
f 678/701/595 711/700/528 679/699/593
f 788/608/596 678/701/595 677/611/594
f 908/702/527 711/700/528 678/701/595
f 678/701/595 788/608/596 784/606/597
f 785/703/598 908/702/527 678/701/595
f 785/703/598 678/701/595 784/606/597
f 696/704/526 908/702/527 785/703/598
f 694/705/599 785/703/598 784/606/597
f 694/705/599 696/704/526 785/703/598
f 787/607/600 694/705/599 784/606/597
f 695/706/26 696/704/526 694/705/599
f 700/707/601 694/705/599 787/607/600
f 700/707/601 695/706/26 694/705/599
f 783/609/602 700/707/601 787/607/600
f 569/708/529 695/706/26 700/707/601
f 700/707/601 783/609/602 782/709/603
f 782/709/603 569/708/529 700/707/601
f 783/609/602 668/617/604 782/709/603
f 782/709/603 570/710/605 569/708/529
f 782/709/603 668/617/604 570/710/605
f 570/710/605 571/711/533 569/708/529
f 668/617/604 669/619/606 570/710/605
f 570/710/605 773/712/607 571/711/533
f 570/710/605 669/619/606 773/712/607
f 773/712/607 898/713/549 571/711/533
f 669/619/606 774/623/608 773/712/607
f 647/714/231 898/713/549 773/712/607
f 773/712/607 774/623/608 660/715/609
f 660/715/609 647/714/231 773/712/607
f 774/623/608 661/627/610 660/715/609
f 660/715/609 661/627/610 659/628/611
f 660/715/609 648/716/612 647/714/231
f 648/716/612 660/715/609 659/628/611
f 648/716/612 566/717/555 647/714/231
f 648/716/612 659/628/611 567/718/613
f 648/716/612 567/718/613 566/717/555
f 659/628/611 673/632/614 567/718/613
f 567/718/613 568/719/558 566/717/555
f 567/718/613 673/632/614 761/720/615
f 567/718/613 761/720/615 568/719/558
f 761/720/615 763/721/560 568/719/558
f 762/722/561 763/721/560 761/720/615
f 673/632/614 622/642/616 761/720/615
f 621/723/617 762/722/561 761/720/615
f 761/720/615 622/642/616 621/723/617
f 622/642/616 623/643/618 621/723/617
f 580/602/619 581/687/620 579/649/621
f 596/651/622 580/602/619 579/649/621
f 579/649/621 581/687/620 604/647/623
f 580/602/619 596/651/622 595/601/624
f 581/687/620 605/686/623 604/647/623
f 604/647/623 605/686/623 615/644/625
f 605/686/623 616/685/625 615/644/625
f 596/651/622 597/653/624 595/601/624
f 595/601/624 597/653/624 614/593/626
f 597/653/624 610/655/627 614/593/626
f 614/593/626 610/655/627 609/590/628
f 610/655/627 611/657/629 609/590/628
f 609/590/628 611/657/629 612/591/630
f 611/657/629 613/659/630 612/591/630
f 612/591/630 613/659/630 594/592/631
f 613/659/630 592/661/631 594/592/631
f 593/595/632 594/592/631 592/661/631
f 617/663/632 593/595/632 592/661/631
f 618/604/633 593/595/632 617/663/632
f 1391/665/634 618/604/633 617/663/632
f 1391/665/634 620/667/635 618/604/633
f 620/667/635 589/621/636 618/604/633
f 620/667/635 590/668/637 589/621/636
f 590/668/637 591/625/637 589/621/636
f 590/668/637 871/671/638 591/625/637
f 871/671/638 598/630/639 591/625/637
f 871/671/638 599/673/640 598/630/639
f 599/673/640 600/634/641 598/630/639
f 599/673/640 619/675/642 600/634/641
f 619/675/642 601/637/642 600/634/641
f 619/675/642 602/677/643 601/637/642
f 602/677/643 603/638/643 601/637/642
f 583/724/644 584/725/26 582/726/26
f 770/727/644 583/724/644 582/726/26
f 582/726/26 584/725/26 867/728/645
f 583/724/644 770/727/644 769/729/571
f 584/725/26 862/730/645 867/728/645
f 770/727/644 771/731/571 769/729/571
f 867/728/645 862/730/645 861/732/646
f 769/729/571 771/731/571 870/733/528
f 862/730/645 852/734/646 861/732/646
f 771/731/571 865/735/528 870/733/528
f 861/732/646 852/734/646 851/736/549
f 870/733/528 865/735/528 859/737/252
f 852/734/646 853/738/549 851/736/549
f 865/735/528 866/739/252 859/737/252
f 851/736/549 853/738/549 854/740/231
f 866/739/252 860/741/532 859/737/252
f 853/738/549 855/742/231 854/740/231
f 860/741/532 857/743/532 859/737/252
f 854/740/231 855/742/231 868/744/555
f 860/741/532 858/745/568 857/743/532
f 872/746/555 854/740/231 868/744/555
f 858/745/568 848/747/568 857/743/532
f 872/746/555 868/744/555 864/748/647
f 858/745/568 849/749/648 848/747/568
f 863/750/647 872/746/555 864/748/647
f 849/749/648 850/751/648 848/747/568
f 856/752/649 850/751/648 849/749/648
f 1402/753/649 856/752/649 849/749/648
f 863/750/647 864/748/647 636/754/650
f 1392/755/650 863/750/647 636/754/650
f 1392/755/650 636/754/650 635/756/651
f 636/754/650 637/757/651 635/756/651
f 607/702/652 608/704/653 606/758/654
f 733/759/655 607/702/652 606/758/654
f 606/758/654 608/704/653 747/760/656
f 734/700/657 607/702/652 733/759/655
f 608/704/653 760/706/658 747/760/656
f 749/761/659 734/700/657 733/759/655
f 760/706/658 748/708/660 747/760/656
f 737/698/661 734/700/657 749/761/659
f 748/708/660 744/762/662 747/760/656
f 735/763/661 737/698/661 749/761/659
f 748/708/660 745/711/663 744/762/662
f 736/696/664 737/698/661 735/763/661
f 745/711/663 746/764/665 744/762/662
f 753/765/666 736/696/664 735/763/661
f 745/711/663 755/713/667 746/764/665
f 736/696/664 753/765/666 752/690/668
f 755/713/667 691/766/669 746/764/665
f 753/765/666 754/767/670 752/690/668
f 755/713/667 692/714/671 691/766/669
f 752/690/668 754/767/670 742/768/672
f 692/714/671 693/769/671 691/766/669
f 1397/691/673 752/690/668 742/768/672
f 1397/691/673 742/768/672 741/694/674
f 742/768/672 743/770/675 741/694/674
f 692/714/671 750/717/676 693/769/671
f 750/717/676 751/771/677 693/769/671
f 738/772/678 751/771/677 750/717/676
f 1396/719/679 738/772/678 750/717/676
f 1396/719/679 739/721/680 738/772/678
f 739/721/680 740/773/681 738/772/678
f 756/774/682 740/773/681 739/721/680
f 1398/722/683 756/774/682 739/721/680
f 639/775/572 640/776/26 638/777/26
f 718/778/572 639/775/572 638/777/26
f 638/777/26 640/776/26 764/779/573
f 719/780/571 639/775/572 718/778/572
f 640/776/26 704/781/573 764/779/573
f 1395/782/571 719/780/571 718/778/572
f 764/779/573 704/781/573 703/783/533
f 1395/782/571 899/784/570 719/780/571
f 704/781/573 705/785/533 703/783/533
f 899/784/570 900/786/570 719/780/571
f 703/783/533 705/785/533 913/787/574
f 699/788/252 900/786/570 899/784/570
f 705/785/533 912/789/574 913/787/574
f 697/790/252 699/788/252 899/784/570
f 913/787/574 912/789/574 909/791/231
f 698/792/569 699/788/252 697/790/252
f 912/789/574 910/793/231 909/791/231
f 901/794/569 698/792/569 697/790/252
f 909/791/231 910/793/231 710/795/575
f 902/796/568 698/792/569 901/794/569
f 709/797/575 909/791/231 710/795/575
f 903/798/568 902/796/568 901/794/569
f 709/797/575 710/795/575 708/799/576
f 799/800/567 902/796/568 903/798/568
f 1394/801/576 709/797/575 708/799/576
f 797/802/567 799/800/567 903/798/568
f 798/803/566 799/800/567 797/802/567
f 1399/804/566 798/803/566 797/802/567
f 1394/801/576 708/799/576 907/805/577
f 708/799/576 905/806/577 907/805/577
f 907/805/577 905/806/577 904/807/561
f 905/806/577 906/808/561 904/807/561
f 683/777/684 684/725/684 682/724/685
f 684/725/684 683/777/684 846/730/686
f 823/778/687 683/777/684 682/724/685
f 683/777/684 847/779/688 846/730/686
f 823/778/687 682/724/685 822/729/689
f 847/779/688 897/783/690 846/730/686
f 888/782/691 823/778/687 822/729/689
f 897/783/690 814/734/692 846/730/686
f 888/782/691 822/729/689 827/733/693
f 897/783/690 815/787/694 814/734/692
f 826/784/695 888/782/691 827/733/693
f 815/787/694 816/738/696 814/734/692
f 826/784/695 827/733/693 825/737/697
f 813/742/698 816/738/696 815/787/694
f 832/790/699 826/784/695 825/737/697
f 811/791/700 813/742/698 815/787/694
f 831/794/701 832/790/699 825/737/697
f 812/744/702 813/742/698 811/791/700
f 880/743/703 831/794/701 825/737/697
f 838/797/704 812/744/702 811/791/700
f 831/794/701 880/743/703 879/747/705
f 812/744/702 838/797/704 837/748/706
f 895/798/707 831/794/701 879/747/705
f 838/797/704 839/801/708 837/748/706
f 895/798/707 879/747/705 877/751/709
f 885/754/710 837/748/706 839/801/708
f 1403/802/709 895/798/707 877/751/709
f 1403/802/709 877/751/709 876/804/711
f 877/751/709 878/752/711 876/804/711
f 890/805/712 885/754/710 839/801/708
f 885/754/710 890/805/712 889/757/713
f 890/805/712 891/807/714 889/757/713
f 758/654/715 759/735/715 757/731/716
f 836/656/717 758/654/715 757/731/716
f 758/654/715 893/652/718 759/735/715
f 836/656/717 757/731/716 835/727/719
f 893/652/718 894/739/720 759/735/715
f 896/658/721 836/656/717 835/727/719
f 884/741/722 894/739/720 893/652/718
f 896/658/721 835/727/719 843/726/723
f 883/650/722 884/741/722 893/652/718
f 845/660/723 896/658/721 843/726/723
f 821/745/724 884/741/722 883/650/722
f 844/662/725 845/660/723 843/726/723
f 819/648/726 821/745/724 883/650/722
f 882/728/725 844/662/725 843/726/723
f 820/749/727 821/745/724 819/648/726
f 830/664/728 844/662/725 882/728/725
f 833/646/729 820/749/727 819/648/726
f 834/753/730 820/749/727 833/646/729
f 1400/645/731 834/753/730 833/646/729
f 828/732/732 830/664/728 882/728/725
f 829/666/733 830/664/728 828/732/732
f 886/736/733 829/666/733 828/732/732
f 887/669/734 829/666/733 886/736/733
f 892/740/734 887/669/734 886/736/733
f 875/670/735 887/669/734 892/740/734
f 873/746/736 875/670/735 892/740/734
f 874/672/737 875/670/735 873/746/736
f 881/750/738 874/672/737 873/746/736
f 841/674/739 874/672/737 881/750/738
f 842/755/740 841/674/739 881/750/738
f 841/674/739 842/755/740 840/756/741
f 1401/676/742 841/674/739 840/756/741
f 791/809/743 792/810/744 790/811/745
f 937/812/746 791/809/743 790/811/745
f 937/812/746 790/811/745 805/813/747
f 937/812/746 805/813/747 791/809/743
f 790/811/745 918/814/748 805/813/747
f 805/813/747 918/814/748 917/815/749
f 918/814/748 919/816/750 917/815/749
f 917/815/749 919/816/750 920/817/751
f 917/815/749 920/817/751 805/813/747
f 919/816/750 921/818/752 920/817/751
f 920/817/751 921/818/752 922/819/753
f 920/817/751 806/820/754 805/813/747
f 806/820/754 920/817/751 922/819/753
f 806/820/754 791/809/743 805/813/747
f 806/820/754 922/819/753 936/821/755
f 936/821/755 791/809/743 806/820/754
f 922/819/753 915/822/756 936/821/755
f 914/823/757 791/809/743 936/821/755
f 936/821/755 915/822/756 914/823/757
f 791/809/743 914/823/757 792/810/744
f 915/822/756 916/824/758 914/823/757
f 914/823/757 916/824/758 792/810/744
f 939/825/759 940/826/760 938/827/761
f 940/826/760 945/828/762 938/827/761
f 938/827/761 945/828/762 944/829/763
f 945/828/762 954/830/764 944/829/763
f 944/829/763 954/830/764 953/831/765
f 954/830/764 957/832/765 953/831/765
f 940/826/760 939/825/759 946/833/766
f 939/825/759 955/834/767 946/833/766
f 946/833/766 952/835/768 940/826/760
f 955/834/767 947/836/769 946/833/766
f 946/833/766 941/837/770 952/835/768
f 946/833/766 947/836/769 941/837/770
f 943/838/771 952/835/768 941/837/770
f 947/836/769 950/839/772 941/837/770
f 942/840/773 943/838/771 941/837/770
f 942/840/773 941/837/770 950/839/772
f 943/838/771 942/840/773 951/841/774
f 949/842/775 942/840/773 950/839/772
f 942/840/773 948/843/776 951/841/774
f 942/840/773 949/842/775 948/843/776
f 949/842/775 956/844/777 948/843/776
f 964/845/175 965/846/175 963/847/175
f 1174/848/175 964/845/175 963/847/175
f 965/846/175 964/845/175 1177/849/175
f 1177/849/175 964/845/175 1176/850/175
f 1175/851/175 1176/850/175 964/845/175
f 965/846/175 1166/852/175 963/847/175
f 1165/853/175 1166/852/175 965/846/175
f 1166/852/175 1170/854/175 963/847/175
f 1173/855/175 963/847/175 1170/854/175
f 1168/856/175 1170/854/175 1166/852/175
f 1167/857/175 1168/856/175 1166/852/175
f 1169/858/175 1170/854/175 1168/856/175
f 1171/859/175 1170/854/175 1169/858/175
f 1172/860/175 1170/854/175 1171/859/175
f 967/861/778 968/862/779 966/863/780
f 966/863/780 987/864/781 967/861/778
f 966/863/780 968/862/779 970/865/782
f 969/866/783 966/863/780 970/865/782
f 968/862/779 967/861/778 1033/867/473
f 987/864/781 989/868/478 967/861/778
f 967/861/778 989/868/478 1033/867/473
f 970/865/782 968/862/779 1241/869/784
f 988/870/785 989/868/478 987/864/781
f 1242/871/786 968/862/779 1033/867/473
f 968/862/779 1242/871/786 1241/869/784
f 1375/872/787 1242/871/786 1033/867/473
f 1241/869/784 1242/871/786 1375/872/787
f 1378/873/479 1375/872/787 1033/867/473
f 1371/874/788 1241/869/784 1375/872/787
f 1378/873/479 1033/867/473 1034/875/484
f 989/868/478 1034/875/484 1033/867/473
f 989/868/478 988/870/785 1034/875/484
f 1263/876/481 1378/873/479 1034/875/484
f 1263/876/481 1034/875/484 1249/877/487
f 988/870/785 1249/877/487 1034/875/484
f 1376/878/485 1263/876/481 1249/877/487
f 1376/878/485 1249/877/487 1250/879/789
f 1250/879/789 1249/877/487 988/870/785
f 1424/880/790 1376/878/485 1250/879/789
f 1424/880/790 1250/879/789 1370/881/791
f 986/882/792 1250/879/789 988/870/785
f 988/870/785 987/864/781 986/882/792
f 987/864/781 984/883/793 986/882/792
f 1250/879/789 986/882/792 1247/884/794
f 1250/879/789 1247/884/794 1370/881/791
f 985/885/795 986/882/792 984/883/793
f 986/882/792 985/885/795 1247/884/794
f 984/883/793 981/886/796 985/885/795
f 1370/881/791 1247/884/794 1248/887/496
f 1422/888/497 1370/881/791 1248/887/496
f 1422/888/497 1248/887/496 1367/889/797
f 985/885/795 983/890/798 1247/884/794
f 983/890/798 1248/887/496 1247/884/794
f 981/886/796 983/890/798 985/885/795
f 1248/887/496 1246/891/799 1367/889/797
f 1248/887/496 983/890/798 1246/891/799
f 982/892/800 983/890/798 981/886/796
f 983/890/798 982/892/800 1246/891/799
f 980/893/801 982/892/800 981/886/796
f 982/892/800 980/893/801 1246/891/799
f 978/894/802 980/893/801 981/886/796
f 1367/889/797 1246/891/799 1255/895/803
f 980/893/801 1255/895/803 1246/891/799
f 1377/896/804 1367/889/797 1255/895/803
f 979/897/506 980/893/801 978/894/802
f 980/893/801 979/897/506 1255/895/803
f 1377/896/804 1255/895/803 1254/898/507
f 979/897/506 1254/898/507 1255/895/803
f 1423/899/508 1377/896/804 1254/898/507
f 1423/899/508 1254/898/507 1372/900/509
f 1254/898/507 1253/901/512 1372/900/509
f 1253/901/512 1254/898/507 979/897/506
f 1372/900/509 1253/901/512 1373/902/516
f 979/897/506 978/894/802 977/903/510
f 977/903/510 1253/901/512 979/897/506
f 978/894/802 975/904/805 977/903/510
f 1253/901/512 1269/905/515 1373/902/516
f 1373/902/516 1269/905/515 1374/906/806
f 977/903/510 976/907/513 1253/901/512
f 976/907/513 1269/905/515 1253/901/512
f 976/907/513 977/903/510 975/904/805
f 1269/905/515 1256/908/807 1374/906/806
f 1269/905/515 976/907/513 1256/908/807
f 1374/906/806 1256/908/807 1369/909/808
f 976/907/513 975/904/805 974/910/809
f 976/907/513 974/910/809 1256/908/807
f 975/904/805 972/911/810 974/910/809
f 973/912/811 974/910/809 972/911/810
f 974/910/809 973/912/811 1256/908/807
f 972/911/810 969/866/783 973/912/811
f 1256/908/807 1239/913/812 1369/909/808
f 973/912/811 1239/913/812 1256/908/807
f 1369/909/808 1239/913/812 1368/914/522
f 969/866/783 971/915/813 973/912/811
f 973/912/811 971/915/813 1239/913/812
f 970/865/782 971/915/813 969/866/783
f 971/915/813 970/865/782 1241/869/784
f 971/915/813 1240/916/525 1239/913/812
f 1239/913/812 1240/916/525 1368/914/522
f 1240/916/525 971/915/813 1241/869/784
f 1368/914/522 1240/916/525 1371/874/788
f 1240/916/525 1241/869/784 1371/874/788
f 991/917/526 992/918/814 990/919/814
f 1407/920/526 991/917/526 990/919/814
f 1407/920/526 1213/921/26 991/917/526
f 990/919/814 992/918/814 996/922/570
f 1381/923/570 990/919/814 996/922/570
f 992/918/814 1222/924/815 996/922/570
f 992/918/814 991/917/526 1222/924/815
f 996/922/570 1070/925/252 1381/923/570
f 1070/925/252 1382/926/252 1381/923/570
f 1382/926/252 1070/925/252 1385/927/569
f 1213/921/26 1098/928/26 991/917/526
f 1213/921/26 1073/929/529 1098/928/26
f 1098/928/26 1134/930/544 991/917/526
f 1073/929/529 1075/931/529 1098/928/26
f 1098/928/26 1075/931/529 1134/930/544
f 1074/932/533 1075/931/529 1073/929/529
f 1410/933/533 1074/932/533 1073/929/529
f 1410/933/533 1087/934/574 1074/932/533
f 1134/930/544 1383/935/816 991/917/526
f 991/917/526 1383/935/816 1222/924/815
f 1383/935/816 1134/930/544 1133/936/817
f 1383/935/816 1133/936/817 1222/924/815
f 1134/930/544 1117/937/538 1133/936/817
f 1133/936/817 1223/938/818 1222/924/815
f 1134/930/544 1118/939/545 1117/937/538
f 1075/931/529 1118/939/545 1134/930/544
f 1075/931/529 1074/932/533 1118/939/545
f 1118/939/545 1119/940/546 1117/937/538
f 1137/941/819 1222/924/815 1223/938/818
f 1138/942/820 1137/941/819 1223/938/818
f 1222/924/815 1137/941/819 996/922/570
f 1137/941/819 1138/942/820 1136/943/540
f 1118/939/545 1132/944/821 1119/940/546
f 1074/932/533 1132/944/821 1118/939/545
f 1132/944/821 1112/945/822 1119/940/546
f 996/922/570 1137/941/819 1070/925/252
f 1232/946/539 1137/941/819 1136/943/540
f 1137/941/819 1232/946/539 1070/925/252
f 1232/946/539 1136/943/540 1231/947/823
f 1132/944/821 1113/948/824 1112/945/822
f 1113/948/824 1114/949/825 1112/945/822
f 1074/932/533 1088/950/574 1132/944/821
f 1088/950/574 1113/948/824 1132/944/821
f 1087/934/574 1088/950/574 1074/932/533
f 1220/951/553 1114/949/825 1113/948/824
f 1000/952/231 1088/950/574 1087/934/574
f 1088/950/574 1000/952/231 1113/948/824
f 1408/953/231 1000/952/231 1087/934/574
f 1219/954/552 1220/951/553 1113/948/824
f 1000/952/231 1219/954/552 1113/948/824
f 1121/955/826 1220/951/553 1219/954/552
f 1408/953/231 1001/956/575 1000/952/231
f 1001/956/575 1002/957/575 1000/952/231
f 1384/958/827 1219/954/552 1000/952/231
f 1002/957/575 1384/958/827 1000/952/231
f 1384/958/827 1121/955/826 1219/954/552
f 1149/959/576 1002/957/575 1001/956/575
f 1002/957/575 1149/959/576 1384/958/827
f 1148/960/576 1149/959/576 1001/956/575
f 1384/958/827 1122/961/828 1121/955/826
f 1149/959/576 1122/961/828 1384/958/827
f 1122/961/828 1123/962/829 1121/955/826
f 1122/961/828 1011/963/830 1123/962/829
f 1011/963/830 1122/961/828 1149/959/576
f 1011/963/830 1127/964/831 1123/962/829
f 1009/965/560 1149/959/576 1148/960/576
f 1009/965/560 1011/963/830 1149/959/576
f 1386/966/560 1009/965/560 1148/960/576
f 1011/963/830 1010/967/832 1127/964/831
f 1010/967/832 1011/963/830 1009/965/560
f 1010/967/832 1128/968/833 1127/964/831
f 1387/969/834 1010/967/832 1009/965/560
f 1387/969/834 1009/965/560 1386/966/560
f 1425/970/834 1387/969/834 1386/966/560
f 994/971/567 995/972/566 993/973/566
f 1355/974/567 994/971/567 993/973/566
f 994/971/567 1355/974/567 1160/975/568
f 1159/976/568 994/971/567 1160/975/568
f 1159/976/568 1160/975/568 1080/977/532
f 1079/978/532 1159/976/568 1080/977/532
f 1079/978/532 1080/977/532 1078/979/252
f 1077/980/252 1079/978/532 1078/979/252
f 1077/980/252 1078/979/252 1076/981/528
f 1162/982/528 1077/980/252 1076/981/528
f 1162/982/528 1076/981/528 1093/983/571
f 1092/984/571 1162/982/528 1093/983/571
f 1092/984/571 1093/983/571 1091/985/572
f 1102/986/572 1092/984/571 1091/985/572
f 1102/986/572 1091/985/572 1101/987/26
f 1153/988/26 1102/986/572 1101/987/26
f 1153/988/26 1101/987/26 1089/989/645
f 1090/990/645 1153/988/26 1089/989/645
f 1021/991/646 1090/990/645 1089/989/645
f 1022/992/646 1021/991/646 1089/989/645
f 1021/991/646 1022/992/646 1020/993/549
f 1315/994/549 1021/991/646 1020/993/549
f 1031/995/231 1315/994/549 1020/993/549
f 1032/996/231 1031/995/231 1020/993/549
f 1031/995/231 1032/996/231 1019/997/555
f 1018/998/555 1031/995/231 1019/997/555
f 1018/998/555 1019/997/555 1005/999/647
f 1004/1000/647 1018/998/555 1005/999/647
f 1004/1000/647 1005/999/647 1003/1001/650
f 1100/1002/650 1004/1000/647 1003/1001/650
f 1100/1002/650 1003/1001/650 1099/1003/834
f 1412/1004/834 1100/1002/650 1099/1003/834
f 998/1005/835 999/1006/580 997/1007/836
f 999/1006/580 998/1005/835 1024/1008/566
f 999/1006/580 1024/1008/566 1023/1009/566
f 1388/1010/580 999/1006/580 1023/1009/566
f 997/1007/836 999/1006/580 1388/1010/580
f 998/1005/835 1103/1011/582 1024/1008/566
f 998/1005/835 1104/1012/837 1103/1011/582
f 1104/1012/837 1105/1013/583 1103/1011/582
f 1104/1012/837 998/1005/835 1224/1014/838
f 1212/1015/836 997/1007/836 1388/1010/580
f 998/1005/835 1225/1016/839 1224/1014/838
f 1225/1016/839 998/1005/835 997/1007/836
f 1231/947/823 1224/1014/838 1225/1016/839
f 1071/1017/840 1231/947/823 1225/1016/839
f 1071/1017/840 1225/1016/839 997/1007/836
f 1071/1017/840 1232/946/539 1231/947/823
f 1232/946/539 1071/1017/840 1070/925/252
f 1072/1018/569 1071/1017/840 997/1007/836
f 1072/1018/569 997/1007/836 1212/1015/836
f 1071/1017/840 1072/1018/569 1070/925/252
f 1385/927/569 1072/1018/569 1212/1015/836
f 1070/925/252 1072/1018/569 1385/927/569
f 1007/1019/836 1008/1020/580 1006/1021/585
f 1008/1020/580 1097/1022/566 1096/1023/586
f 1006/1021/585 1008/1020/580 1096/1023/586
f 1006/1021/585 1096/1023/586 1221/1012/841
f 1096/1023/586 1235/1013/588 1221/1012/841
f 1006/1021/585 1221/1012/841 1109/1014/842
f 1111/1024/843 1007/1019/836 1006/1021/585
f 1111/1024/843 1006/1021/585 1109/1014/842
f 1161/1025/569 1007/1019/836 1111/1024/843
f 1110/1026/844 1111/1024/843 1109/1014/842
f 1110/1026/844 1161/1025/569 1111/1024/843
f 1135/947/845 1110/1026/844 1109/1014/842
f 1158/1027/252 1161/1025/569 1110/1026/844
f 1110/1026/844 1135/947/845 1126/1028/593
f 1126/1028/593 1158/1027/252 1110/1026/844
f 1135/947/845 1124/943/594 1126/1028/593
f 1157/1029/570 1158/1027/252 1126/1028/593
f 1125/1030/846 1126/1028/593 1124/943/594
f 1125/1030/846 1157/1029/570 1126/1028/593
f 1234/942/847 1125/1030/846 1124/943/594
f 1352/1031/814 1157/1029/570 1125/1030/846
f 1125/1030/846 1234/942/847 1228/938/848
f 1230/1032/849 1352/1031/814 1125/1030/846
f 1230/1032/849 1125/1030/846 1228/938/848
f 1142/1033/526 1352/1031/814 1230/1032/849
f 1229/1034/599 1230/1032/849 1228/938/848
f 1229/1034/599 1142/1033/526 1230/1032/849
f 1233/936/600 1229/1034/599 1228/938/848
f 1229/1034/599 1233/936/600 1227/937/602
f 1229/1034/599 1143/1035/601 1142/1033/526
f 1143/1035/601 1229/1034/599 1227/937/602
f 1143/1035/601 1144/1036/26 1142/1033/526
f 1015/1037/529 1144/1036/26 1143/1035/601
f 1143/1035/601 1227/937/602 1226/1038/850
f 1226/1038/850 1015/1037/529 1143/1035/601
f 1227/937/602 1115/940/604 1226/1038/850
f 1226/1038/850 1016/1039/851 1015/1037/529
f 1226/1038/850 1115/940/604 1016/1039/851
f 1016/1039/851 1017/1040/533 1015/1037/529
f 1115/940/604 1116/945/852 1016/1039/851
f 1016/1039/851 1217/1041/853 1017/1040/533
f 1016/1039/851 1116/945/852 1217/1041/853
f 1217/1041/853 1342/1042/574 1017/1040/533
f 1116/945/852 1218/949/854 1217/1041/853
f 1094/1043/231 1342/1042/574 1217/1041/853
f 1217/1041/853 1218/949/854 1107/1044/609
f 1107/1044/609 1094/1043/231 1217/1041/853
f 1218/949/854 1108/951/610 1107/1044/609
f 1107/1044/609 1108/951/610 1106/955/855
f 1107/1044/609 1095/1045/856 1094/1043/231
f 1095/1045/856 1107/1044/609 1106/955/855
f 1095/1045/856 1012/1046/575 1094/1043/231
f 1095/1045/856 1106/955/855 1013/1047/857
f 1095/1045/856 1013/1047/857 1012/1046/575
f 1013/1047/857 1014/1048/576 1012/1046/575
f 1106/955/855 1120/962/858 1013/1047/857
f 1210/1049/560 1014/1048/576 1013/1047/857
f 1013/1047/857 1120/962/858 1208/1050/859
f 1208/1050/859 1210/1049/560 1013/1047/857
f 1209/1051/834 1210/1049/560 1208/1050/859
f 1120/962/858 1068/964/860 1208/1050/859
f 1067/1052/617 1209/1051/834 1208/1050/859
f 1208/1050/859 1068/964/860 1067/1052/617
f 1068/964/860 1069/968/618 1067/1052/617
f 1026/927/861 1027/1015/862 1025/976/863
f 1042/978/864 1026/927/861 1025/976/863
f 1025/976/863 1027/1015/862 1050/971/865
f 1026/927/861 1042/978/864 1041/926/866
f 1027/1015/862 1051/1010/623 1050/971/865
f 1050/971/865 1051/1010/623 1061/972/625
f 1051/1010/623 1062/1009/625 1061/972/625
f 1042/978/864 1043/980/866 1041/926/866
f 1041/926/866 1043/980/866 1060/923/867
f 1043/980/866 1056/982/868 1060/923/867
f 1060/923/867 1056/982/868 1055/919/869
f 1056/982/868 1057/984/870 1055/919/869
f 1055/919/869 1057/984/870 1058/920/871
f 1057/984/870 1059/986/630 1058/920/871
f 1058/920/871 1059/986/630 1038/921/631
f 1059/986/630 1064/988/631 1038/921/631
f 1064/988/631 1039/990/872 1038/921/631
f 1039/990/872 1040/929/632 1038/921/631
f 1063/933/873 1040/929/632 1039/990/872
f 1409/991/873 1063/933/873 1039/990/872
f 1409/991/873 1066/994/874 1063/933/873
f 1066/994/874 1035/934/875 1063/933/873
f 1066/994/874 1036/995/876 1035/934/875
f 1036/995/876 1037/953/876 1035/934/875
f 1036/995/876 1317/998/877 1037/953/876
f 1317/998/877 1044/956/878 1037/953/876
f 1317/998/877 1045/1000/879 1044/956/878
f 1045/1000/879 1046/960/880 1044/956/878
f 1045/1000/879 1065/1002/881 1046/960/880
f 1065/1002/881 1047/966/642 1046/960/880
f 1065/1002/881 1048/1004/882 1047/966/642
f 1048/1004/882 1049/970/882 1047/966/642
f 1029/1053/644 1030/1054/26 1028/1055/26
f 1215/1056/644 1029/1053/644 1028/1055/26
f 1028/1055/26 1030/1054/26 1313/1057/883
f 1029/1053/644 1215/1056/644 1214/1058/571
f 1030/1054/26 1308/1059/883 1313/1057/883
f 1215/1056/644 1216/1060/571 1214/1058/571
f 1313/1057/883 1308/1059/883 1307/1061/646
f 1214/1058/571 1216/1060/571 1316/1062/528
f 1308/1059/883 1298/1063/646 1307/1061/646
f 1216/1060/571 1311/1064/528 1316/1062/528
f 1307/1061/646 1298/1063/646 1297/1065/549
f 1316/1062/528 1311/1064/528 1305/1066/252
f 1298/1063/646 1299/1067/549 1297/1065/549
f 1311/1064/528 1312/1068/252 1305/1066/252
f 1297/1065/549 1299/1067/549 1300/1069/231
f 1312/1068/252 1306/1070/532 1305/1066/252
f 1299/1067/549 1301/1071/231 1300/1069/231
f 1306/1070/532 1303/1072/532 1305/1066/252
f 1300/1069/231 1301/1071/231 1314/1073/555
f 1306/1070/532 1304/1074/568 1303/1072/532
f 1318/1075/555 1300/1069/231 1314/1073/555
f 1304/1074/568 1294/1076/568 1303/1072/532
f 1318/1075/555 1314/1073/555 1310/1077/647
f 1304/1074/568 1295/1078/648 1294/1076/568
f 1309/1079/647 1318/1075/555 1310/1077/647
f 1295/1078/648 1296/1080/648 1294/1076/568
f 1302/1081/649 1296/1080/648 1295/1078/648
f 1420/1082/649 1302/1081/649 1295/1078/648
f 1309/1079/647 1310/1077/647 1082/1083/884
f 1411/1084/884 1309/1079/647 1082/1083/884
f 1411/1084/884 1082/1083/884 1081/1085/561
f 1082/1083/884 1083/1086/561 1081/1085/561
f 1053/1031/885 1054/1033/654 1052/1087/886
f 1178/1088/885 1053/1031/885 1052/1087/886
f 1052/1087/886 1054/1033/654 1207/1089/658
f 1179/1029/887 1053/1031/885 1178/1088/885
f 1054/1033/654 1192/1036/658 1207/1089/658
f 1194/1090/887 1179/1029/887 1178/1088/885
f 1207/1089/658 1192/1036/658 1189/1091/662
f 1182/1027/888 1179/1029/887 1194/1090/887
f 1192/1036/658 1193/1037/662 1189/1091/662
f 1180/1092/888 1182/1027/888 1194/1090/887
f 1193/1037/662 1190/1040/889 1189/1091/662
f 1181/1025/666 1182/1027/888 1180/1092/888
f 1190/1040/889 1191/1093/665 1189/1091/662
f 1198/1094/666 1181/1025/666 1180/1092/888
f 1190/1040/889 1200/1042/667 1191/1093/665
f 1181/1025/666 1198/1094/666 1197/1019/890
f 1200/1042/667 1139/1095/891 1191/1093/665
f 1198/1094/666 1199/1096/890 1197/1019/890
f 1200/1042/667 1140/1043/892 1139/1095/891
f 1197/1019/890 1199/1096/890 1201/1020/893
f 1140/1043/892 1141/1097/892 1139/1095/891
f 1199/1096/890 1187/1098/893 1201/1020/893
f 1201/1020/893 1187/1098/893 1186/1022/894
f 1187/1098/893 1188/1099/894 1186/1022/894
f 1140/1043/892 1195/1046/895 1141/1097/892
f 1195/1046/895 1196/1100/677 1141/1097/892
f 1183/1101/896 1196/1100/677 1195/1046/895
f 1415/1048/678 1183/1101/896 1195/1046/895
f 1415/1048/678 1184/1049/897 1183/1101/896
f 1184/1049/897 1185/1102/897 1183/1101/896
f 1184/1049/897 1202/1051/898 1185/1102/897
f 1202/1051/898 1203/1103/898 1185/1102/897
f 1085/1104/572 1086/1105/26 1084/1106/26
f 1163/1107/572 1085/1104/572 1084/1106/26
f 1084/1106/26 1086/1105/26 1211/1108/645
f 1164/1109/571 1085/1104/572 1163/1107/572
f 1086/1105/26 1151/1110/645 1211/1108/645
f 1414/1111/571 1164/1109/571 1163/1107/572
f 1211/1108/645 1151/1110/645 1150/1112/646
f 1414/1111/571 1343/1113/528 1164/1109/571
f 1151/1110/645 1152/1114/646 1150/1112/646
f 1343/1113/528 1344/1115/528 1164/1109/571
f 1150/1112/646 1152/1114/646 1357/1116/549
f 1147/1117/252 1344/1115/528 1343/1113/528
f 1152/1114/646 1356/1118/549 1357/1116/549
f 1145/1119/252 1147/1117/252 1343/1113/528
f 1357/1116/549 1356/1118/549 1353/1120/231
f 1146/1121/532 1147/1117/252 1145/1119/252
f 1356/1118/549 1354/1122/231 1353/1120/231
f 1345/1123/532 1146/1121/532 1145/1119/252
f 1353/1120/231 1354/1122/231 1156/1124/555
f 1346/1125/568 1146/1121/532 1345/1123/532
f 1155/1126/555 1353/1120/231 1156/1124/555
f 1347/1127/568 1346/1125/568 1345/1123/532
f 1155/1126/555 1156/1124/555 1154/1128/647
f 1245/1129/567 1346/1125/568 1347/1127/568
f 1413/1130/647 1155/1126/555 1154/1128/647
f 1243/1131/567 1245/1129/567 1347/1127/568
f 1244/1132/566 1245/1129/567 1243/1131/567
f 1416/1133/566 1244/1132/566 1243/1131/567
f 1413/1130/647 1154/1128/647 1351/1134/650
f 1154/1128/647 1349/1135/650 1351/1134/650
f 1351/1134/650 1349/1135/650 1348/1136/834
f 1349/1135/650 1350/1137/834 1348/1136/834
f 1130/1106/684 1131/1054/684 1129/1053/685
f 1268/1107/685 1130/1106/684 1129/1053/685
f 1130/1106/684 1292/1108/686 1131/1054/684
f 1267/1111/691 1268/1107/685 1129/1053/685
f 1292/1108/686 1293/1059/899 1131/1054/684
f 1334/1058/689 1267/1111/691 1129/1053/685
f 1292/1108/686 1260/1112/900 1293/1059/899
f 1267/1111/691 1334/1058/689 1272/1062/901
f 1260/1112/900 1262/1063/692 1293/1059/899
f 1271/1113/902 1267/1111/691 1272/1062/901
f 1261/1067/903 1262/1063/692 1260/1112/900
f 1271/1113/902 1272/1062/901 1270/1066/904
f 1276/1116/905 1261/1067/903 1260/1112/900
f 1278/1119/906 1271/1113/902 1270/1066/904
f 1259/1071/907 1261/1067/903 1276/1116/905
f 1277/1123/908 1278/1119/906 1270/1066/904
f 1257/1120/907 1259/1071/907 1276/1116/905
f 1326/1072/908 1277/1123/908 1270/1066/904
f 1258/1073/909 1259/1071/907 1257/1120/907
f 1277/1123/908 1326/1072/908 1325/1076/705
f 1284/1126/909 1258/1073/909 1257/1120/907
f 1341/1127/707 1277/1123/908 1325/1076/705
f 1258/1073/909 1284/1126/909 1283/1077/706
f 1341/1127/707 1325/1076/705 1323/1080/709
f 1284/1126/909 1285/1130/910 1283/1077/706
f 1421/1131/709 1341/1127/707 1323/1080/709
f 1421/1131/709 1323/1080/709 1322/1133/711
f 1323/1080/709 1324/1081/711 1322/1133/711
f 1331/1083/710 1283/1077/706 1285/1130/910
f 1336/1134/911 1331/1083/710 1285/1130/910
f 1331/1083/710 1336/1134/911 1335/1086/714
f 1336/1134/911 1337/1136/714 1335/1086/714
f 1205/981/912 1206/1064/913 1204/1060/914
f 1282/983/717 1205/981/912 1204/1060/914
f 1205/981/912 1339/979/915 1206/1064/913
f 1282/983/717 1204/1060/914 1281/1056/719
f 1339/979/915 1340/1068/916 1206/1064/913
f 1418/985/721 1282/983/717 1281/1056/719
f 1330/1070/917 1340/1068/916 1339/979/915
f 1418/985/721 1281/1056/719 1291/987/723
f 1329/977/918 1330/1070/917 1339/979/915
f 1281/1056/719 1289/1055/723 1291/987/723
f 1266/1074/919 1330/1070/917 1329/977/918
f 1290/989/920 1291/987/723 1289/1055/723
f 1264/975/726 1266/1074/919 1329/977/918
f 1328/1057/920 1290/989/920 1289/1055/723
f 1265/1078/727 1266/1074/919 1264/975/726
f 1275/992/921 1290/989/920 1328/1057/920
f 1279/974/729 1265/1078/727 1264/975/726
f 1280/1082/730 1265/1078/727 1279/974/729
f 1417/973/731 1280/1082/730 1279/974/729
f 1273/1061/921 1275/992/921 1328/1057/920
f 1274/993/922 1275/992/921 1273/1061/921
f 1332/1065/923 1274/993/922 1273/1061/921
f 1333/996/924 1274/993/922 1332/1065/923
f 1338/1069/925 1333/996/924 1332/1065/923
f 1333/996/924 1338/1069/925 1319/1075/926
f 1321/997/927 1333/996/924 1319/1075/926
f 1320/999/928 1321/997/927 1319/1075/926
f 1327/1079/738 1320/999/928 1319/1075/926
f 1287/1001/740 1320/999/928 1327/1079/738
f 1288/1084/740 1287/1001/740 1327/1079/738
f 1287/1001/740 1288/1084/740 1286/1085/741
f 1419/1003/742 1287/1001/740 1286/1085/741
f 1237/1138/929 1238/1139/930 1236/1140/931
f 1238/1139/930 1237/1138/929 1360/1141/932
f 1237/1138/929 1358/1142/933 1360/1141/932
f 1359/1143/934 1360/1141/932 1358/1142/933
f 1379/1144/755 1359/1143/934 1358/1142/933
f 1358/1142/933 1237/1138/929 1379/1144/755
f 1366/1145/935 1359/1143/934 1379/1144/755
f 1380/1146/936 1237/1138/929 1236/1140/931
f 1380/1146/936 1236/1140/931 1251/1147/937
f 1380/1146/936 1251/1147/937 1237/1138/929
f 1236/1140/931 1362/1148/938 1251/1147/937
f 1379/1144/755 1237/1138/929 1252/1149/939
f 1252/1149/939 1366/1145/935 1379/1144/755
f 1252/1149/939 1237/1138/929 1251/1147/937
f 1252/1149/939 1364/1150/940 1366/1145/935
f 1364/1150/940 1252/1149/939 1251/1147/937
f 1364/1150/940 1365/1151/941 1366/1145/935
f 1251/1147/937 1362/1148/938 1361/1152/749
f 1361/1152/749 1364/1150/940 1251/1147/937
f 1362/1148/938 1363/1153/942 1361/1152/749
f 1363/1153/942 1365/1151/941 1364/1150/940
f 1361/1152/749 1363/1153/942 1364/1150/940
