# Blender 3.6.5
# www.blender.org
o slide
v -0.005354 0.045687 0.020408
v -0.006598 0.044563 0.020313
v -0.007103 0.045588 0.019651
v -0.000001 0.051660 -0.008902
v -0.002323 0.051430 0.011608
v -0.002323 0.051430 -0.008902
v -0.004555 0.050752 -0.008902
v -0.005584 0.050202 0.011608
v -0.006613 0.049652 -0.008902
v -0.009157 0.047270 0.011608
v -0.008417 0.048173 -0.008902
v -0.009898 0.046368 -0.008902
v -0.007677 0.034626 0.019651
v -0.007922 0.035085 0.019651
v -0.007223 0.035111 0.020253
v -0.011790 0.038598 0.011608
v -0.011191 0.039756 0.015308
v -0.010976 0.037576 0.015308
v -0.008828 0.047010 0.014511
v -0.011336 0.043194 0.011608
v -0.009157 0.047270 0.011608
v -0.006258 0.054310 -0.011830
v -0.007463 0.054018 -0.030465
v -0.007464 0.054018 -0.010231
v -0.005584 0.050202 0.011608
v -0.005387 0.049832 0.014511
v -0.008035 0.046386 0.017324
v -0.005174 0.047484 0.019360
v -0.009334 0.053165 0.008900
v -0.010038 0.052513 0.007375
v -0.010038 0.052513 0.008900
v 0.002563 0.050943 0.014340
v 0.005386 0.049832 0.014511
v 0.003758 0.050137 0.015634
v -0.006097 0.030635 0.015920
v -0.005419 0.030844 0.017324
v -0.005419 0.029699 0.014511
v -0.002573 0.050943 0.014335
v -0.002323 0.051430 0.011608
v -0.001386 0.051420 0.013779
v -0.002422 0.050937 0.020258
v -0.003453 0.050155 0.016281
v -0.002254 0.051011 0.014947
v 0.002322 0.051430 0.011608
v 0.001384 0.051420 0.013779
v -0.011676 0.042077 -0.008902
v -0.011790 0.038598 0.011608
v -0.011904 0.039756 -0.008902
v -0.010998 0.044310 -0.008902
v -0.011336 0.043194 0.011608
v -0.007850 0.044563 0.019651
v -0.009237 0.044560 0.017324
v -0.009103 0.033637 0.015920
v -0.010086 0.035085 0.015278
v -0.009302 0.035072 0.017324
v -0.009334 0.053165 0.003404
v -0.010038 0.052513 0.001889
v -0.010038 0.052513 0.003404
v -0.010059 0.044563 0.015308
v -0.006531 0.033228 0.019651
v -0.006613 0.029861 0.011608
v -0.005377 0.029201 0.011011
v -0.008417 0.031342 -0.008902
v -0.006613 0.029861 0.011608
v -0.006613 0.029863 -0.008902
v -0.009897 0.033147 -0.008902
v -0.008417 0.031342 0.011608
v -0.010605 0.032670 -0.010356
v -0.009452 0.031264 -0.031066
v -0.010834 0.033100 -0.031066
v -0.009898 0.033147 0.011608
v -0.010998 0.035205 0.011608
v -0.008417 0.031342 0.011608
v -0.007760 0.031999 0.015920
v -0.005377 0.029201 0.011011
v -0.003773 0.028567 -0.008902
v -0.005374 0.032179 0.019415
v 0.006929 0.031316 0.015920
v 0.005419 0.029699 0.014511
v 0.005420 0.030844 0.017324
v -0.011675 0.037437 -0.008902
v -0.010998 0.035205 0.011608
v -0.010998 0.035205 -0.008902
v -0.009898 0.033147 0.011608
v 0.005815 0.048460 0.017324
v 0.005197 0.047495 0.019320
v 0.004297 0.049425 0.016943
v -0.004291 0.049435 0.016928
v -0.003759 0.050137 0.015634
v 0.002322 0.051430 0.011608
v -0.000001 0.051660 -0.008902
v 0.002322 0.051430 -0.008902
v 0.004555 0.050752 -0.008902
v 0.006614 0.049652 -0.008902
v 0.005584 0.050202 0.011608
v 0.009158 0.047270 0.011608
v 0.008418 0.048173 -0.008902
v 0.009898 0.046368 -0.008902
v 0.011337 0.043194 0.011608
v 0.010866 0.038687 0.015920
v 0.010449 0.042925 0.015920
v 0.009158 0.047270 0.011608
v 0.008431 0.046697 0.015920
v 0.005584 0.050202 0.011608
v 0.007104 0.045588 0.019651
v 0.005384 0.045711 0.020744
v -0.002664 0.028199 0.011011
v -0.001264 0.051417 0.020218
v -0.001264 0.051417 0.014476
v 0.011675 0.042077 -0.008902
v 0.011790 0.038598 0.011608
v 0.011337 0.043194 0.011608
v 0.010997 0.044310 -0.008902
v 0.008793 0.042427 0.019651
v 0.006310 0.044761 0.020744
v 0.009145 0.038856 0.019651
v 0.007703 0.042096 0.020744
v 0.008104 0.035424 0.019651
v 0.005385 0.032164 0.019380
v -0.000001 0.027855 -0.008902
v 0.002723 0.028217 0.011011
v 0.003802 0.028577 -0.008902
v -0.000001 0.051660 0.011608
v -0.000001 0.051595 0.013643
v 0.008418 0.031342 -0.008902
v 0.006614 0.029863 -0.008902
v 0.007516 0.030601 0.011608
v 0.009895 0.033144 -0.008902
v 0.010446 0.034175 0.011608
v 0.005442 0.033854 0.020744
v 0.007100 0.035961 0.020744
v 0.010446 0.034175 0.011608
v 0.011790 0.038598 0.011608
v 0.007516 0.030601 0.011608
v 0.009619 0.034597 0.015920
v 0.005377 0.029201 0.011011
v 0.011674 0.037437 -0.008902
v 0.011903 0.039756 -0.008902
v 0.010997 0.035205 -0.008902
v 0.008012 0.038968 0.020744
v 0.010605 0.032670 -0.010356
v 0.010997 0.035205 -0.008902
v 0.011786 0.034879 -0.010356
v 0.012450 0.037072 -0.010356
v 0.011674 0.037437 -0.008902
v 0.012757 0.039756 -0.010356
v 0.007087 0.029154 -0.010356
v 0.003802 0.028577 -0.008902
v 0.006614 0.029863 -0.008902
v 0.003685 0.027610 -0.010356
v -0.000001 0.027855 -0.008902
v 0.010607 0.046843 -0.010356
v 0.010997 0.044310 -0.008902
v 0.009898 0.046368 -0.008902
v 0.011786 0.044636 -0.010356
v 0.011675 0.042077 -0.008902
v 0.012512 0.042244 -0.010356
v 0.011903 0.039756 -0.008902
v 0.009021 0.048775 -0.010356
v 0.008418 0.048173 -0.008902
v 0.007087 0.050361 -0.010356
v 0.006614 0.049652 -0.008902
v 0.004881 0.051540 -0.010356
v 0.004555 0.050752 -0.008902
v 0.002488 0.052268 -0.010356
v 0.002322 0.051430 -0.008902
v -0.000001 0.052513 -0.010356
v -0.011786 0.034879 -0.010356
v -0.009897 0.033147 -0.008902
v -0.010605 0.032670 -0.010356
v -0.012450 0.037072 -0.010356
v -0.010998 0.035205 -0.008902
v -0.012757 0.039756 -0.010356
v -0.011675 0.037437 -0.008902
v 0.008965 0.030820 -0.010356
v 0.008418 0.031342 -0.008902
v -0.008529 0.030338 -0.031046
v -0.007087 0.029154 -0.010356
v -0.007087 0.029154 -0.031197
v -0.007087 0.029154 -0.010356
v -0.003773 0.028567 -0.008902
v -0.003686 0.027610 -0.010356
v -0.000001 0.027002 -0.010356
v -0.010607 0.046843 -0.010356
v -0.010998 0.044310 -0.008902
v -0.011786 0.044636 -0.010356
v -0.011676 0.042077 -0.008902
v -0.012512 0.042244 -0.010356
v -0.011904 0.039756 -0.008902
v -0.009020 0.048775 -0.010356
v -0.009898 0.046368 -0.008902
v -0.007087 0.050361 -0.010356
v -0.008417 0.048173 -0.008902
v -0.004882 0.051540 -0.010356
v -0.006613 0.049652 -0.008902
v -0.002489 0.052268 -0.010356
v -0.004555 0.050752 -0.008902
v -0.002323 0.051430 -0.008902
v -0.002489 0.027247 -0.031197
v -0.000001 0.027002 -0.010356
v -0.000001 0.027002 -0.031197
v -0.004882 0.027975 -0.031197
v -0.003686 0.027610 -0.010356
v -0.008965 0.030820 -0.010356
v 0.009895 0.033144 -0.008902
v -0.004748 0.053280 0.008408
v -0.005354 0.053913 0.007802
v -0.004748 0.053968 0.008408
v -0.005354 0.053280 0.007802
v -0.005575 0.053893 0.006974
v -0.005354 0.053280 0.006147
v -0.005575 0.053280 0.006974
v -0.004749 0.053280 0.005545
v -0.005354 0.053913 0.006147
v -0.003921 0.053968 0.005319
v -0.004752 0.053968 0.005545
v -0.003092 0.053280 0.005545
v -0.003921 0.053280 0.005319
v -0.002487 0.053280 0.006147
v -0.003088 0.053968 0.005545
v -0.002265 0.053968 0.006974
v -0.002487 0.053968 0.006147
v -0.002265 0.053280 0.006974
v -0.002487 0.053968 0.007802
v -0.002487 0.053280 0.007802
v -0.003088 0.053968 0.008403
v -0.004320 0.053381 -0.023108
v -0.004842 0.053381 -0.022707
v -0.003797 0.053381 -0.022707
v -0.003921 0.053280 0.008629
v -0.003921 0.053968 0.008629
v -0.003092 0.053280 0.008408
v -0.003921 0.053968 0.008629
v -0.004789 0.053799 -0.011976
v -0.005134 0.053955 -0.012257
v -0.004789 0.053986 -0.011976
v -0.005134 0.053799 -0.012257
v -0.005260 0.053942 -0.012633
v -0.005260 0.053799 -0.022772
v -0.005260 0.053799 -0.012633
v -0.003504 0.053799 -0.012257
v -0.003849 0.054028 -0.011976
v -0.003504 0.054028 -0.012257
v -0.005134 0.053799 -0.023153
v -0.005260 0.053942 -0.022772
v -0.004320 0.053799 -0.011876
v -0.004320 0.054028 -0.011876
v -0.004789 0.053799 -0.023434
v -0.005134 0.053955 -0.023153
v -0.004320 0.053799 -0.023534
v -0.004789 0.053986 -0.023434
v -0.003849 0.053799 -0.023434
v -0.004320 0.054028 -0.023534
v -0.003504 0.053799 -0.023153
v -0.003849 0.054028 -0.023434
v -0.003377 0.053799 -0.022772
v -0.003504 0.054028 -0.023153
v 0.003964 0.053381 -0.006224
v 0.004487 0.053381 -0.005823
v 0.005010 0.053381 -0.006224
v -0.003377 0.054028 -0.012633
v -0.003377 0.054028 -0.022772
v -0.003849 0.053799 -0.011976
v 0.003671 0.053799 -0.005778
v 0.004016 0.054028 -0.005497
v 0.004016 0.053799 -0.005497
v 0.003545 0.053799 -0.006159
v 0.003671 0.054028 -0.005778
v 0.003545 0.053799 -0.016298
v 0.003545 0.054028 -0.006159
v 0.004957 0.053799 -0.005497
v 0.005302 0.053953 -0.005778
v 0.005302 0.053799 -0.005778
v 0.003671 0.054028 -0.016675
v 0.003545 0.054028 -0.016298
v 0.004487 0.054028 -0.005397
v 0.004487 0.053799 -0.005397
v 0.003671 0.053799 -0.016675
v 0.004016 0.054028 -0.016955
v 0.004016 0.053799 -0.016955
v 0.004487 0.054028 -0.017056
v 0.004487 0.053799 -0.017056
v 0.004957 0.053986 -0.016955
v 0.004957 0.053799 -0.016955
v 0.005302 0.053955 -0.016675
v 0.005302 0.053799 -0.016675
v 0.005428 0.053942 -0.016298
v 0.002862 0.053094 0.013849
v -0.002868 0.053094 0.015037
v 0.002862 0.053094 0.015037
v 0.005428 0.053799 -0.016298
v 0.005428 0.053942 -0.006159
v 0.004957 0.053986 -0.005497
v -0.002855 0.053392 0.015338
v 0.003212 0.054028 0.015338
v 0.002849 0.053392 0.015338
v -0.003315 0.053353 0.013969
v -0.003731 0.054083 0.014917
v -0.003315 0.053353 0.014917
v -0.012255 0.026754 0.012570
v -0.013083 0.027156 0.012570
v -0.013841 0.030781 0.012570
v 0.003309 0.053353 0.014917
v 0.003725 0.054083 0.013969
v 0.003309 0.053353 0.013969
v -0.002855 0.053392 0.013553
v 0.003212 0.054028 0.013553
v -0.003218 0.054028 0.013553
v -0.012670 0.040591 0.012570
v -0.010475 0.051013 0.012570
v -0.010058 0.052088 0.012570
v -0.011948 0.026569 -0.004258
v -0.012475 0.039391 -0.007037
v -0.011948 0.026569 -0.007037
v -0.012255 0.026754 0.001588
v -0.013083 0.027156 0.001588
v -0.013841 0.030781 0.001588
v -0.011948 0.026569 0.006779
v -0.012475 0.039391 0.004005
v -0.011948 0.026569 0.004005
v -0.006274 0.052873 0.019230
v -0.004753 0.053861 0.019365
v -0.006268 0.053715 0.018924
v -0.007795 0.052591 0.018683
v -0.009188 0.052774 0.017836
v -0.009340 0.052043 0.018051
v -0.003086 0.054448 0.018924
v -0.001551 0.054448 0.019134
v -0.004358 0.054448 0.015755
v -0.000001 0.054448 0.019205
v -0.004487 0.054448 -0.027661
v -0.003663 0.054448 -0.023820
v 0.004487 0.054448 -0.027661
v -0.007681 0.049401 0.019942
v -0.009530 0.051125 0.018317
v -0.009881 0.049380 0.018808
v -0.007215 0.051172 0.019465
v -0.005646 0.049380 0.020709
v -0.003304 0.052161 0.020313
v -0.004753 0.052967 0.019696
v -0.004762 0.051003 0.020398
v -0.000001 0.051584 0.020218
v -0.000001 0.051584 0.014351
v -0.011274 0.047766 0.018498
v -0.010511 0.046055 0.019691
v -0.010193 0.047766 0.019245
v -0.008411 0.044584 0.021296
v -0.010779 0.044584 0.020067
v -0.008227 0.046055 0.020879
v -0.007989 0.047766 0.020393
v -0.006083 0.047766 0.021120
v -0.004741 0.047766 0.020894
v -0.004882 0.046055 0.020925
v -0.004741 0.047766 0.019962
v -0.004193 0.049190 0.020543
v -0.004041 0.049388 0.017886
v 0.007669 0.023606 0.023392
v 0.007669 0.022469 -0.078178
v 0.007669 0.023606 -0.078178
v -0.004882 0.046055 0.021411
v -0.004882 0.044610 0.021160
v -0.006224 0.046055 0.021642
v -0.005365 0.047766 0.021326
v -0.012945 0.027409 0.021321
v -0.012094 0.030750 0.021912
v -0.013644 0.030750 0.020819
v -0.011591 0.039756 0.015875
v -0.011368 0.042017 0.015875
v -0.013533 0.039902 0.015875
v -0.010198 0.032990 0.022910
v -0.012003 0.034905 0.021782
v -0.012071 0.032990 0.021877
v -0.008448 0.032990 0.023678
v -0.010141 0.034905 0.022810
v -0.007031 0.030750 0.024194
v -0.005463 0.032990 0.024580
v -0.007018 0.032990 0.024159
v -0.010217 0.030750 0.022945
v -0.008465 0.030750 0.023713
v -0.005463 0.020398 0.024625
v -0.005463 0.030750 0.024615
v -0.007100 0.024587 0.024179
v -0.012098 0.026999 0.021917
v -0.010221 0.026094 0.022950
v -0.009111 0.021514 0.022840
v -0.009000 0.020395 -0.078178
v -0.009000 0.020395 0.022890
v 0.008625 0.022052 0.023001
v 0.008088 0.022052 -0.078178
v 0.008088 0.022052 0.023216
v -0.007759 0.053353 0.018397
v -0.009702 0.052286 0.017695
v -0.010189 0.051337 0.017770
v -0.014141 0.034905 0.015273
v -0.014132 0.039391 0.012871
v -0.014139 0.031350 0.012871
v -0.006261 0.054310 0.007902
v -0.007464 0.054018 0.012982
v -0.006263 0.054310 0.013052
v -0.013645 0.032990 0.020764
v -0.011797 0.046055 0.018783
v -0.003128 0.053864 0.019741
v -0.010753 0.051125 -0.007633
v -0.011599 0.048340 -0.013942
v -0.011756 0.047818 -0.012698
v -0.001605 0.052967 0.020273
v -0.003194 0.052967 0.020057
v -0.000001 0.052967 0.020343
v -0.001572 0.053866 0.019957
v -0.004827 0.049245 0.020970
v -0.005411 0.033157 0.020228
v -0.001376 0.051923 0.020644
v -0.005463 0.034905 0.024460
v -0.006979 0.034905 0.024049
v -0.003918 0.050455 0.020779
v -0.003453 0.050155 0.020383
v -0.010753 0.051125 0.012871
v -0.010038 0.052513 0.016752
v -0.010038 0.052513 0.012871
v -0.013468 0.027539 -0.007633
v -0.014017 0.030163 -0.007633
v -0.014017 0.030163 -0.031066
v -0.009334 0.053165 0.012871
v -0.008595 0.053608 0.017214
v -0.010783 0.049380 0.018192
v -0.013540 0.030750 -0.031668
v -0.012422 0.030750 -0.033087
v -0.013540 0.030750 -0.078178
v -0.010834 0.033100 -0.031066
v -0.013540 0.031269 -0.031066
v -0.013540 0.033100 -0.031066
v -0.009334 0.053165 -0.002082
v -0.009334 0.053165 0.001889
v -0.008595 0.053608 0.007902
v 0.003887 0.051843 -0.028860
v 0.003887 0.053848 -0.030465
v 0.003887 0.051843 -0.030465
v -0.009554 0.052145 -0.031066
v -0.008727 0.052909 -0.031066
v -0.006640 0.050585 -0.031066
v -0.010753 0.051125 -0.002082
v -0.013958 0.040565 -0.003662
v -0.013958 0.040565 -0.002082
v -0.011429 0.034211 -0.030605
v -0.013540 0.034211 -0.030605
v -0.009471 0.048225 -0.030605
v -0.010680 0.049336 -0.031066
v -0.008336 0.049336 -0.031066
v -0.012686 0.039138 -0.012026
v -0.013540 0.037072 -0.012026
v -0.013534 0.039281 -0.012026
v -0.011916 0.035309 -0.013049
v -0.013540 0.034670 -0.014473
v -0.013540 0.035309 -0.013049
v -0.011676 0.034670 -0.014473
v -0.013540 0.034670 -0.029497
v -0.011283 0.045578 -0.012026
v -0.011513 0.046595 -0.012302
v -0.010739 0.046595 -0.012302
v 0.006274 0.052873 0.019230
v 0.004753 0.053861 0.019365
v 0.004753 0.052967 0.019696
v 0.009188 0.052774 0.017836
v 0.007795 0.052591 0.018683
v 0.009340 0.052043 0.018051
v 0.010754 0.051125 -0.030465
v 0.010038 0.052513 -0.007633
v 0.010754 0.051125 -0.007633
v 0.003085 0.054448 0.018924
v 0.004352 0.054448 0.015755
v 0.001549 0.054448 0.019134
v 0.004487 0.054448 -0.030465
v 0.006157 0.053718 -0.031066
v 0.004487 0.053848 -0.031066
v 0.009530 0.051125 0.018317
v 0.007681 0.049401 0.019942
v 0.009881 0.049380 0.018808
v 0.007215 0.051172 0.019465
v 0.005819 0.049386 0.020649
v 0.003304 0.052158 0.020313
v 0.004761 0.051180 0.020333
v 0.001263 0.051417 0.014481
v 0.001263 0.051417 0.020218
v 0.011274 0.047766 0.018498
v 0.010632 0.045379 0.019861
v 0.012002 0.045379 0.018889
v 0.010192 0.047766 0.019245
v 0.008311 0.045379 0.021065
v 0.007989 0.047766 0.020393
v 0.006538 0.045379 0.021747
v 0.004742 0.047766 0.020894
v 0.004877 0.046107 0.021230
v 0.004877 0.046104 0.021396
v 0.004193 0.049187 0.020543
v 0.004742 0.047766 0.019997
v 0.006315 0.047766 0.021040
v 0.012728 0.043003 0.019245
v 0.011537 0.039991 0.021130
v 0.013645 0.039991 0.019566
v 0.014139 0.031350 0.012871
v 0.014133 0.039391 0.012871
v 0.014139 0.035481 0.019611
v 0.008606 0.043003 0.021727
v 0.011058 0.043003 0.020458
v 0.004877 0.046107 0.021230
v 0.004881 0.043003 0.022359
v 0.004877 0.046104 0.021396
v 0.006641 0.043003 0.022474
v 0.013650 0.037784 0.020147
v 0.009112 0.037784 0.022880
v 0.011797 0.037784 0.021496
v 0.008940 0.039991 0.022469
v 0.006730 0.039991 0.023301
v 0.006772 0.037784 0.023753
v 0.004881 0.039991 0.023191
v 0.004881 0.033269 0.021356
v 0.004881 0.037784 0.023642
v 0.011978 0.035562 0.021752
v 0.013645 0.033267 0.020739
v 0.013647 0.035562 0.020559
v 0.012094 0.030750 0.021912
v 0.012945 0.027409 0.021321
v 0.013644 0.030750 0.020819
v 0.009252 0.035562 0.023156
v 0.004881 0.035562 0.023958
v 0.006876 0.035562 0.024039
v 0.012059 0.033267 0.021862
v 0.009341 0.030750 0.023332
v 0.009314 0.033267 0.023276
v 0.006942 0.030750 0.024224
v 0.004881 0.031248 0.019796
v 0.004881 0.030734 0.024154
v 0.004881 0.033345 0.024094
v 0.006922 0.033267 0.024169
v 0.012098 0.026999 0.021917
v 0.004881 0.020398 0.024164
v 0.004881 0.024261 0.012209
v 0.004881 0.021846 0.009797
v 0.007759 0.053353 0.018397
v 0.009702 0.052286 0.017695
v 0.010188 0.051339 0.017770
v 0.005428 0.053942 -0.016298
v 0.005845 0.054323 -0.006089
v 0.005845 0.054323 -0.016364
v 0.010783 0.049380 0.018192
v 0.003128 0.053864 0.019741
v 0.003194 0.052967 0.020057
v 0.011591 0.048363 -0.014067
v 0.011592 0.048363 -0.029426
v 0.001604 0.052967 0.020273
v 0.001571 0.053866 0.019957
v 0.005474 0.035562 0.024415
v 0.005472 0.033267 0.024555
v 0.004818 0.049242 0.020975
v 0.005479 0.039991 0.023647
v 0.005476 0.037784 0.024099
v 0.001375 0.051923 0.020644
v 0.002857 0.051290 0.020679
v -0.000001 0.052106 0.020644
v 0.005481 0.019798 0.024004
v 0.007100 0.020398 0.024179
v 0.005471 0.020398 0.024625
v 0.005485 0.046055 0.021852
v 0.005354 0.047766 0.021331
v 0.002243 0.051011 0.014957
v 0.002420 0.050937 0.020263
v 0.005471 0.030750 0.024615
v 0.003912 0.050452 0.020784
v 0.005482 0.043003 0.022805
v 0.003451 0.050155 0.020383
v 0.004047 0.049378 0.017926
v 0.003451 0.050155 0.016291
v 0.012522 0.045299 0.017941
v 0.013240 0.042933 0.018297
v 0.013958 0.040565 0.012871
v 0.007476 0.054015 0.012987
v 0.006259 0.054310 -0.006259
v 0.006262 0.054310 0.013052
v 0.013469 0.027539 -0.078178
v 0.014017 0.030163 -0.078178
v 0.014017 0.030163 -0.031066
v 0.010754 0.051125 0.012871
v 0.010038 0.052513 0.016752
v 0.010754 0.051125 0.016863
v -0.002850 0.054448 0.008834
v -0.003921 0.054448 0.009160
v -0.004358 0.054448 0.013132
v -0.007464 0.054018 0.017655
v -0.006263 0.054310 0.018091
v 0.009334 0.053165 -0.002082
v 0.008692 0.053569 -0.007327
v 0.009334 0.053165 0.001889
v -0.004750 0.054448 0.013117
v -0.003887 0.051843 -0.028860
v -0.003887 0.053848 -0.030465
v -0.003887 0.053848 -0.028860
v -0.004753 0.054448 0.018533
v -0.008582 0.044010 0.020087
v -0.007065 0.044010 0.020980
v -0.008240 0.044010 0.020910
v -0.008468 0.025247 0.023723
v 0.005481 0.019798 -0.078178
v 0.008341 0.019798 -0.078178
v 0.008341 0.019798 0.023121
v -0.014132 0.039391 -0.003662
v -0.014139 0.031350 -0.002082
v -0.014132 0.039391 -0.002082
v -0.005481 0.019798 0.024004
v -0.008340 0.019798 0.023091
v -0.005481 0.019798 -0.078178
v 0.014139 0.031350 -0.007633
v 0.014139 0.034070 -0.014343
v 0.014139 0.034806 -0.012703
v -0.008088 0.022052 -0.078178
v -0.008625 0.022052 0.022981
v -0.008088 0.022052 0.023186
v -0.007669 0.022469 0.023392
v -0.007669 0.023606 -0.078178
v -0.007669 0.022469 -0.078178
v -0.014139 0.031350 -0.007633
v -0.014140 0.034806 -0.012703
v -0.014140 0.034070 -0.014343
v -0.011667 0.026139 -0.003662
v -0.012806 0.026689 -0.002082
v -0.012806 0.026689 -0.003662
v -0.012670 0.040591 -0.001781
v -0.010475 0.051013 -0.001781
v -0.013638 0.040591 -0.001781
v -0.012670 0.040591 -0.007332
v -0.010475 0.051013 -0.007332
v -0.013638 0.040591 -0.007332
v -0.012670 0.040591 0.001588
v -0.010475 0.051013 0.001588
v -0.010058 0.052088 0.001588
v -0.005678 0.054323 -0.012568
v -0.005260 0.053942 -0.022772
v -0.005678 0.054323 -0.022842
v -0.012670 0.040591 0.003705
v -0.010475 0.051013 0.003705
v -0.013638 0.040591 0.003705
v -0.012670 0.040591 -0.003963
v -0.010475 0.051013 -0.003963
v -0.010058 0.052088 -0.003963
v -0.012774 0.039391 -0.007332
v -0.013834 0.039391 -0.007332
v -0.013841 0.030781 -0.007332
v -0.010038 0.052513 -0.007633
v -0.010753 0.051125 -0.030465
v -0.014132 0.039391 0.001889
v -0.014139 0.031350 0.003404
v -0.014132 0.039391 0.003404
v -0.014132 0.039391 0.007375
v -0.014139 0.031350 0.008900
v -0.014132 0.039391 0.008900
v 0.004487 0.054448 -0.017487
v 0.003830 0.054448 -0.017341
v -0.012367 0.040575 0.001293
v -0.009619 0.052669 -0.001485
v -0.012367 0.040575 -0.001485
v -0.012670 0.040591 0.007074
v -0.010475 0.051013 0.007074
v -0.010058 0.052088 0.007074
v -0.007464 0.054018 0.007902
v -0.008595 0.053608 -0.008686
v -0.013958 0.040565 0.003404
v -0.010753 0.051125 0.001889
v -0.013958 0.040565 0.001889
v -0.010753 0.051125 0.008900
v -0.011948 0.026569 0.001293
v -0.012475 0.039391 -0.001485
v -0.011948 0.026569 -0.001485
v -0.011948 0.026569 0.012274
v -0.012475 0.039391 0.009501
v -0.011948 0.026569 0.009501
v -0.013468 0.027539 0.001889
v -0.014017 0.030163 0.003404
v -0.014017 0.030163 0.001889
v -0.013468 0.027539 -0.003662
v -0.014017 0.030163 -0.002082
v -0.014017 0.030163 -0.003662
v 0.003126 0.054448 -0.006089
v 0.003545 0.054028 -0.016298
v 0.003126 0.054448 -0.016364
v -0.012774 0.039391 0.003705
v -0.013834 0.039391 0.003705
v -0.013841 0.030781 0.003705
v -0.012255 0.026754 -0.003963
v -0.013083 0.027156 -0.003963
v -0.013841 0.030781 -0.003963
v -0.012367 0.040575 -0.004258
v -0.009619 0.052669 -0.007037
v -0.012367 0.040575 -0.007037
v -0.012774 0.039391 0.009201
v -0.013834 0.039391 0.009201
v -0.013841 0.030781 0.009201
v -0.013468 0.027539 0.007375
v -0.014017 0.030163 0.008900
v -0.014017 0.030163 0.007375
v -0.013958 0.040565 0.007375
v -0.013958 0.040565 0.008900
v -0.012739 0.044584 0.015273
v -0.012739 0.044584 0.018056
v -0.012319 0.045966 0.017841
v -0.009619 0.052669 0.006779
v -0.012367 0.040575 0.004005
v -0.012367 0.040575 0.006779
v -0.012255 0.026754 0.007074
v -0.013083 0.027156 0.007074
v -0.013841 0.030781 0.007074
v -0.012774 0.039391 -0.001781
v -0.013834 0.039391 -0.001781
v -0.013841 0.030781 -0.001781
v -0.006276 0.044584 0.022103
v -0.005500 0.046055 0.021847
v -0.012670 0.040591 0.009201
v -0.010475 0.051013 0.009201
v -0.013638 0.040591 0.009201
v -0.009619 0.052669 0.012274
v -0.012367 0.040575 0.009501
v -0.012367 0.040575 0.012274
v -0.004993 0.054448 0.008865
v -0.005752 0.054357 0.007972
v -0.003377 0.053799 -0.012633
v 0.005428 0.053799 -0.006159
v -0.012142 0.036052 -0.012302
v -0.013540 0.036052 -0.012302
v -0.002638 0.052920 0.006974
v -0.004561 0.052920 0.005866
v -0.004561 0.052920 0.008087
v -0.011786 0.044636 -0.012026
v -0.012512 0.042244 -0.010356
v -0.012512 0.042244 -0.012026
v -0.011288 0.047338 -0.013049
v -0.010199 0.047338 -0.013049
v -0.011159 0.047766 -0.014067
v -0.009849 0.047766 -0.014067
v -0.010607 0.046843 -0.010356
v -0.010739 0.046595 -0.012302
v -0.010199 0.047338 -0.013049
v 0.009000 0.020395 -0.078178
v 0.009110 0.021514 0.022840
v 0.009000 0.020395 0.022890
v -0.006613 0.029863 -0.008902
v -0.009849 0.047766 -0.029497
v -0.011019 0.048225 -0.030605
v -0.011786 0.034879 -0.010356
v -0.011916 0.035309 -0.013049
v -0.012142 0.036052 -0.012302
v 0.007476 0.054015 -0.006786
v 0.006255 0.054310 -0.030465
v -0.004882 0.051540 -0.010356
v -0.006640 0.050585 -0.031066
v -0.004487 0.051660 -0.031066
v -0.007087 0.050361 -0.010356
v -0.008336 0.049336 -0.031066
v -0.000001 0.052513 -0.028258
v -0.002489 0.052268 -0.010356
v -0.002489 0.052268 -0.028258
v -0.008401 0.034905 0.023572
v -0.011675 0.034670 -0.029497
v -0.011676 0.034670 -0.014473
v -0.008610 0.035505 0.020042
v -0.010073 0.035505 0.017595
v -0.011662 0.035505 0.021246
v -0.011786 0.044636 -0.010356
v -0.011283 0.045578 -0.012026
v -0.003887 0.051843 -0.028860
v -0.003288 0.052025 -0.028258
v 0.012040 0.046884 -0.011760
v 0.011771 0.047771 -0.012648
v -0.012686 0.039138 -0.012026
v -0.012450 0.037072 -0.010356
v -0.012450 0.037072 -0.012026
v -0.006182 0.033789 0.020248
v -0.011675 0.034670 -0.029497
v -0.000001 0.052513 -0.028258
v -0.002489 0.052268 -0.028258
v -0.003288 0.053848 -0.028258
v -0.012512 0.042244 -0.012026
v -0.013369 0.040471 -0.012026
v -0.011820 0.045578 -0.012026
v 0.005659 0.054341 -0.016925
v -0.012698 0.040356 -0.012026
v 0.004352 0.054448 0.013132
v -0.001765 0.054448 0.006974
v 0.004753 0.054448 0.013117
v 0.004487 0.054448 -0.004971
v -0.010038 0.052513 -0.003662
v -0.010038 0.052513 -0.002082
v 0.008692 0.053569 0.012916
v -0.013468 0.027539 0.012871
v -0.014017 0.030163 0.019952
v -0.014017 0.030163 0.012871
v -0.012450 0.037072 -0.012026
v -0.011159 0.047766 -0.029497
v -0.009849 0.047766 -0.029497
v 0.008467 0.025247 0.023723
v 0.010222 0.026094 0.022950
v -0.000001 0.051660 0.011608
v 0.013469 0.027537 0.012871
v 0.014017 0.030163 0.019952
v 0.013469 0.027537 0.020343
v 0.003309 0.053353 0.013969
v 0.002849 0.053392 0.013553
v 0.003309 0.053353 0.014917
v -0.002868 0.053094 0.013849
v -0.003315 0.053353 0.013969
v -0.003315 0.053353 0.014917
v -0.012475 0.039391 0.012274
v -0.012774 0.039391 0.012570
v -0.012475 0.039391 0.009501
v -0.012475 0.039391 0.001293
v -0.012367 0.040575 0.001293
v -0.012475 0.039391 -0.007037
v -0.012367 0.040575 -0.007037
v -0.012475 0.039391 0.004005
v -0.012367 0.040575 0.004005
v -0.012475 0.039391 -0.001485
v -0.012367 0.040575 -0.001485
v -0.012475 0.039391 -0.004258
v -0.012774 0.039391 -0.003963
v -0.012475 0.039391 0.006779
v -0.012774 0.039391 0.007074
v -0.013540 0.031269 -0.031066
v -0.014140 0.031350 -0.030465
v -0.014140 0.031350 0.019851
v -0.014017 0.030163 0.019952
v -0.014134 0.039391 -0.011424
v -0.013369 0.040471 -0.012026
v -0.013534 0.039281 -0.012026
v 0.013540 0.031269 -0.031066
v 0.013540 0.030750 -0.031668
v 0.013958 0.040565 0.018543
v 0.014135 0.039391 0.018743
v 0.014139 0.031350 0.019856
v 0.014017 0.030163 0.019952
v 0.013370 0.040471 -0.012026
v 0.014134 0.039391 -0.011424
v 0.013534 0.039281 -0.012026
v -0.003288 0.053848 -0.028258
v -0.003887 0.053848 -0.028860
v -0.004487 0.053848 -0.031066
v -0.004487 0.054448 -0.030465
v -0.003887 0.053848 -0.030465
v 0.003286 0.053848 -0.028258
v 0.003887 0.053848 -0.028860
v 0.003887 0.053848 -0.030465
v -0.004882 0.034905 0.024009
v -0.005481 0.035505 0.023798
v -0.014140 0.034905 0.019661
v -0.013646 0.034905 0.020614
v -0.013540 0.035505 0.019902
v -0.013540 0.035505 0.016472
v -0.013538 0.036105 0.015875
v -0.012467 0.043410 0.015875
v -0.012313 0.044010 0.016472
v -0.014133 0.039391 0.015273
v -0.013533 0.039902 0.015875
v -0.013958 0.040565 0.015273
v -0.004882 0.044610 0.021867
v -0.005500 0.044584 0.022319
v -0.005481 0.044010 0.021882
v -0.012739 0.044584 0.018056
v -0.012313 0.044010 0.018447
v -0.012247 0.044584 0.019019
v 0.007669 0.022469 0.023392
v 0.007100 0.021452 0.024179
v 0.008088 0.022052 0.023216
v 0.007669 0.023606 0.023392
v 0.008209 0.024467 0.023181
v 0.007100 0.024587 0.024179
v -0.008625 0.022052 0.022981
v -0.009111 0.021514 0.022840
v -0.008541 0.021452 0.023658
v -0.008088 0.022052 0.023186
v -0.007108 0.021452 0.024204
v -0.007669 0.022469 0.023392
v -0.013468 0.027537 0.020343
v -0.012806 0.026689 0.020709
v -0.007669 0.023606 0.023392
v -0.008209 0.024467 0.023181
v -0.009000 0.020395 0.022890
v -0.008340 0.019798 0.023091
v -0.008432 0.020398 0.023693
v 0.009110 0.021514 0.022840
v 0.008625 0.022052 0.023001
v 0.008552 0.021452 0.023688
v 0.009000 0.020395 0.022890
v 0.008447 0.020398 0.023733
v 0.008341 0.019798 0.023121
v 0.012805 0.026689 0.020709
v 0.013469 0.027537 0.020343
v 0.004881 0.020398 0.024164
v -0.004882 0.020398 0.024169
v -0.005481 0.019798 0.024004
v -0.009619 0.052669 0.004005
v -0.009334 0.053165 0.003404
v -0.010058 0.052088 0.003705
v -0.009619 0.052669 0.009501
v -0.009334 0.053165 0.008900
v -0.010058 0.052088 0.009201
v -0.009619 0.052669 -0.007037
v -0.009334 0.053165 -0.007633
v -0.010058 0.052088 -0.007332
v -0.009334 0.053165 0.012871
v -0.009619 0.052669 0.012274
v -0.009334 0.053165 0.007375
v -0.009619 0.052669 0.006779
v -0.009619 0.052669 -0.001485
v -0.009334 0.053165 -0.002082
v -0.010058 0.052088 -0.001781
v -0.009334 0.053165 0.001889
v -0.009619 0.052669 0.001293
v -0.009334 0.053165 -0.003662
v -0.009619 0.052669 -0.004258
v -0.011948 0.026569 0.012274
v -0.011667 0.026139 0.012871
v -0.011948 0.026569 0.009501
v -0.012255 0.026754 0.009201
v -0.011667 0.026139 0.008900
v -0.011948 0.026569 0.004005
v -0.012255 0.026754 0.003705
v -0.011667 0.026139 0.003404
v -0.011948 0.026569 0.006779
v -0.011667 0.026139 0.007375
v -0.011948 0.026569 0.001293
v -0.011667 0.026139 0.001889
v -0.011948 0.026569 -0.001485
v -0.012255 0.026754 -0.001781
v -0.011667 0.026139 -0.002082
v -0.011948 0.026569 -0.004258
v -0.011667 0.026139 -0.003662
v -0.011948 0.026569 -0.007037
v -0.012255 0.026754 -0.007332
v -0.011667 0.026139 -0.007633
v -0.013468 0.027539 0.012871
v -0.012806 0.026689 0.012871
v -0.014017 0.030163 0.012871
v -0.014139 0.031350 0.012871
v -0.012806 0.026689 0.008900
v -0.013083 0.027156 0.009201
v -0.013468 0.027539 0.008900
v -0.014017 0.030163 0.008900
v -0.014139 0.031350 0.008900
v -0.012806 0.026689 0.003404
v -0.013083 0.027156 0.003705
v -0.013468 0.027539 0.003404
v -0.014017 0.030163 0.003404
v -0.014139 0.031350 0.003404
v -0.012806 0.026689 0.001889
v -0.013468 0.027539 0.001889
v -0.014017 0.030163 0.001889
v -0.014139 0.031350 0.001889
v -0.012806 0.026689 -0.002082
v -0.013083 0.027156 -0.001781
v -0.013468 0.027539 -0.002082
v -0.014017 0.030163 -0.002082
v -0.014139 0.031350 -0.002082
v -0.012806 0.026689 -0.007633
v -0.013083 0.027156 -0.007332
v -0.013468 0.027539 -0.007633
v -0.014139 0.031350 -0.007633
v -0.014017 0.030163 -0.007633
v -0.012806 0.026689 0.007375
v -0.013468 0.027539 0.007375
v -0.014017 0.030163 0.007375
v -0.014139 0.031350 0.007375
v -0.012806 0.026689 -0.003662
v -0.013468 0.027539 -0.003662
v -0.014017 0.030163 -0.003662
v -0.014139 0.031350 -0.003662
v -0.013834 0.039391 0.012570
v -0.013958 0.040565 0.012871
v -0.013638 0.040591 0.012570
v -0.013834 0.039391 0.007074
v -0.013958 0.040565 0.007375
v -0.013638 0.040591 0.007074
v -0.013958 0.040565 -0.002082
v -0.014132 0.039391 -0.002082
v -0.013958 0.040565 0.003404
v -0.014132 0.039391 0.003404
v -0.013958 0.040565 -0.007633
v -0.014132 0.039391 -0.007633
v -0.013958 0.040565 0.008900
v -0.014132 0.039391 0.008900
v -0.013834 0.039391 -0.003963
v -0.013958 0.040565 -0.003662
v -0.013638 0.040591 -0.003963
v -0.013834 0.039391 0.001588
v -0.013958 0.040565 0.001889
v -0.013638 0.040591 0.001588
v 0.003725 0.054083 0.014917
v 0.003212 0.054028 0.015338
v 0.003725 0.054083 0.013969
v 0.003212 0.054028 0.013553
v -0.003731 0.054083 0.014917
v -0.003218 0.054028 0.015338
v -0.003731 0.054083 0.013969
v -0.003218 0.054028 0.013553
v -0.012757 0.039756 -0.010356
v -0.008529 0.030338 -0.031046
v -0.010700 0.030750 -0.031668
v -0.009452 0.031264 -0.031066
v -0.011439 0.030288 -0.033970
v -0.010847 0.030220 -0.032927
v -0.011127 0.043410 0.015875
v -0.010059 0.044563 0.015308
v -0.010528 0.044010 0.016472
v -0.010938 0.036105 0.015875
v -0.010528 0.035505 0.016472
v -0.010086 0.035085 0.015278
v -0.007076 0.035505 0.021346
v -0.005481 0.034905 0.020744
v -0.007223 0.035111 0.020253
v -0.004882 0.034905 0.021386
v -0.005481 0.035505 0.021346
v -0.005481 0.044010 0.021251
v -0.005352 0.044602 0.020564
v -0.008965 0.030820 -0.010356
v -0.003921 0.052920 0.008258
v -0.004748 0.053280 0.008408
v -0.003921 0.053280 0.008629
v -0.005031 0.052920 0.007616
v -0.005203 0.052920 0.006974
v -0.005354 0.053280 0.007802
v -0.005354 0.053280 0.006147
v -0.005575 0.053280 0.006974
v -0.005031 0.052920 0.006332
v -0.004749 0.053280 0.005545
v -0.003921 0.053280 0.005319
v -0.003279 0.052920 0.005866
v -0.003921 0.052920 0.005690
v -0.002810 0.052920 0.006332
v -0.003092 0.053280 0.005545
v -0.002487 0.053280 0.006147
v -0.002810 0.052920 0.007616
v -0.002265 0.053280 0.006974
v -0.003092 0.053280 0.008408
v -0.002487 0.053280 0.007802
v -0.003279 0.052920 0.008087
v -0.004603 0.053381 -0.012362
v -0.004320 0.053381 -0.012302
v -0.004775 0.053381 -0.012502
v -0.003797 0.053381 -0.012703
v -0.003863 0.053381 -0.012502
v -0.004034 0.053381 -0.012362
v -0.004775 0.053381 -0.022908
v -0.004603 0.053381 -0.023043
v -0.004034 0.053381 -0.023043
v -0.003863 0.053381 -0.022908
v 0.004202 0.053381 -0.005888
v 0.004030 0.053381 -0.006024
v 0.004943 0.053381 -0.006024
v 0.004772 0.053381 -0.005888
v 0.004030 0.053381 -0.016429
v 0.003964 0.053381 -0.016228
v 0.004202 0.053381 -0.016569
v 0.004772 0.053381 -0.016569
v 0.004487 0.053381 -0.016629
v 0.004943 0.053381 -0.016429
v 0.003725 0.054083 0.014917
v -0.003218 0.054028 0.015338
v -0.003731 0.054083 0.014917
v -0.003731 0.054083 0.013969
v -0.012475 0.039391 0.012274
v -0.012367 0.040575 0.009501
v -0.012774 0.039391 0.001588
v -0.012475 0.039391 -0.004258
v -0.012475 0.039391 0.001293
v -0.012475 0.039391 0.006779
v -0.006156 0.053718 -0.031066
v -0.006255 0.054310 -0.030465
v -0.004882 0.030734 0.024164
v -0.004193 0.049190 0.020543
v -0.003453 0.050155 0.020383
v -0.004882 0.046055 0.021411
v -0.004741 0.047766 0.020894
v -0.002422 0.050937 0.020258
v -0.002860 0.051292 0.020679
v -0.000001 0.051584 0.020218
v -0.010753 0.051125 0.016863
v -0.011316 0.049271 0.017254
v -0.011802 0.047669 0.017560
v -0.012319 0.045966 0.017841
v -0.014140 0.032959 0.019816
v -0.007464 0.054018 0.017655
v -0.006263 0.054310 0.018091
v -0.003086 0.054448 0.018924
v -0.001551 0.054448 0.019134
v -0.000001 0.054448 0.019205
v -0.000001 0.053866 0.020027
v -0.010038 0.052513 0.016752
v -0.004753 0.054448 0.018533
v -0.005491 0.054341 -0.023404
v -0.008595 0.053608 0.017214
v -0.007549 0.053381 -0.031066
v -0.008595 0.053608 -0.030465
v -0.014017 0.030163 -0.078178
v -0.013540 0.030750 -0.031668
v -0.013540 0.030750 -0.078178
v -0.008727 0.052909 -0.031066
v -0.010038 0.052513 -0.030465
v -0.009554 0.052145 -0.031066
v -0.013540 0.036052 -0.012302
v -0.014146 0.036991 -0.011424
v -0.013540 0.037072 -0.012026
v -0.011513 0.046595 -0.012302
v -0.012041 0.046884 -0.011760
v -0.013540 0.035309 -0.013049
v -0.012415 0.045648 -0.011424
v -0.011820 0.045578 -0.012026
v -0.011288 0.047338 -0.013049
v -0.013540 0.034670 -0.014473
v -0.014140 0.033752 -0.030144
v -0.013540 0.034670 -0.029497
v -0.013540 0.034211 -0.030605
v -0.013540 0.033100 -0.031066
v -0.014140 0.032980 -0.030465
v -0.011502 0.048658 -0.030139
v -0.011159 0.047766 -0.029497
v -0.011599 0.048340 -0.029371
v -0.011263 0.049446 -0.030465
v -0.011019 0.048225 -0.030605
v -0.014140 0.034070 -0.029376
v -0.011159 0.047766 -0.014067
v 0.007475 0.054015 -0.030465
v 0.012522 0.045299 0.017941
v 0.014139 0.033230 0.019791
v 0.004881 0.039991 0.023191
v 0.004881 0.037784 0.023642
v 0.004881 0.033345 0.024094
v 0.004881 0.030734 0.024154
v 0.004193 0.049187 0.020543
v 0.003451 0.050155 0.020383
v 0.004877 0.046104 0.021396
v 0.004742 0.047766 0.020894
v 0.002420 0.050937 0.020263
v 0.010754 0.051125 0.016863
v 0.011316 0.049271 0.017254
v 0.011802 0.047669 0.017560
v 0.014139 0.037651 0.019205
v 0.014139 0.035481 0.019611
v 0.004881 0.043003 0.022359
v 0.006268 0.053715 0.018924
v 0.007476 0.054015 0.017650
v 0.006264 0.054310 0.018091
v 0.003085 0.054448 0.018924
v 0.001549 0.054448 0.019134
v 0.010038 0.052513 0.016752
v 0.013958 0.040565 0.018543
v 0.004753 0.054448 0.018533
v 0.008692 0.053569 0.017174
v 0.008692 0.053569 -0.030465
v 0.007548 0.053381 -0.031066
v 0.013540 0.030750 -0.078178
v 0.010038 0.052513 -0.030465
v 0.008726 0.052909 -0.031066
v 0.009553 0.052145 -0.031066
v 0.014146 0.036991 -0.011424
v 0.013540 0.036052 -0.012302
v 0.013540 0.037072 -0.012026
v 0.011513 0.046595 -0.012302
v 0.013540 0.035309 -0.013049
v 0.012415 0.045648 -0.011424
v 0.011821 0.045578 -0.012026
v 0.011288 0.047338 -0.013049
v 0.014017 0.030163 -0.007633
v 0.014139 0.031350 -0.030465
v 0.013540 0.034670 -0.014473
v 0.013540 0.034670 -0.029497
v 0.014139 0.033752 -0.030144
v 0.013540 0.034211 -0.030605
v 0.013540 0.033100 -0.031066
v 0.014139 0.032980 -0.030465
v 0.011160 0.047766 -0.029497
v 0.011502 0.048658 -0.030139
v 0.011018 0.048225 -0.030605
v 0.011263 0.049446 -0.030465
v 0.014139 0.034070 -0.029376
v 0.011160 0.047766 -0.014067
v -0.010221 0.050849 -0.031066
v -0.010680 0.049336 -0.031066
v -0.004320 0.054448 -0.023966
v -0.004487 0.053848 -0.031066
v -0.003887 0.051843 -0.030465
v -0.004487 0.051660 -0.031066
v -0.008595 0.053608 0.012916
v -0.003145 0.054448 -0.023404
v -0.002959 0.054448 -0.022842
v -0.009334 0.053165 -0.003662
v 0.003286 0.052025 -0.028258
v 0.003887 0.053848 -0.028860
v -0.006418 0.035505 0.023567
v -0.008170 0.035505 0.022981
v -0.005481 0.035505 0.023798
v -0.009857 0.035505 0.022238
v -0.011662 0.035505 0.021246
v -0.014140 0.034905 0.019661
v -0.008240 0.044010 0.020910
v -0.006119 0.044010 0.021707
v -0.010562 0.044010 0.019706
v -0.013958 0.040565 0.012871
v -0.004882 0.033048 0.024124
v -0.013540 0.035505 0.016472
v 0.010003 0.025335 0.022404
v 0.011834 0.026220 0.021396
v -0.010002 0.025335 0.022404
v -0.011833 0.026220 0.021396
v -0.007026 0.020398 0.024194
v -0.006868 0.019798 0.023617
v -0.008340 0.019798 -0.078178
v -0.012806 0.026689 0.012871
v -0.013468 0.027537 0.020343
v 0.012805 0.026689 0.012871
v -0.008209 0.024467 0.023181
v -0.007669 0.023606 0.023392
v 0.008209 0.024467 0.023181
v -0.008625 0.022052 -0.078178
v -0.009111 0.021514 -0.078178
v 0.008625 0.022052 -0.078178
v 0.009110 0.021514 -0.078178
v 0.010222 0.050849 -0.031066
v 0.010680 0.049336 -0.031066
v -0.010753 0.051125 0.003404
v -0.010038 0.052513 0.003404
v -0.010753 0.051125 0.008900
v -0.010038 0.052513 0.008900
v -0.010753 0.051125 -0.007633
v -0.010038 0.052513 -0.007633
v -0.010038 0.052513 0.012871
v -0.010753 0.051125 0.012871
v -0.010038 0.052513 0.007375
v -0.010753 0.051125 0.007375
v -0.010753 0.051125 -0.002082
v -0.010038 0.052513 -0.002082
v -0.010753 0.051125 0.001889
v -0.010038 0.052513 0.001889
v -0.010753 0.051125 -0.003662
v -0.010038 0.052513 -0.003662
v -0.009619 0.052669 0.009501
v -0.009619 0.052669 0.004005
v -0.009619 0.052669 -0.004258
v -0.009334 0.053165 -0.007633
v -0.011667 0.026139 0.012871
v -0.011667 0.026139 0.007375
v -0.011667 0.026139 0.003404
v -0.011667 0.026139 0.001889
v -0.011667 0.026139 -0.007633
v -0.014132 0.039391 0.007375
v -0.014132 0.039391 0.012871
v -0.012367 0.040575 -0.004258
v -0.014132 0.039391 -0.007633
v -0.013958 0.040565 -0.011424
v 0.013958 0.040565 -0.011424
v 0.014133 0.039391 -0.007633
v -0.014140 0.031350 0.019851
v -0.014139 0.031350 0.007375
v -0.014139 0.031350 0.001889
v -0.014139 0.031350 -0.003662
v -0.012367 0.040575 0.012274
v 0.014017 0.030163 0.012871
v 0.014139 0.031350 0.019856
v -0.012806 0.026689 -0.007633
v -0.013468 0.027539 -0.078178
v -0.012806 0.026689 -0.078178
v -0.013468 0.027539 -0.002082
v -0.012806 0.026689 0.001889
v -0.013468 0.027539 0.003404
v -0.012806 0.026689 0.008900
v -0.012806 0.026689 0.007375
v -0.012367 0.040575 0.006779
v -0.006016 0.054331 0.006974
v 0.004753 0.054448 0.018533
v -0.004968 0.054448 0.005064
v -0.004974 0.054388 -0.011585
v -0.005134 0.053955 -0.023153
v -0.004789 0.053986 -0.023434
v -0.004974 0.054388 -0.023820
v -0.004320 0.054028 -0.023534
v -0.003504 0.054028 -0.023153
v -0.003849 0.054028 -0.023434
v -0.003377 0.054028 -0.022772
v -0.002959 0.054448 -0.012568
v -0.003504 0.054028 -0.012257
v -0.003145 0.054448 -0.012006
v 0.003671 0.054028 -0.016675
v 0.003313 0.054448 -0.016925
v 0.004016 0.054028 -0.016955
v 0.004957 0.053986 -0.016955
v 0.005302 0.053955 -0.016675
v 0.004487 0.054028 -0.017056
v 0.005142 0.054388 -0.017346
v -0.005134 0.053955 -0.012257
v -0.005260 0.053942 -0.012633
v -0.004320 0.054028 -0.011876
v -0.004789 0.053986 -0.011976
v -0.005491 0.054341 -0.012006
v -0.004320 0.054448 -0.011444
v -0.003849 0.054028 -0.011976
v -0.003663 0.054448 -0.011590
v 0.005142 0.054388 -0.005111
v 0.005302 0.053953 -0.005778
v 0.005659 0.054341 -0.005527
v 0.003671 0.054028 -0.005778
v 0.003545 0.054028 -0.006159
v 0.003830 0.054448 -0.005111
v 0.003313 0.054448 -0.005527
v 0.004957 0.053986 -0.005497
v 0.004016 0.054028 -0.005497
v 0.004487 0.054028 -0.005397
v -0.002833 0.054448 0.005119
v -0.002487 0.053968 0.006147
v -0.002054 0.054448 0.005901
v -0.003921 0.053968 0.008629
v -0.004752 0.053968 0.005545
v -0.005718 0.054359 0.005886
v -0.005354 0.053913 0.006147
v -0.002265 0.053968 0.006974
v -0.002048 0.054448 0.008032
v -0.002487 0.053968 0.007802
v -0.005575 0.053893 0.006974
v -0.004748 0.053968 0.008408
v -0.005354 0.053913 0.007802
v -0.012422 0.030750 -0.078178
v -0.011439 0.030288 -0.078178
v 0.002563 0.050943 0.014340
v 0.001384 0.051420 0.013779
v -0.000001 0.051595 0.013643
v -0.010976 0.037576 0.015308
v -0.011191 0.039756 0.015308
v -0.004291 0.049435 0.016928
v -0.001386 0.051420 0.013779
v 0.005420 0.030844 0.017324
v 0.004881 0.028752 0.014200
v 0.004881 0.030593 0.018708
v 0.005419 0.029699 0.014511
v 0.004881 0.028426 0.012209
v -0.010847 0.042310 0.015308
v -0.009237 0.044560 0.017324
v -0.010528 0.044010 0.016472
v -0.010059 0.044563 0.015308
v -0.010847 0.042310 0.015308
v -0.009302 0.035072 0.017324
v -0.010528 0.035505 0.016472
v 0.005197 0.047495 0.019320
v 0.004297 0.049425 0.016943
v -0.005174 0.047484 0.019360
v 0.005442 0.033854 0.020744
v -0.007850 0.044563 0.019651
v -0.006598 0.044563 0.020313
v -0.005481 0.044010 0.021251
v -0.007922 0.035085 0.019651
v -0.005354 0.045687 0.020408
v 0.004881 0.035562 0.023958
v 0.005385 0.032164 0.019380
v -0.004882 0.044610 0.021867
v -0.005481 0.044010 0.021882
v 0.005384 0.045711 0.020744
v -0.003288 0.052025 -0.028258
v -0.012313 0.044010 0.016472
v -0.012467 0.043410 0.015875
v -0.005481 0.034905 0.020744
v -0.003921 0.053968 0.005319
v -0.003921 0.054448 0.004768
v -0.012698 0.040356 -0.012026
v 0.004881 0.020398 -0.078178
v 0.005481 0.019798 0.024004
v -0.011368 0.037495 0.015875
v -0.002573 0.050943 0.014335
v -0.003759 0.050137 0.015634
v 0.003758 0.050137 0.015634
v -0.009849 0.047766 -0.029497
v -0.009849 0.047766 -0.014067
v 0.007100 0.019798 0.023547
v 0.010038 0.052513 0.012871
v 0.009334 0.053165 0.012871
v 0.007476 0.054015 0.017650
v 0.006264 0.054310 0.018091
v 0.008692 0.053569 0.017174
v -0.003377 0.054028 -0.012633
v -0.009334 0.053165 0.007375
v 0.009334 0.053165 -0.007633
v 0.011834 0.026220 0.021396
v 0.010003 0.025335 0.022404
v 0.011667 0.026139 0.012871
v 0.011667 0.026139 0.001889
v 0.011667 0.026139 0.003404
v -0.012806 0.026689 0.020709
v -0.011667 0.026139 0.007375
v -0.011667 0.026139 0.001889
v -0.012806 0.026689 0.003404
v -0.011667 0.026139 -0.002082
v -0.011667 0.026139 -0.003662
v 0.012475 0.039391 0.009501
v 0.011948 0.026569 0.012274
v 0.011948 0.026569 0.009501
v 0.010754 0.051125 0.001889
v 0.013958 0.040565 0.003404
v 0.013958 0.040565 0.001889
v 0.009334 0.053165 0.008900
v 0.010038 0.052513 0.007375
v 0.009334 0.053165 0.007375
v 0.013958 0.040565 -0.003662
v 0.010754 0.051125 -0.002082
v 0.013958 0.040565 -0.002082
v 0.011667 0.026139 -0.003662
v 0.012805 0.026689 -0.002082
v 0.011667 0.026139 -0.002082
v 0.013469 0.027537 0.008900
v 0.014017 0.030163 0.007375
v 0.014017 0.030163 0.008900
v 0.013469 0.027539 0.003404
v 0.014017 0.030163 0.001889
v 0.014017 0.030163 0.003404
v 0.013469 0.027539 -0.003662
v 0.014017 0.030163 -0.002082
v 0.013469 0.027539 -0.002082
v 0.010754 0.051125 0.008900
v 0.010754 0.051125 0.007375
v 0.012366 0.040575 0.006779
v 0.009619 0.052669 0.004005
v 0.009619 0.052669 0.006779
v 0.012366 0.040575 0.012274
v 0.009619 0.052669 0.009501
v 0.009619 0.052669 0.012274
v 0.010038 0.052513 -0.003662
v 0.010754 0.051125 -0.003662
v 0.012475 0.039391 -0.001485
v 0.011948 0.026569 0.001293
v 0.011948 0.026569 -0.001485
v 0.012366 0.040575 0.001293
v 0.009619 0.052669 -0.001485
v 0.009619 0.052669 0.001293
v 0.014133 0.039391 -0.002082
v 0.014139 0.031350 -0.003662
v 0.014133 0.039391 -0.003662
v 0.010038 0.052513 0.003404
v 0.010754 0.051125 0.003404
v 0.012366 0.040575 -0.007037
v 0.009619 0.052669 -0.004258
v 0.012366 0.040575 -0.004258
v 0.013958 0.040565 0.008900
v 0.013958 0.040565 0.007375
v 0.012475 0.039391 0.004005
v 0.011948 0.026569 0.006779
v 0.011948 0.026569 0.004005
v 0.012475 0.039391 -0.007037
v 0.011948 0.026569 -0.004258
v 0.011948 0.026569 -0.007037
v 0.014139 0.031350 0.003404
v 0.014133 0.039391 0.001889
v 0.014133 0.039391 0.003404
v 0.014133 0.039391 0.007375
v 0.014139 0.031350 0.008900
v 0.014139 0.031350 0.007375
v 0.012475 0.039391 0.012274
v 0.012366 0.040575 0.009501
v 0.012475 0.039391 -0.004258
v 0.012475 0.039391 0.001293
v 0.012366 0.040575 -0.001485
v 0.012475 0.039391 0.006779
v 0.012366 0.040575 0.004005
v 0.009334 0.053165 -0.003662
v 0.011667 0.026139 0.008900
v 0.011667 0.026139 0.007375
v 0.011667 0.026139 -0.007633
v 0.009334 0.053165 0.003404
v 0.014139 0.031350 -0.002082
v 0.013469 0.027539 -0.007633
v 0.012805 0.026689 -0.078178
v 0.012805 0.026689 -0.003662
v 0.012805 0.026689 0.001889
v 0.013469 0.027537 0.001889
v 0.012805 0.026689 0.007375
v 0.013469 0.027539 0.007375
v 0.010038 0.052513 0.001889
v 0.010038 0.052513 -0.002082
v 0.012805 0.026689 0.003404
v 0.012805 0.026689 0.008900
v 0.008209 0.024467 -0.078178
v 0.013841 0.030781 0.012570
v 0.012255 0.026754 0.012570
v 0.012774 0.039391 0.012570
v 0.010475 0.051013 0.012570
v 0.012670 0.040591 0.012570
v 0.010058 0.052088 0.012570
v 0.013841 0.030781 0.001588
v 0.012255 0.026754 0.001588
v 0.012774 0.039391 0.001588
v 0.010475 0.051013 -0.001781
v 0.012670 0.040591 -0.001781
v 0.013638 0.040591 -0.001781
v 0.010475 0.051013 -0.007332
v 0.012670 0.040591 -0.007332
v 0.013638 0.040591 -0.007332
v 0.010475 0.051013 0.001588
v 0.012670 0.040591 0.001588
v 0.010058 0.052088 0.001588
v 0.010475 0.051013 0.003705
v 0.012670 0.040591 0.003705
v 0.013638 0.040591 0.003705
v 0.010475 0.051013 -0.003963
v 0.012670 0.040591 -0.003963
v 0.010058 0.052088 -0.003963
v 0.013841 0.030781 -0.007332
v 0.013834 0.039391 -0.007332
v 0.012774 0.039391 -0.007332
v 0.010475 0.051013 0.007074
v 0.012670 0.040591 0.007074
v 0.010058 0.052088 0.007074
v 0.013841 0.030781 0.003705
v 0.013834 0.039391 0.003705
v 0.012774 0.039391 0.003705
v 0.013841 0.030781 -0.003963
v 0.012255 0.026754 -0.003963
v 0.012774 0.039391 -0.003963
v 0.013841 0.030781 0.009201
v 0.013834 0.039391 0.009201
v 0.012774 0.039391 0.009201
v 0.013841 0.030781 0.007074
v 0.012255 0.026754 0.007074
v 0.012774 0.039391 0.007074
v 0.013841 0.030781 -0.001781
v 0.013834 0.039391 -0.001781
v 0.012774 0.039391 -0.001781
v 0.010475 0.051013 0.009201
v 0.012670 0.040591 0.009201
v 0.013638 0.040591 0.009201
v 0.012475 0.039391 0.012274
v 0.012366 0.040575 0.012274
v 0.012475 0.039391 0.009501
v 0.012366 0.040575 0.009501
v 0.012475 0.039391 0.001293
v 0.012475 0.039391 -0.007037
v 0.012366 0.040575 -0.007037
v 0.012475 0.039391 0.004005
v 0.012366 0.040575 0.004005
v 0.012475 0.039391 -0.001485
v 0.012475 0.039391 -0.004258
v 0.012475 0.039391 0.006779
v 0.009619 0.052669 0.004005
v 0.010058 0.052088 0.003705
v 0.009334 0.053165 0.003404
v 0.009619 0.052669 0.009501
v 0.010058 0.052088 0.009201
v 0.009334 0.053165 0.008900
v 0.009619 0.052669 -0.007037
v 0.010058 0.052088 -0.007332
v 0.009334 0.053165 -0.007633
v 0.009619 0.052669 0.012274
v 0.009334 0.053165 0.012871
v 0.009619 0.052669 0.006779
v 0.009334 0.053165 0.007375
v 0.009619 0.052669 -0.001485
v 0.010058 0.052088 -0.001781
v 0.009334 0.053165 -0.002082
v 0.009619 0.052669 0.001293
v 0.009334 0.053165 0.001889
v 0.009619 0.052669 -0.004258
v 0.009334 0.053165 -0.003662
v 0.011667 0.026139 0.012871
v 0.011948 0.026569 0.012274
v 0.011948 0.026569 0.009501
v 0.011667 0.026139 0.008900
v 0.012255 0.026754 0.009201
v 0.011948 0.026569 0.004005
v 0.011667 0.026139 0.003404
v 0.012255 0.026754 0.003705
v 0.011667 0.026139 0.007375
v 0.011948 0.026569 0.006779
v 0.011667 0.026139 0.001889
v 0.011948 0.026569 0.001293
v 0.011948 0.026569 -0.001485
v 0.011667 0.026139 -0.002082
v 0.012255 0.026754 -0.001781
v 0.011667 0.026139 -0.003662
v 0.011948 0.026569 -0.004258
v 0.011948 0.026569 -0.007037
v 0.011667 0.026139 -0.007633
v 0.012255 0.026754 -0.007332
v 0.013469 0.027537 0.012871
v 0.012805 0.026689 0.012871
v 0.013083 0.027156 0.012570
v 0.014017 0.030163 0.012871
v 0.014139 0.031350 0.012871
v 0.012805 0.026689 0.008900
v 0.013469 0.027537 0.008900
v 0.013083 0.027156 0.009201
v 0.014017 0.030163 0.008900
v 0.014139 0.031350 0.008900
v 0.012805 0.026689 0.003404
v 0.013469 0.027539 0.003404
v 0.013083 0.027156 0.003705
v 0.014017 0.030163 0.003404
v 0.014139 0.031350 0.003404
v 0.012805 0.026689 0.001889
v 0.013083 0.027156 0.001588
v 0.013469 0.027537 0.001889
v 0.014017 0.030163 0.001889
v 0.014139 0.031350 0.001889
v 0.012805 0.026689 -0.002082
v 0.013469 0.027539 -0.002082
v 0.013083 0.027156 -0.001781
v 0.014017 0.030163 -0.002082
v 0.014139 0.031350 -0.002082
v 0.012805 0.026689 -0.007633
v 0.013469 0.027539 -0.007633
v 0.013083 0.027156 -0.007332
v 0.014139 0.031350 -0.007633
v 0.014017 0.030163 -0.007633
v 0.012805 0.026689 0.007375
v 0.013083 0.027156 0.007074
v 0.013469 0.027539 0.007375
v 0.014017 0.030163 0.007375
v 0.014139 0.031350 0.007375
v 0.012805 0.026689 -0.003662
v 0.013083 0.027156 -0.003963
v 0.013469 0.027539 -0.003662
v 0.014017 0.030163 -0.003662
v 0.014139 0.031350 -0.003662
v 0.013834 0.039391 0.012570
v 0.013958 0.040565 0.012871
v 0.014133 0.039391 0.012871
v 0.013834 0.039391 0.007074
v 0.013958 0.040565 0.007375
v 0.014133 0.039391 0.007375
v 0.013958 0.040565 -0.002082
v 0.013958 0.040565 0.003404
v 0.013958 0.040565 -0.007633
v 0.013958 0.040565 0.008900
v 0.013834 0.039391 -0.003963
v 0.013958 0.040565 -0.003662
v 0.014133 0.039391 -0.003662
v 0.013834 0.039391 0.001588
v 0.013958 0.040565 0.001889
v 0.014133 0.039391 0.001889
v 0.013638 0.040591 0.012570
v 0.012366 0.040575 -0.001485
v 0.013638 0.040591 0.001588
v 0.013638 0.040591 -0.003963
v 0.013638 0.040591 0.007074
v 0.010754 0.051125 0.003404
v 0.010038 0.052513 0.003404
v 0.010754 0.051125 0.008900
v 0.010038 0.052513 0.008900
v 0.010754 0.051125 -0.007633
v 0.010038 0.052513 -0.007633
v 0.010038 0.052513 0.012871
v 0.010754 0.051125 0.012871
v 0.010038 0.052513 0.007375
v 0.010754 0.051125 0.007375
v 0.010754 0.051125 -0.002082
v 0.010038 0.052513 -0.002082
v 0.010754 0.051125 0.001889
v 0.010038 0.052513 0.001889
v 0.010754 0.051125 -0.003662
v 0.010038 0.052513 -0.003662
v 0.012366 0.040575 -0.004258
v 0.012366 0.040575 0.001293
v 0.012366 0.040575 0.006779
v 0.009451 0.031264 -0.031066
v 0.010605 0.032670 -0.010356
v 0.010834 0.033100 -0.031066
v 0.008529 0.030338 -0.031046
v 0.007087 0.029154 -0.010356
v 0.008965 0.030820 -0.010356
v 0.002488 0.027247 -0.031197
v -0.000001 0.027002 -0.010356
v 0.003685 0.027610 -0.010356
v 0.004881 0.027975 -0.031197
v 0.007087 0.029154 -0.031197
v 0.012423 0.030750 -0.033087
v 0.010700 0.030750 -0.031668
v 0.013540 0.030750 -0.031668
v 0.013540 0.031269 -0.031066
v 0.010834 0.033100 -0.031066
v 0.013540 0.033100 -0.031066
v 0.004487 0.051660 -0.031066
v 0.004487 0.053848 -0.031066
v 0.006157 0.053718 -0.031066
v 0.011429 0.034211 -0.030605
v 0.013540 0.034211 -0.030605
v 0.010680 0.049336 -0.031066
v 0.009472 0.048225 -0.030605
v 0.008336 0.049336 -0.031066
v 0.013540 0.037072 -0.012026
v 0.012686 0.039138 -0.012026
v 0.013534 0.039281 -0.012026
v 0.013540 0.034670 -0.014473
v 0.011916 0.035309 -0.013049
v 0.013540 0.035309 -0.013049
v 0.013540 0.034670 -0.029497
v 0.011675 0.034670 -0.014473
v 0.011513 0.046595 -0.012302
v 0.011284 0.045578 -0.012026
v 0.010740 0.046595 -0.012302
v 0.012142 0.036052 -0.012302
v 0.013540 0.036052 -0.012302
v 0.011786 0.044636 -0.012026
v 0.012512 0.042244 -0.010356
v 0.011786 0.044636 -0.010356
v 0.011288 0.047338 -0.013049
v 0.010200 0.047338 -0.013049
v 0.011160 0.047766 -0.014067
v 0.009849 0.047766 -0.014067
v 0.010200 0.047338 -0.013049
v 0.010740 0.046595 -0.012302
v 0.010607 0.046843 -0.010356
v 0.011018 0.048225 -0.030605
v 0.009849 0.047766 -0.029497
v 0.012142 0.036052 -0.012302
v 0.011786 0.034879 -0.010356
v 0.012450 0.037072 -0.010356
v 0.006640 0.050585 -0.031066
v 0.004881 0.051540 -0.010356
v 0.004487 0.051660 -0.031066
v 0.008336 0.049336 -0.031066
v 0.007087 0.050361 -0.010356
v 0.002488 0.052268 -0.028258
v -0.000001 0.052513 -0.010356
v -0.000001 0.052513 -0.028258
v 0.011675 0.034670 -0.014473
v 0.011284 0.045578 -0.012026
v 0.003887 0.051843 -0.028860
v 0.012686 0.039138 -0.012026
v 0.012757 0.039756 -0.010356
v 0.011675 0.034670 -0.029497
v 0.011821 0.045578 -0.012026
v 0.013370 0.040471 -0.012026
v 0.012512 0.042244 -0.012026
v 0.012698 0.040356 -0.012026
v 0.012512 0.042244 -0.012026
v 0.012450 0.037072 -0.012026
v 0.011160 0.047766 -0.029497
v 0.009849 0.047766 -0.029497
v 0.008529 0.030338 -0.031046
v 0.009451 0.031264 -0.031066
v 0.011439 0.030288 -0.033970
v 0.010847 0.030220 -0.032927
v 0.003887 0.051843 -0.030465
v 0.012423 0.030750 -0.078178
v 0.012698 0.040356 -0.012026
v 0.009849 0.047766 -0.014067
v 0.009849 0.047766 -0.029497
v -0.005352 0.044602 0.020564
v -0.000001 0.051660 0.011608
v -0.000001 0.051660 0.011608
v -0.000001 0.027855 0.011011
v -0.000001 0.051660 -0.008902
v -0.008417 0.031342 -0.008902
v -0.004842 0.053381 -0.012703
v -0.003921 0.053280 0.008629
v 0.005010 0.053381 -0.016228
v -0.003731 0.054083 0.013969
v 0.003725 0.054083 0.014917
v 0.007669 0.022469 0.023392
v -0.013538 0.036105 0.015875
v -0.014140 0.032959 0.019816
v -0.013958 0.040565 -0.007633
v -0.010753 0.051125 0.016863
v -0.007549 0.053381 -0.031066
v -0.006156 0.053718 -0.031066
v -0.010221 0.050849 -0.031066
v -0.010753 0.051125 -0.003662
v 0.014135 0.039391 0.018743
v 0.014139 0.037651 0.019205
v 0.014139 0.033230 0.019791
v 0.004881 0.021846 -0.078178
v 0.005428 0.053942 -0.006159
v 0.011802 0.047669 0.017560
v 0.011316 0.049271 0.017254
v -0.003887 0.051843 -0.030465
v -0.012313 0.044010 0.018447
v -0.012313 0.044010 0.016472
v -0.010073 0.044010 0.017595
v -0.010562 0.044010 0.019706
v -0.005481 0.044010 0.021882
v -0.006119 0.044010 0.021707
v 0.007100 0.019798 0.023547
v 0.005481 0.019798 0.024004
v -0.006868 0.019798 0.023617
v 0.014139 0.035742 -0.011760
v -0.014140 0.035742 -0.011760
v -0.011667 0.026139 -0.002082
v -0.009619 0.052669 0.001293
v -0.010753 0.051125 0.003404
v -0.010753 0.051125 0.007375
v -0.013468 0.027539 0.008900
v -0.011802 0.047669 0.017560
v -0.011316 0.049271 0.017254
v -0.009020 0.048775 -0.010356
v -0.011159 0.047766 -0.029497
v -0.000001 0.052513 -0.010356
v -0.011429 0.034211 -0.030605
v -0.006418 0.035505 0.023567
v -0.009857 0.035505 0.022238
v -0.008170 0.035505 0.022981
v -0.013540 0.035505 0.016472
v -0.013540 0.035505 0.019902
v -0.003887 0.051843 -0.030465
v 0.013958 0.040565 -0.007633
v 0.003286 0.053848 -0.028258
v 0.002488 0.052268 -0.028258
v -0.011786 0.044636 -0.012026
v 0.005377 0.029201 0.011011
v -0.000001 0.051595 0.013643
v -0.014132 0.039391 -0.003662
v -0.014132 0.039391 0.001889
v -0.001264 0.051417 0.020218
v 0.013240 0.042933 0.018297
v 0.001263 0.051417 0.020218
v -0.003887 0.053848 -0.030465
v -0.004882 0.034905 0.024009
v -0.013540 0.035505 0.019902
v -0.012313 0.044010 0.018447
v 0.012805 0.026689 0.020709
v -0.008209 0.024467 -0.078178
v -0.011667 0.026139 0.008900
v 0.003725 0.054083 0.013969
v -0.003088 0.053968 0.005545
v -0.003088 0.053968 0.008403
v 0.005377 0.029201 0.011011
v -0.010086 0.035085 0.015278
v 0.005384 0.045711 0.020744
v -0.005352 0.044602 0.020564
v 0.005481 0.019798 -0.078178
v -0.009471 0.048225 -0.030605
v -0.010002 0.025335 0.022404
v -0.011833 0.026220 0.021396
v -0.011667 0.026139 0.008900
v -0.011667 0.026139 0.003404
v 0.010038 0.052513 0.008900
v 0.014017 0.030163 -0.003662
v 0.009619 0.052669 -0.007037
v 0.014139 0.031350 0.001889
v 0.014133 0.039391 0.008900
v 0.012805 0.026689 -0.007633
v 0.014133 0.039391 -0.002082
v 0.014133 0.039391 0.003404
v 0.014133 0.039391 -0.007633
v 0.014133 0.039391 0.008900
v -0.000001 0.027002 -0.031197
v 0.013540 0.030750 -0.078178
v 0.007548 0.053381 -0.031066
v 0.006640 0.050585 -0.031066
v 0.008726 0.052909 -0.031066
v 0.009553 0.052145 -0.031066
v 0.010222 0.050849 -0.031066
v 0.009021 0.048775 -0.010356
v 0.011160 0.047766 -0.029497
v 0.012450 0.037072 -0.012026
v 0.011916 0.035309 -0.013049
v 0.002488 0.052268 -0.010356
v 0.011675 0.034670 -0.029497
v 0.011429 0.034211 -0.030605
v 0.003286 0.052025 -0.028258
v 0.003887 0.051843 -0.030465
v 0.011786 0.044636 -0.012026
v 0.003887 0.053848 -0.030465
v 0.011439 0.030288 -0.078178
v 0.009472 0.048225 -0.030605
v -0.004554 0.053780 -0.074417
v -0.002891 0.054286 -0.074417
v -0.002891 0.054286 -0.076864
v -0.005669 0.053444 -0.034261
v -0.008229 0.052075 -0.076864
v -0.008229 0.052075 -0.034261
v -0.002891 0.054286 -0.034261
v -0.000001 0.054571 -0.034261
v -0.001700 0.054404 -0.068114
v -0.014002 0.043277 -0.033383
v -0.012949 0.041358 -0.031753
v -0.012631 0.042933 -0.031753
v -0.012043 0.047805 -0.033383
v -0.012071 0.044759 -0.031753
v -0.010864 0.047017 -0.031753
v -0.010242 0.049999 -0.033383
v -0.009239 0.048997 -0.031753
v -0.007259 0.050622 -0.031753
v -0.008047 0.051801 -0.033383
v -0.005000 0.051829 -0.031753
v -0.005543 0.053139 -0.033383
v -0.013382 0.045301 -0.033383
v -0.002891 0.054286 -0.070491
v -0.004554 0.053780 -0.070491
v -0.005669 0.053444 -0.076864
v -0.012737 0.039756 -0.030876
v -0.012623 0.041316 -0.024171
v -0.012623 0.041316 -0.030876
v -0.001700 0.054404 -0.070491
v -0.012313 0.042852 -0.030876
v -0.011768 0.044631 -0.024171
v -0.011768 0.044631 -0.030876
v -0.012313 0.042852 -0.024171
v -0.010591 0.046835 -0.030876
v -0.009006 0.048765 -0.024171
v -0.009006 0.048765 -0.030876
v -0.007076 0.050348 -0.024171
v -0.007076 0.050348 -0.030876
v -0.004874 0.051524 -0.030876
v -0.004874 0.051524 -0.024171
v -0.002485 0.052249 -0.024171
v -0.002485 0.052249 -0.030876
v -0.000001 0.052495 -0.024171
v -0.000001 0.052495 -0.030876
v -0.010474 0.050233 -0.076864
v -0.012316 0.047988 -0.076864
v -0.012099 0.048160 -0.068510
v -0.014753 0.041209 -0.069999
v -0.014512 0.042831 -0.076864
v -0.014753 0.041209 -0.076864
v -0.014813 0.039756 -0.070019
v -0.014813 0.039756 -0.076864
v -0.010474 0.050233 -0.034261
v -0.003705 0.053752 -0.071343
v -0.001253 0.054448 -0.074417
v -0.000001 0.054571 -0.074417
v -0.000001 0.054571 -0.076864
v -0.014142 0.044159 -0.069859
v -0.013415 0.046102 -0.076864
v -0.014083 0.044414 -0.076864
v -0.013589 0.045596 -0.069673
v -0.012355 0.032216 -0.046005
v -0.012012 0.047849 -0.047429
v -0.012012 0.031665 -0.047429
v -0.014656 0.041287 -0.040383
v -0.014320 0.043358 -0.034261
v -0.014490 0.042774 -0.040799
v -0.002550 0.052573 -0.031753
v -0.002826 0.053963 -0.033383
v -0.000001 0.052823 -0.031753
v -0.000001 0.054242 -0.033383
v -0.012135 0.048105 -0.045573
v -0.012316 0.047988 -0.034261
v -0.011496 0.048987 -0.066549
v -0.011651 0.048799 -0.067527
v -0.014530 0.042703 -0.069954
v -0.011813 0.048100 -0.049495
v -0.011813 0.031415 -0.049495
v -0.011813 0.031415 -0.066459
v -0.011813 0.048100 -0.066459
v -0.013811 0.035416 -0.042530
v -0.013283 0.045541 -0.043573
v -0.013283 0.033974 -0.043573
v -0.011496 0.048987 -0.049440
v -0.011717 0.048718 -0.047183
v -0.012780 0.033220 -0.068625
v -0.012225 0.047398 -0.067948
v -0.012780 0.046292 -0.068625
v -0.013302 0.034386 -0.069006
v -0.013302 0.045129 -0.069006
v -0.011921 0.031564 -0.067171
v -0.012225 0.032117 -0.067948
v -0.013313 0.046123 -0.042810
v -0.013686 0.045426 -0.034261
v -0.013918 0.044633 -0.041737
v -0.012740 0.047179 -0.044014
v -0.012855 0.033129 -0.044540
v -0.012855 0.046386 -0.044540
v -0.014813 0.039756 -0.040273
v -0.014691 0.041569 -0.034261
v -0.010591 0.046835 -0.024171
v -0.000001 0.054571 -0.068114
v -0.014365 0.041527 -0.033383
v -0.013066 0.039756 -0.031753
v -0.011921 0.047951 -0.067171
v -0.001319 0.054002 -0.070440
v -0.001834 0.053940 -0.070942
v -0.001319 0.054002 -0.069061
v -0.000808 0.054041 -0.068560
v -0.002802 0.053843 -0.070942
v -0.002810 0.053840 -0.073971
v -0.003705 0.053752 -0.073570
v -0.014485 0.039756 -0.033383
v -0.012623 0.041316 -0.024171
v -0.012236 0.039756 -0.023670
v -0.012127 0.041248 -0.023670
v -0.012313 0.042852 -0.024171
v -0.011304 0.044438 -0.023670
v -0.011768 0.044631 -0.024171
v -0.010173 0.046556 -0.023670
v -0.010591 0.046835 -0.024171
v -0.008651 0.048410 -0.023670
v -0.009006 0.048765 -0.024171
v -0.006797 0.049931 -0.023670
v -0.007076 0.050348 -0.024171
v -0.004682 0.051060 -0.023670
v -0.004874 0.051524 -0.024171
v -0.002387 0.051756 -0.023670
v -0.002485 0.052249 -0.024171
v -0.000001 0.052495 -0.024171
v -0.000001 0.051994 -0.023670
v -0.000001 0.054119 -0.073971
v -0.001209 0.053999 -0.073971
v -0.000001 0.054119 -0.068560
v -0.012829 0.046983 -0.069252
v -0.013704 0.043955 -0.069212
v -0.014336 0.039756 -0.069372
v -0.014279 0.041159 -0.069347
v -0.011813 0.048100 -0.066459
v -0.011813 0.048100 -0.049495
v -0.012012 0.047849 -0.047429
v -0.014560 0.039756 -0.041211
v -0.014432 0.041125 -0.041316
v -0.012780 0.046292 -0.068625
v -0.011921 0.047951 -0.067171
v -0.012225 0.047398 -0.067948
v -0.012355 0.047299 -0.046005
v -0.013811 0.044099 -0.042530
v -0.013283 0.045541 -0.043573
v -0.014197 0.042456 -0.041617
v -0.011828 0.042729 -0.023670
v -0.013302 0.045129 -0.069006
v -0.014068 0.042576 -0.069307
v -0.009901 0.039756 -0.023670
v -0.009143 0.043541 -0.023670
v -0.009568 0.042156 -0.023670
v -0.008228 0.045254 -0.023670
v -0.005497 0.047985 -0.023670
v -0.006997 0.046754 -0.023670
v -0.001930 0.049464 -0.023670
v -0.003787 0.048900 -0.023670
v -0.009816 0.040932 -0.023670
v -0.012355 0.047299 -0.046005
v 0.004554 0.053780 -0.074417
v 0.002889 0.054286 -0.076864
v 0.002889 0.054286 -0.074417
v 0.008230 0.052075 -0.076864
v 0.005668 0.053444 -0.034261
v 0.008230 0.052075 -0.034261
v 0.002889 0.054286 -0.034261
v 0.001699 0.054404 -0.068114
v 0.014001 0.043277 -0.033383
v 0.012950 0.041358 -0.031753
v 0.014365 0.041527 -0.033383
v 0.012043 0.047805 -0.033383
v 0.012071 0.044759 -0.031753
v 0.013381 0.045301 -0.033383
v 0.010241 0.049999 -0.033383
v 0.010864 0.047017 -0.031753
v 0.007259 0.050622 -0.031753
v 0.008047 0.051801 -0.033383
v 0.005000 0.051829 -0.031753
v 0.005542 0.053139 -0.033383
v 0.004554 0.053780 -0.070491
v 0.002889 0.054286 -0.070491
v 0.005668 0.053444 -0.076864
v 0.012624 0.041316 -0.024171
v 0.012737 0.039756 -0.030876
v 0.012624 0.041316 -0.030876
v 0.001699 0.054404 -0.070491
v 0.011768 0.044631 -0.024171
v 0.012313 0.042852 -0.030876
v 0.011768 0.044631 -0.030876
v 0.012313 0.042852 -0.024171
v 0.009007 0.048765 -0.024171
v 0.010590 0.046835 -0.030876
v 0.009007 0.048765 -0.030876
v 0.007076 0.050348 -0.024171
v 0.007076 0.050348 -0.030876
v 0.004874 0.051524 -0.024171
v 0.004874 0.051524 -0.030876
v 0.002485 0.052249 -0.024171
v 0.002485 0.052249 -0.030876
v 0.010474 0.050233 -0.076864
v 0.012099 0.048160 -0.068510
v 0.012317 0.047988 -0.076864
v 0.014511 0.042831 -0.076864
v 0.014752 0.041209 -0.069999
v 0.014752 0.041209 -0.076864
v 0.014813 0.039756 -0.070019
v 0.014813 0.039756 -0.076864
v 0.010474 0.050233 -0.034261
v 0.003704 0.053752 -0.071343
v 0.003704 0.053752 -0.073570
v 0.001252 0.054448 -0.074417
v 0.013416 0.046102 -0.076864
v 0.014142 0.044159 -0.069859
v 0.014083 0.044414 -0.076864
v 0.013590 0.045596 -0.069673
v 0.014320 0.043358 -0.034261
v 0.014656 0.041287 -0.040383
v 0.014490 0.042774 -0.040799
v 0.002549 0.052573 -0.031753
v 0.002826 0.053963 -0.033383
v 0.012135 0.048105 -0.045573
v 0.011717 0.048718 -0.047183
v 0.011495 0.048987 -0.066549
v 0.011652 0.048799 -0.067527
v 0.014530 0.042703 -0.069954
v 0.011495 0.048987 -0.049440
v 0.012317 0.047988 -0.034261
v 0.013313 0.046123 -0.042810
v 0.012741 0.047179 -0.044014
v 0.013685 0.045426 -0.034261
v 0.013918 0.044633 -0.041737
v 0.014691 0.041569 -0.034261
v 0.014813 0.039756 -0.040273
v 0.010590 0.046835 -0.024171
v 0.013066 0.039756 -0.031753
v 0.014484 0.039756 -0.033383
v 0.001318 0.054002 -0.070440
v 0.001833 0.053940 -0.070942
v 0.001318 0.054002 -0.069061
v 0.000807 0.054041 -0.068560
v 0.002801 0.053843 -0.070942
v 0.002809 0.053840 -0.073971
v 0.014813 0.039756 -0.034261
v 0.012631 0.042933 -0.031753
v 0.009239 0.048997 -0.031753
v 0.012624 0.041316 -0.024171
v 0.012236 0.039756 -0.023670
v 0.012737 0.039756 -0.024171
v 0.011303 0.044438 -0.023670
v 0.012313 0.042852 -0.024171
v 0.011768 0.044631 -0.024171
v 0.010173 0.046556 -0.023670
v 0.010590 0.046835 -0.024171
v 0.009007 0.048765 -0.024171
v 0.006797 0.049931 -0.023670
v 0.007076 0.050348 -0.024171
v 0.004682 0.051060 -0.023670
v 0.004874 0.051524 -0.024171
v 0.002387 0.051756 -0.023670
v 0.002485 0.052249 -0.024171
v 0.001208 0.053999 -0.073971
v 0.012830 0.046983 -0.069252
v 0.013704 0.043955 -0.069212
v 0.014336 0.039756 -0.069372
v 0.011812 0.048100 -0.066459
v 0.012013 0.047849 -0.047429
v 0.014559 0.039756 -0.041211
v 0.014432 0.041125 -0.041316
v 0.012781 0.046292 -0.068625
v 0.011921 0.047951 -0.067171
v 0.012226 0.047398 -0.067948
v 0.012355 0.047299 -0.046005
v 0.012855 0.046386 -0.044540
v 0.013811 0.044099 -0.042530
v 0.013282 0.045541 -0.043573
v 0.014197 0.042456 -0.041617
v 0.012127 0.041248 -0.023670
v 0.013302 0.045129 -0.069006
v 0.014278 0.041159 -0.069347
v 0.009901 0.039756 -0.023670
v 0.009816 0.040932 -0.023670
v 0.011828 0.042729 -0.023670
v 0.009144 0.043541 -0.023670
v 0.009568 0.042156 -0.023670
v 0.008227 0.045254 -0.023670
v 0.008651 0.048410 -0.023670
v 0.006997 0.046754 -0.023670
v 0.005497 0.047985 -0.023670
v 0.003786 0.048900 -0.023670
v 0.001930 0.049464 -0.023670
v -0.000001 0.049652 -0.023670
v -0.004554 0.025734 -0.074417
v -0.002891 0.025228 -0.076864
v -0.002891 0.025228 -0.074417
v -0.008229 0.027440 -0.076864
v -0.005669 0.026071 -0.034261
v -0.008229 0.027440 -0.034261
v -0.002891 0.025228 -0.034261
v -0.001700 0.025111 -0.068114
v -0.000001 0.024944 -0.034261
v -0.014002 0.036238 -0.033383
v -0.012949 0.038157 -0.031753
v -0.014365 0.037988 -0.033383
v -0.012043 0.031710 -0.033383
v -0.012071 0.034756 -0.031753
v -0.013382 0.034214 -0.033383
v -0.010242 0.029516 -0.033383
v -0.010864 0.032497 -0.031753
v -0.007259 0.028893 -0.031753
v -0.008047 0.027714 -0.033383
v -0.005543 0.026376 -0.033383
v -0.004554 0.025734 -0.070491
v -0.002891 0.025228 -0.070491
v -0.005669 0.026071 -0.076864
v -0.012623 0.038199 -0.024171
v -0.012623 0.038199 -0.030876
v -0.001700 0.025111 -0.070491
v -0.011768 0.034884 -0.024171
v -0.012313 0.036663 -0.030876
v -0.011768 0.034884 -0.030876
v -0.012313 0.036663 -0.024171
v -0.009006 0.030750 -0.024171
v -0.010591 0.032680 -0.030876
v -0.009006 0.030750 -0.030876
v -0.007076 0.029167 -0.024171
v -0.007076 0.029167 -0.030876
v -0.004874 0.027990 -0.024171
v -0.004874 0.027990 -0.030876
v -0.002485 0.027265 -0.024171
v -0.002485 0.027265 -0.030876
v -0.000001 0.027020 -0.024171
v -0.000001 0.027020 -0.030876
v -0.010474 0.029282 -0.076864
v -0.012099 0.031355 -0.068510
v -0.012316 0.031527 -0.076864
v -0.014512 0.036684 -0.076864
v -0.014753 0.038306 -0.069999
v -0.014753 0.038306 -0.076864
v -0.010474 0.029282 -0.034261
v -0.003705 0.025763 -0.071343
v -0.003705 0.025763 -0.073570
v -0.001253 0.025067 -0.074417
v -0.000001 0.024944 -0.076864
v -0.000001 0.024944 -0.074417
v -0.013415 0.033410 -0.076864
v -0.014142 0.035353 -0.069859
v -0.014083 0.035100 -0.076864
v -0.013589 0.033919 -0.069673
v -0.014320 0.036157 -0.034261
v -0.014656 0.038228 -0.040383
v -0.014490 0.036741 -0.040799
v -0.002550 0.026942 -0.031753
v -0.002826 0.025552 -0.033383
v -0.000001 0.025273 -0.033383
v -0.012135 0.031410 -0.045573
v -0.011717 0.030797 -0.047183
v -0.011496 0.030528 -0.066549
v -0.011651 0.030716 -0.067527
v -0.014530 0.036811 -0.069954
v -0.011496 0.030528 -0.049440
v -0.012316 0.031527 -0.034261
v -0.013313 0.033392 -0.042810
v -0.012740 0.032336 -0.044014
v -0.013686 0.034088 -0.034261
v -0.013918 0.034881 -0.041737
v -0.014691 0.037946 -0.034261
v -0.010591 0.032680 -0.024171
v -0.000001 0.024944 -0.068114
v -0.001319 0.025513 -0.070440
v -0.001834 0.025575 -0.070942
v -0.001319 0.025513 -0.069061
v -0.000808 0.025474 -0.068560
v -0.002802 0.025672 -0.070942
v -0.002810 0.025674 -0.073971
v -0.014813 0.039756 -0.034261
v -0.012631 0.036582 -0.031753
v -0.009239 0.030518 -0.031753
v -0.005000 0.027685 -0.031753
v -0.000001 0.026692 -0.031753
v -0.012623 0.038199 -0.024171
v -0.012737 0.039756 -0.024171
v -0.011304 0.035077 -0.023670
v -0.012313 0.036663 -0.024171
v -0.011768 0.034884 -0.024171
v -0.010173 0.032959 -0.023670
v -0.010591 0.032680 -0.024171
v -0.008651 0.031105 -0.023670
v -0.009006 0.030750 -0.024171
v -0.006797 0.029584 -0.023670
v -0.007076 0.029167 -0.024171
v -0.004682 0.028455 -0.023670
v -0.004874 0.027990 -0.024171
v -0.002387 0.027758 -0.023670
v -0.002485 0.027265 -0.024171
v -0.000001 0.027521 -0.023670
v -0.000001 0.027020 -0.024171
v -0.000001 0.025395 -0.073971
v -0.001209 0.025515 -0.073971
v -0.000001 0.025395 -0.068560
v -0.002810 0.025674 -0.073971
v -0.012829 0.032529 -0.069252
v -0.013704 0.035559 -0.069212
v -0.011813 0.031415 -0.066459
v -0.012012 0.031665 -0.047429
v -0.014432 0.038389 -0.041316
v -0.012780 0.033220 -0.068625
v -0.011921 0.031564 -0.067171
v -0.012225 0.032117 -0.067948
v -0.012355 0.032216 -0.046005
v -0.012855 0.033129 -0.044540
v -0.013811 0.035416 -0.042530
v -0.013283 0.033974 -0.043573
v -0.014197 0.037059 -0.041617
v -0.012127 0.038267 -0.023670
v -0.013302 0.034386 -0.069006
v -0.014279 0.038355 -0.069347
v -0.009816 0.038582 -0.023670
v -0.011828 0.036785 -0.023670
v -0.009143 0.035974 -0.023670
v -0.009568 0.037359 -0.023670
v -0.008228 0.034261 -0.023670
v -0.006997 0.032761 -0.023670
v -0.005497 0.031530 -0.023670
v -0.003787 0.030614 -0.023670
v -0.001930 0.030051 -0.023670
v -0.000001 0.029863 -0.023670
v 0.004554 0.025734 -0.074417
v 0.002889 0.025228 -0.074417
v 0.002889 0.025228 -0.076864
v 0.005668 0.026071 -0.034261
v 0.008230 0.027440 -0.076864
v 0.008230 0.027440 -0.034261
v 0.002889 0.025228 -0.034261
v -0.000001 0.024944 -0.034261
v 0.001699 0.025111 -0.068114
v 0.014001 0.036238 -0.033383
v 0.012950 0.038157 -0.031753
v 0.012631 0.036582 -0.031753
v 0.012043 0.031710 -0.033383
v 0.012071 0.034756 -0.031753
v 0.010864 0.032497 -0.031753
v 0.009239 0.030518 -0.031753
v 0.010241 0.029516 -0.033383
v 0.007259 0.028893 -0.031753
v 0.008047 0.027714 -0.033383
v 0.005542 0.026376 -0.033383
v 0.005000 0.027685 -0.031753
v 0.013381 0.034214 -0.033383
v 0.002889 0.025228 -0.070491
v 0.004554 0.025734 -0.070491
v 0.005668 0.026071 -0.076864
v 0.012624 0.038199 -0.024171
v 0.012624 0.038199 -0.030876
v 0.001699 0.025111 -0.070491
v 0.012313 0.036663 -0.030876
v 0.011768 0.034884 -0.024171
v 0.011768 0.034884 -0.030876
v 0.012313 0.036663 -0.024171
v 0.010590 0.032680 -0.030876
v 0.009007 0.030750 -0.024171
v 0.009007 0.030750 -0.030876
v 0.007076 0.029167 -0.024171
v 0.007076 0.029167 -0.030876
v 0.004874 0.027990 -0.024171
v 0.004874 0.027990 -0.030876
v 0.002485 0.027265 -0.024171
v 0.002485 0.027265 -0.030876
v -0.000001 0.027020 -0.024171
v -0.000001 0.027020 -0.030876
v 0.010474 0.029282 -0.076864
v 0.012317 0.031527 -0.076864
v 0.012099 0.031355 -0.068510
v 0.014752 0.038306 -0.069999
v 0.014511 0.036684 -0.076864
v 0.014752 0.038306 -0.076864
v 0.010474 0.029282 -0.034261
v 0.003704 0.025763 -0.071343
v 0.001252 0.025067 -0.074417
v -0.000001 0.024944 -0.074417
v -0.000001 0.024944 -0.076864
v 0.014142 0.035353 -0.069859
v 0.013416 0.033410 -0.076864
v 0.014083 0.035100 -0.076864
v 0.013590 0.033919 -0.069673
v 0.014656 0.038228 -0.040383
v 0.014320 0.036157 -0.034261
v 0.014490 0.036741 -0.040799
v 0.002549 0.026942 -0.031753
v 0.002826 0.025552 -0.033383
v -0.000001 0.025273 -0.033383
v -0.000001 0.026692 -0.031753
v 0.012135 0.031410 -0.045573
v 0.012317 0.031527 -0.034261
v 0.011495 0.030528 -0.066549
v 0.011652 0.030716 -0.067527
v 0.014530 0.036811 -0.069954
v 0.011495 0.030528 -0.049440
v 0.011717 0.030797 -0.047183
v 0.013313 0.033392 -0.042810
v 0.013685 0.034088 -0.034261
v 0.013918 0.034881 -0.041737
v 0.012741 0.032336 -0.044014
v 0.014691 0.037946 -0.034261
v 0.010590 0.032680 -0.024171
v -0.000001 0.024944 -0.068114
v 0.014365 0.037988 -0.033383
v 0.013704 0.035559 -0.069212
v 0.014068 0.036939 -0.069307
v 0.014278 0.038355 -0.069347
v 0.001318 0.025513 -0.070440
v 0.001833 0.025575 -0.070942
v 0.001318 0.025513 -0.069061
v 0.000807 0.025474 -0.068560
v 0.002801 0.025672 -0.070942
v 0.002809 0.025674 -0.073971
v 0.003704 0.025763 -0.073570
v 0.012855 0.046386 -0.044540
v 0.012355 0.032216 -0.046005
v 0.012355 0.047299 -0.046005
v 0.011812 0.048100 -0.066459
v 0.011921 0.031564 -0.067171
v 0.011921 0.047951 -0.067171
v 0.012855 0.033129 -0.044540
v 0.013282 0.045541 -0.043573
v 0.013282 0.033974 -0.043573
v 0.012226 0.047398 -0.067948
v 0.012226 0.032117 -0.067948
v 0.012781 0.046292 -0.068625
v 0.013302 0.034386 -0.069006
v 0.013302 0.045129 -0.069006
v 0.012781 0.033220 -0.068625
v 0.012624 0.038199 -0.024171
v 0.012127 0.038267 -0.023670
v 0.012313 0.036663 -0.024171
v 0.011303 0.035077 -0.023670
v 0.011768 0.034884 -0.024171
v 0.010173 0.032959 -0.023670
v 0.010590 0.032680 -0.024171
v 0.009007 0.030750 -0.024171
v 0.008651 0.031105 -0.023670
v 0.007076 0.029167 -0.024171
v 0.006797 0.029584 -0.023670
v 0.004682 0.028455 -0.023670
v 0.004874 0.027990 -0.024171
v 0.002387 0.027758 -0.023670
v 0.002485 0.027265 -0.024171
v -0.000001 0.025395 -0.073971
v 0.001208 0.025515 -0.073971
v -0.000001 0.025395 -0.068560
v 0.002809 0.025674 -0.073971
v 0.012830 0.032529 -0.069252
v 0.013811 0.035416 -0.042530
v 0.011812 0.048100 -0.049495
v 0.011812 0.031415 -0.066459
v 0.012013 0.031665 -0.047429
v 0.011812 0.031415 -0.049495
v 0.013704 0.035559 -0.069212
v 0.014278 0.038355 -0.069347
v 0.011812 0.031415 -0.066459
v 0.011812 0.031415 -0.049495
v 0.012013 0.031665 -0.047429
v 0.014432 0.038389 -0.041316
v 0.012781 0.033220 -0.068625
v 0.011921 0.031564 -0.067171
v 0.012226 0.032117 -0.067948
v 0.012355 0.032216 -0.046005
v 0.013811 0.035416 -0.042530
v 0.013282 0.033974 -0.043573
v 0.014197 0.037059 -0.041617
v 0.011828 0.036785 -0.023670
v 0.013302 0.034386 -0.069006
v 0.014068 0.036939 -0.069307
v 0.013811 0.044099 -0.042530
v 0.014197 0.039753 -0.041617
v 0.009144 0.035974 -0.023670
v 0.009568 0.037359 -0.023670
v 0.008227 0.034261 -0.023670
v 0.006997 0.032761 -0.023670
v 0.005497 0.031530 -0.023670
v 0.001930 0.030051 -0.023670
v 0.003786 0.030614 -0.023670
v 0.009816 0.038582 -0.023670
v 0.012013 0.047849 -0.047429
v -0.013704 0.043955 -0.069212
v -0.014068 0.042576 -0.069307
v -0.014279 0.041159 -0.069347
v 0.004319 0.048439 0.013583
v -0.004329 0.039756 0.013583
v 0.004322 0.039756 0.013583
v -0.008027 0.047784 0.013583
v -0.006143 0.048040 0.016366
v -0.006664 0.049005 0.013177
v 0.009132 0.039756 0.018663
v 0.008132 0.041376 0.019465
v 0.008287 0.039756 0.019465
v 0.010151 0.041777 0.016366
v 0.008436 0.043251 0.018663
v 0.008956 0.041540 0.018663
v 0.011134 0.041973 0.013583
v 0.009562 0.043718 0.016366
v 0.011544 0.042054 0.011522
v 0.010489 0.044101 0.013583
v 0.001978 0.045192 0.019746
v 0.001806 0.045038 0.019746
v 0.001489 0.044613 0.019746
v 0.010344 0.039756 0.016366
v 0.011348 0.039756 0.013583
v 0.011764 0.039756 0.011522
v 0.010874 0.044260 0.011522
v 0.009440 0.046065 0.013583
v 0.008606 0.045507 0.016366
v 0.007592 0.044832 0.018663
v 0.007661 0.042930 0.019465
v 0.008322 0.048079 0.011522
v 0.009786 0.046297 0.011522
v 0.007319 0.047075 0.016366
v 0.006457 0.046214 0.018663
v 0.005347 0.047116 0.018663
v 0.005727 0.045726 0.019470
v 0.008028 0.047784 0.013583
v 0.006143 0.048040 0.016366
v 0.005154 0.048522 0.013974
v 0.005420 0.048074 0.016467
v 0.005859 0.048864 0.013974
v -0.002230 0.050966 0.013192
v -0.000001 0.051527 0.011522
v -0.002297 0.051300 0.011522
v 0.004373 0.050317 0.013192
v 0.006538 0.049545 0.011522
v 0.004504 0.050632 0.011522
v 0.002229 0.050966 0.013192
v 0.002296 0.051300 0.011522
v -0.000001 0.051185 0.013192
v -0.008322 0.048079 0.011522
v -0.006539 0.049545 0.011522
v -0.004374 0.050317 0.013192
v -0.004503 0.050632 0.011522
v 0.001460 0.045502 0.018849
v 0.001731 0.045609 0.019355
v 0.001702 0.045716 0.018849
v -0.009439 0.046065 0.013583
v -0.007318 0.047077 0.016366
v -0.007593 0.044832 0.018663
v -0.006457 0.046214 0.018663
v -0.005348 0.047116 0.018663
v -0.005704 0.045745 0.019470
v -0.004605 0.046569 0.019485
v -0.010874 0.044260 0.011522
v -0.009786 0.046297 0.011522
v -0.010488 0.044101 0.013583
v -0.008605 0.045507 0.016366
v -0.009562 0.043718 0.016366
v -0.006895 0.044365 0.019465
v -0.011543 0.042054 0.011522
v -0.010151 0.041777 0.016366
v -0.008956 0.041540 0.018663
v -0.008437 0.043251 0.018663
v -0.011775 0.039756 0.011522
v -0.011135 0.041973 0.013583
v -0.011358 0.039756 0.013583
v -0.010349 0.039756 0.016366
v -0.007661 0.042930 0.019465
v -0.009137 0.039756 0.018663
v -0.008133 0.041376 0.019465
v 0.006663 0.049005 0.013177
v 0.006895 0.044365 0.019465
v -0.000432 0.044519 0.018849
v -0.000835 0.044615 0.019355
v -0.000441 0.044388 0.019355
v 0.007020 0.042664 0.019746
v 0.006321 0.043976 0.019746
v 0.001089 0.044203 0.019746
v 0.001487 0.045392 0.019355
v 0.001143 0.045082 0.018849
v 0.001166 0.044965 0.019355
v -0.001493 0.045392 0.019355
v -0.001149 0.045082 0.018849
v -0.001466 0.045502 0.018849
v -0.004755 0.047296 0.018387
v -0.003862 0.046637 0.019355
v -0.004106 0.046876 0.018849
v -0.000003 0.044435 0.018849
v 0.000436 0.044393 0.019355
v 0.000427 0.044524 0.018849
v 0.000812 0.044743 0.018849
v 0.000829 0.044618 0.019355
v -0.000003 0.044305 0.019355
v -0.001737 0.045612 0.019355
v -0.004143 0.046895 0.016918
v -0.004372 0.039756 0.016808
v -0.004372 0.047030 0.016808
v 0.003754 0.046483 0.018056
v 0.003767 0.039756 0.017490
v 0.003754 0.039756 0.018056
v -0.005160 0.048522 0.013974
v -0.005420 0.048074 0.016467
v -0.005090 0.047808 0.016913
v -0.000001 0.050703 0.013583
v -0.002136 0.050494 0.013583
v -0.004325 0.048441 0.013583
v 0.004738 0.047385 0.016241
v 0.004792 0.039756 0.013984
v 0.004738 0.039756 0.016241
v -0.000001 0.044130 0.018457
v 0.000562 0.044245 0.018457
v 0.003345 0.039756 0.018457
v 0.004137 0.046895 0.016918
v 0.004366 0.039756 0.016808
v 0.004137 0.039756 0.016918
v -0.004743 0.047385 0.016241
v -0.004798 0.039756 0.013984
v -0.004798 0.047933 0.013984
v -0.000818 0.044740 0.018849
v -0.001172 0.044965 0.019355
v 0.003859 0.046639 0.019355
v 0.004100 0.046874 0.018849
v -0.004798 0.047933 0.013984
v -0.004325 0.048441 0.013583
v 0.005859 0.048864 0.013974
v 0.005640 0.049091 0.013583
v 0.003991 0.046164 0.019746
v 0.004604 0.046569 0.019480
v 0.003859 0.046639 0.019355
v -0.004605 0.046569 0.019485
v -0.003994 0.046164 0.019746
v -0.003862 0.046637 0.019355
v -0.005860 0.048864 0.013974
v -0.005641 0.049091 0.013583
v 0.003754 0.046483 0.018056
v 0.003345 0.046159 0.018457
v 0.003766 0.046623 0.017490
v 0.004132 0.047242 0.017359
v 0.004137 0.046895 0.016918
v 0.005085 0.047808 0.016913
v 0.004738 0.047385 0.016241
v 0.004366 0.047030 0.016808
v 0.004792 0.047930 0.013984
v 0.004319 0.048439 0.013583
v -0.003773 0.046623 0.017490
v -0.004143 0.046895 0.016918
v -0.004138 0.047242 0.017359
v -0.003351 0.046159 0.018457
v -0.003761 0.046483 0.018056
v -0.004372 0.047030 0.016808
v -0.004743 0.047385 0.016241
v 0.005727 0.045726 0.019470
v 0.006895 0.044365 0.019465
v 0.007661 0.042930 0.019465
v 0.008132 0.041376 0.019465
v 0.007453 0.041240 0.019746
v 0.008287 0.039756 0.019465
v 0.007599 0.039756 0.019746
v -0.008292 0.039756 0.019465
v -0.007453 0.041240 0.019746
v -0.008133 0.041376 0.019465
v -0.007021 0.042664 0.019746
v -0.007661 0.042930 0.019465
v -0.006321 0.043974 0.019746
v -0.006895 0.044365 0.019465
v -0.005704 0.045745 0.019470
v -0.005177 0.045291 0.019746
v 0.004188 0.049871 0.013583
v 0.002135 0.050494 0.013583
v 0.005420 0.048074 0.016467
v 0.001487 0.045392 0.019355
v 0.001731 0.045609 0.019355
v 0.004754 0.047299 0.018387
v 0.004604 0.046569 0.019480
v 0.001166 0.044965 0.019355
v 0.000436 0.044393 0.019355
v 0.000829 0.044618 0.019355
v 0.000586 0.043914 0.019746
v -0.000003 0.044305 0.019355
v -0.000003 0.043794 0.019746
v -0.000589 0.043908 0.019746
v -0.000441 0.044388 0.019355
v -0.001096 0.044200 0.019746
v -0.001172 0.044965 0.019355
v -0.001812 0.045038 0.019746
v -0.001495 0.044613 0.019746
v -0.001737 0.045612 0.019355
v -0.004755 0.047296 0.018387
v -0.001493 0.045392 0.019355
v -0.001984 0.045192 0.019746
v -0.005420 0.048074 0.016467
v -0.000001 0.050703 0.013583
v -0.004189 0.049871 0.013583
v 0.005207 0.045265 0.019746
v -0.005641 0.049091 0.013583
v -0.001053 0.044519 0.018457
v -0.001435 0.044910 0.018457
v -0.001708 0.045716 0.018849
v -0.001910 0.045463 0.018457
v -0.001738 0.045312 0.018457
v -0.000567 0.044240 0.018457
v -0.000001 0.044130 0.018457
v 0.000562 0.044245 0.018457
v 0.001046 0.044519 0.018457
v 0.001429 0.044910 0.018457
v 0.001732 0.045312 0.018457
v 0.005640 0.049091 0.013583
v 0.003766 0.046623 0.017490
v 0.004366 0.047030 0.016808
v 0.004322 0.039756 0.013583
v 0.004792 0.047930 0.013984
v 0.004319 0.048439 0.013583
v -0.004329 0.039756 0.013583
v -0.004743 0.039756 0.016241
v -0.003773 0.046623 0.017490
v -0.004143 0.039756 0.016918
v -0.003351 0.046159 0.018457
v -0.003761 0.039756 0.018056
v -0.003761 0.046483 0.018056
v 0.003345 0.046159 0.018457
v -0.000835 0.044615 0.019355
v -0.003773 0.039756 0.017490
v -0.001984 0.034323 0.019746
v -0.001812 0.034477 0.019746
v -0.001495 0.034902 0.019746
v 0.003991 0.033350 0.019746
v 0.003856 0.032876 0.019355
v 0.004604 0.032946 0.019480
v -0.004605 0.032946 0.019485
v -0.003862 0.032876 0.019355
v -0.003994 0.033350 0.019746
v 0.006321 0.035539 0.019746
v 0.005727 0.033789 0.019470
v 0.006890 0.035150 0.019465
v 0.007655 0.036585 0.019465
v 0.008128 0.038139 0.019465
v 0.007020 0.036848 0.019746
v 0.007453 0.038275 0.019746
v -0.007453 0.038275 0.019746
v -0.008133 0.038139 0.019465
v -0.007021 0.036848 0.019746
v -0.007661 0.036585 0.019465
v -0.006321 0.035541 0.019746
v -0.006895 0.035150 0.019465
v -0.005732 0.033789 0.019470
v -0.005177 0.034224 0.019746
v 0.001487 0.034122 0.019355
v 0.001978 0.034323 0.019746
v 0.001806 0.034477 0.019746
v 0.001731 0.033903 0.019355
v 0.001166 0.034550 0.019355
v 0.001489 0.034902 0.019746
v 0.001089 0.035312 0.019746
v 0.000436 0.035121 0.019355
v 0.000829 0.034900 0.019355
v -0.000003 0.035210 0.019355
v 0.000586 0.035601 0.019746
v -0.000003 0.035721 0.019746
v -0.000589 0.035606 0.019746
v -0.000441 0.035127 0.019355
v -0.001096 0.035314 0.019746
v -0.000835 0.034900 0.019355
v -0.001172 0.034550 0.019355
v -0.001493 0.034122 0.019355
v -0.001737 0.033903 0.019355
v 0.005207 0.034250 0.019746
v -0.007599 0.039756 0.019746
v -0.008292 0.039756 0.019465
v -0.005860 0.048864 0.013974
v -0.005641 0.049091 0.013583
v -0.004189 0.049871 0.013583
v 0.005640 0.049091 0.013583
v 0.004188 0.049871 0.013583
v 0.002135 0.050494 0.013583
v -0.001910 0.045463 0.018457
v -0.001435 0.044910 0.018457
v -0.001738 0.045312 0.018457
v -0.003351 0.039756 0.018457
v 0.001904 0.045463 0.018457
v 0.001429 0.044910 0.018457
v 0.001732 0.045312 0.018457
v -0.001053 0.044519 0.018457
v -0.000567 0.044240 0.018457
v 0.001046 0.044519 0.018457
v 0.004754 0.047299 0.018387
v 0.003859 0.046639 0.019355
v -0.003862 0.046637 0.019355
v -0.002136 0.050494 0.013583
v 0.001904 0.045463 0.018457
v -0.004325 0.048441 0.013583
v -0.004325 0.031076 0.013583
v 0.004322 0.039756 0.013583
v -0.004329 0.039756 0.013583
v 0.008022 0.031731 0.013583
v 0.006138 0.031475 0.016366
v 0.006658 0.030510 0.013177
v -0.009137 0.039756 0.018663
v -0.008133 0.038139 0.019465
v -0.008292 0.039756 0.019465
v -0.010157 0.037737 0.016366
v -0.008442 0.036264 0.018663
v -0.008961 0.037975 0.018663
v -0.011140 0.037542 0.013583
v -0.009568 0.035797 0.016366
v -0.011549 0.037461 0.011522
v -0.010494 0.035413 0.013583
v -0.010349 0.039756 0.016366
v -0.011358 0.039756 0.013583
v -0.011775 0.039756 0.011522
v -0.010879 0.035254 0.011522
v -0.009445 0.033449 0.013583
v -0.008611 0.034008 0.016366
v -0.007598 0.034683 0.018663
v -0.007661 0.036585 0.019465
v -0.008327 0.031436 0.011522
v -0.009791 0.033217 0.011522
v -0.007324 0.032437 0.016366
v -0.006463 0.033301 0.018663
v -0.005352 0.032398 0.018663
v -0.005732 0.033789 0.019470
v -0.008033 0.031731 0.013583
v -0.006148 0.031475 0.016366
v -0.005160 0.030993 0.013974
v -0.005425 0.031441 0.016467
v -0.005865 0.030651 0.013974
v 0.002223 0.028549 0.013192
v -0.000005 0.027988 0.011522
v 0.002290 0.028212 0.011522
v -0.004379 0.029198 0.013192
v -0.006544 0.029970 0.011522
v -0.004509 0.028882 0.011522
v -0.002235 0.028549 0.013192
v -0.002302 0.028212 0.011522
v -0.000005 0.028330 0.013192
v 0.008317 0.031436 0.011522
v 0.006533 0.029970 0.011522
v 0.004367 0.029198 0.013192
v 0.004498 0.028882 0.011522
v -0.001466 0.034013 0.018849
v -0.001737 0.033903 0.019355
v -0.001708 0.033799 0.018849
v 0.009434 0.033449 0.013583
v 0.007313 0.032437 0.016366
v 0.007587 0.034683 0.018663
v 0.006452 0.033301 0.018663
v 0.005343 0.032398 0.018663
v 0.005727 0.033789 0.019470
v 0.004604 0.032946 0.019480
v 0.010868 0.035254 0.011522
v 0.009780 0.033217 0.011522
v 0.010483 0.035413 0.013583
v 0.008600 0.034008 0.016366
v 0.009557 0.035797 0.016366
v 0.006890 0.035150 0.019465
v 0.011538 0.037461 0.011522
v 0.010146 0.037737 0.016366
v 0.008951 0.037975 0.018663
v 0.008431 0.036264 0.018663
v 0.011764 0.039756 0.011522
v 0.011129 0.037542 0.013583
v 0.011348 0.039756 0.013583
v 0.010344 0.039756 0.016366
v 0.007655 0.036585 0.019465
v 0.009132 0.039756 0.018663
v 0.008128 0.038139 0.019465
v -0.006669 0.030507 0.013177
v -0.006895 0.035150 0.019465
v 0.000426 0.034996 0.018849
v 0.000829 0.034900 0.019355
v 0.000436 0.035121 0.019355
v -0.001493 0.034122 0.019355
v -0.001149 0.034433 0.018849
v -0.001172 0.034550 0.019355
v 0.001487 0.034122 0.019355
v 0.001143 0.034433 0.018849
v 0.001460 0.034013 0.018849
v 0.004750 0.032216 0.018387
v 0.003856 0.032876 0.019355
v 0.004100 0.032638 0.018849
v -0.000003 0.035080 0.018849
v -0.000441 0.035127 0.019355
v -0.000433 0.034991 0.018849
v -0.000818 0.034772 0.018849
v -0.000835 0.034900 0.019355
v -0.000003 0.035210 0.019355
v 0.001731 0.033903 0.019355
v 0.004137 0.032620 0.016918
v 0.004366 0.039756 0.016808
v 0.004366 0.032482 0.016808
v -0.003760 0.033032 0.018056
v -0.003773 0.039756 0.017490
v -0.003761 0.039756 0.018056
v 0.005154 0.030993 0.013974
v 0.005415 0.031441 0.016467
v 0.005085 0.031707 0.016913
v -0.000005 0.028809 0.013583
v 0.002129 0.029021 0.013583
v 0.004319 0.031073 0.013583
v -0.004743 0.032130 0.016241
v -0.004798 0.039756 0.013984
v -0.004743 0.039756 0.016241
v -0.000005 0.035385 0.018457
v -0.000568 0.035270 0.018457
v -0.003351 0.039756 0.018457
v -0.004143 0.032620 0.016918
v -0.004372 0.039756 0.016808
v -0.004143 0.039756 0.016918
v 0.004738 0.032130 0.016241
v 0.004792 0.039756 0.013984
v 0.004792 0.031582 0.013984
v 0.000812 0.034774 0.018849
v 0.001166 0.034550 0.019355
v -0.003862 0.032876 0.019355
v -0.004106 0.032641 0.018849
v 0.004792 0.031582 0.013984
v 0.004319 0.031073 0.013583
v -0.005865 0.030651 0.013974
v -0.005646 0.030424 0.013583
v 0.005854 0.030651 0.013974
v 0.005636 0.030424 0.013583
v -0.003760 0.033032 0.018056
v -0.003351 0.033356 0.018457
v -0.003773 0.032891 0.017490
v -0.004138 0.032273 0.017359
v -0.004143 0.032620 0.016918
v -0.005090 0.031707 0.016913
v -0.004743 0.032130 0.016241
v -0.004372 0.032484 0.016808
v -0.004798 0.031585 0.013984
v -0.004325 0.031076 0.013583
v 0.003767 0.032891 0.017490
v 0.004137 0.032620 0.016918
v 0.004132 0.032273 0.017359
v 0.003345 0.033356 0.018457
v 0.003754 0.033032 0.018056
v 0.004366 0.032482 0.016808
v 0.004738 0.032130 0.016241
v -0.004195 0.029644 0.013583
v -0.002141 0.029021 0.013583
v -0.005425 0.031441 0.016467
v -0.004759 0.032216 0.018387
v -0.004605 0.032946 0.019485
v 0.004750 0.032216 0.018387
v 0.005415 0.031441 0.016467
v -0.000005 0.028809 0.013583
v 0.004183 0.029644 0.013583
v 0.005636 0.030424 0.013583
v 0.001047 0.034996 0.018457
v 0.001429 0.034605 0.018457
v 0.001702 0.033799 0.018849
v 0.001904 0.034052 0.018457
v 0.001732 0.034203 0.018457
v 0.000561 0.035275 0.018457
v -0.000005 0.035385 0.018457
v -0.000568 0.035270 0.018457
v -0.001052 0.034996 0.018457
v -0.001435 0.034605 0.018457
v -0.001738 0.034203 0.018457
v -0.005646 0.030424 0.013583
v -0.003773 0.032891 0.017490
v -0.004372 0.032484 0.016808
v -0.004329 0.039756 0.013583
v -0.004798 0.031585 0.013984
v -0.004325 0.031076 0.013583
v 0.004322 0.039756 0.013583
v 0.004738 0.039756 0.016241
v 0.003767 0.032891 0.017490
v 0.004137 0.039756 0.016918
v 0.003345 0.033356 0.018457
v 0.003754 0.039756 0.018056
v 0.003754 0.033032 0.018056
v -0.003351 0.033356 0.018457
v 0.003767 0.039756 0.017490
v 0.008287 0.039756 0.019465
v 0.005854 0.030651 0.013974
v 0.005636 0.030424 0.013583
v 0.004183 0.029644 0.013583
v -0.005646 0.030424 0.013583
v -0.004195 0.029644 0.013583
v -0.002141 0.029021 0.013583
v 0.001904 0.034052 0.018457
v 0.001429 0.034605 0.018457
v 0.001732 0.034203 0.018457
v 0.003345 0.039756 0.018457
v -0.001910 0.034052 0.018457
v -0.001435 0.034605 0.018457
v -0.001738 0.034203 0.018457
v 0.001047 0.034996 0.018457
v 0.000561 0.035275 0.018457
v -0.001052 0.034996 0.018457
v -0.004759 0.032216 0.018387
v -0.003862 0.032876 0.019355
v 0.003856 0.032876 0.019355
v 0.002129 0.029021 0.013583
v -0.001910 0.034052 0.018457
v 0.004319 0.031073 0.013583
v -0.008642 0.040549 0.022118
v -0.008755 0.038765 0.022163
v -0.008719 0.038765 0.022524
v -0.005142 0.043833 0.021546
v -0.005142 0.042257 0.022253
v -0.005142 0.035685 0.021541
v -0.005142 0.040549 0.022700
v -0.005142 0.038765 0.023111
v -0.007719 0.043833 0.021496
v -0.007579 0.042257 0.021717
v -0.007500 0.043833 0.021256
v -0.006580 0.043833 0.021892
v -0.006408 0.042257 0.022103
v -0.006377 0.043833 0.021637
v -0.005263 0.042257 0.022730
v -0.005642 0.043833 0.022399
v -0.005653 0.042257 0.022870
v -0.008981 0.035685 0.022584
v -0.009198 0.037114 0.022640
v -0.009237 0.035685 0.022820
v -0.007549 0.037114 0.023276
v -0.007612 0.035685 0.023106
v -0.007572 0.035685 0.023462
v -0.013212 0.038765 0.019987
v -0.013608 0.037117 0.019811
v -0.013282 0.037119 0.020293
v -0.011177 0.037114 0.021576
v -0.011181 0.035685 0.021401
v -0.011218 0.035685 0.021757
v -0.008710 0.042257 0.021271
v -0.008839 0.043833 0.021025
v -0.008957 0.042260 0.021486
v -0.006278 0.042257 0.022143
v -0.006201 0.043833 0.022003
v -0.006251 0.043833 0.021672
v -0.010881 0.042257 0.020047
v -0.010929 0.043833 0.019796
v -0.011157 0.042257 0.020233
v -0.011380 0.044010 0.018849
v -0.011657 0.043833 0.018944
v -0.011546 0.043833 0.019019
v -0.011921 0.043833 0.019129
v -0.011908 0.042257 0.019360
v -0.011657 0.043833 0.018944
v -0.011305 0.035685 0.021316
v -0.011546 0.037117 0.021336
v -0.011590 0.035685 0.021511
v -0.009938 0.043833 0.020473
v -0.009831 0.042257 0.020729
v -0.009662 0.043833 0.020273
v -0.009396 0.044010 0.020152
v -0.008605 0.044010 0.019631
v -0.009609 0.044010 0.020042
v -0.008587 0.042257 0.021331
v -0.008458 0.043833 0.021215
v -0.008480 0.043833 0.020869
v -0.011419 0.044010 0.019405
v -0.011546 0.043833 0.019019
v -0.011588 0.043833 0.019350
v -0.006497 0.035685 0.023452
v -0.006700 0.037114 0.023542
v -0.006713 0.035685 0.023728
v -0.012418 0.035685 0.020589
v -0.012844 0.035505 0.020694
v -0.012384 0.035502 0.020423
v -0.010941 0.040549 0.021135
v -0.010359 0.042257 0.020985
v -0.010765 0.042257 0.020714
v -0.008812 0.037114 0.022469
v -0.008675 0.040549 0.021762
v -0.008559 0.042260 0.021677
v -0.011076 0.038765 0.020930
v -0.010991 0.040549 0.020884
v -0.010950 0.040549 0.020543
v -0.009142 0.038765 0.022329
v -0.008944 0.037114 0.022409
v -0.008887 0.038765 0.022103
v -0.012021 0.040549 0.019831
v -0.011838 0.042260 0.019771
v -0.011796 0.042257 0.019435
v -0.013020 0.042257 0.018823
v -0.012439 0.043835 0.018884
v -0.012650 0.043835 0.018467
v -0.006328 0.038765 0.022996
v -0.006245 0.040549 0.022925
v -0.006304 0.040549 0.022584
v -0.012136 0.040549 0.019751
v -0.012176 0.042257 0.019546
v -0.012404 0.040549 0.019932
v -0.007495 0.040549 0.022208
v -0.007420 0.042257 0.022103
v -0.007451 0.042257 0.021767
v -0.007404 0.038765 0.023186
v -0.006853 0.040549 0.022940
v -0.007354 0.040549 0.022775
v -0.008981 0.044010 0.020905
v -0.008599 0.043833 0.020809
v -0.008569 0.044010 0.020569
v -0.006879 0.035505 0.023708
v -0.006512 0.035505 0.023286
v -0.008672 0.037114 0.023066
v -0.008130 0.038765 0.022930
v -0.008615 0.038765 0.022755
v -0.012744 0.042257 0.019265
v -0.012140 0.043835 0.019164
v -0.006129 0.040549 0.023161
v -0.006108 0.042257 0.022710
v -0.006266 0.038765 0.023337
v -0.006346 0.037114 0.023306
v -0.006281 0.037114 0.023658
v -0.010767 0.042257 0.020127
v -0.010599 0.043833 0.020022
v -0.010552 0.043833 0.019691
v -0.013891 0.037114 0.018643
v -0.013886 0.035685 0.016722
v -0.013886 0.035685 0.018884
v -0.009836 0.040549 0.021215
v -0.009706 0.042260 0.021125
v -0.009706 0.042257 0.020789
v -0.009969 0.040549 0.021155
v -0.010118 0.042257 0.020925
v -0.010265 0.040549 0.021361
v -0.013040 0.040549 0.019621
v -0.013556 0.038765 0.019515
v -0.007725 0.037114 0.022875
v -0.007912 0.038765 0.022815
v -0.007959 0.037114 0.023131
v -0.008070 0.040549 0.022519
v -0.008538 0.040549 0.022354
v -0.013643 0.040549 0.016722
v -0.013235 0.042257 0.017740
v -0.013231 0.042257 0.016722
v -0.005142 0.042257 0.022253
v -0.005264 0.043833 0.022258
v -0.009425 0.037114 0.022735
v -0.009952 0.035682 0.022690
v -0.009464 0.035682 0.022915
v -0.011068 0.040549 0.020463
v -0.011349 0.040549 0.020649
v -0.012288 0.038765 0.020122
v -0.010814 0.042260 0.020463
v -0.013814 0.035685 0.019465
v -0.013807 0.037114 0.019245
v -0.012785 0.038765 0.020353
v -0.009286 0.040549 0.022023
v -0.009845 0.038765 0.022198
v -0.009370 0.038765 0.022424
v -0.012628 0.040549 0.019977
v -0.011783 0.037117 0.021396
v -0.012279 0.035685 0.021276
v -0.011826 0.035685 0.021571
v -0.008491 0.035685 0.019480
v -0.010601 0.043833 0.015875
v -0.008491 0.043833 0.019485
v -0.011115 0.038765 0.021276
v -0.011140 0.037114 0.021225
v -0.011165 0.035682 0.022008
v -0.010672 0.037114 0.022123
v -0.011124 0.037117 0.021827
v -0.007871 0.044010 0.021386
v -0.007487 0.044010 0.021015
v -0.011064 0.038765 0.021526
v -0.010506 0.040549 0.021416
v -0.006086 0.043833 0.022238
v -0.005663 0.040549 0.023322
v -0.006147 0.038765 0.023572
v -0.005672 0.038765 0.023738
v -0.010881 0.042257 0.020047
v -0.010552 0.043833 0.019691
v -0.010662 0.043833 0.019611
v -0.008804 0.040549 0.021702
v -0.009058 0.040549 0.021927
v -0.012364 0.037114 0.020418
v -0.012169 0.038765 0.020207
v -0.012288 0.038765 0.020122
v -0.006437 0.040549 0.022549
v -0.006614 0.042260 0.022364
v -0.006647 0.040549 0.022810
v -0.007625 0.040549 0.022158
v -0.007801 0.042260 0.021963
v -0.007852 0.040549 0.022404
v -0.005260 0.035682 0.024099
v -0.005678 0.037114 0.024054
v -0.005683 0.035682 0.024239
v -0.011908 0.042257 0.019360
v -0.010048 0.035685 0.022088
v -0.009889 0.035505 0.022549
v -0.010037 0.035685 0.022449
v -0.006787 0.043838 0.022013
v -0.007315 0.042257 0.022329
v -0.006822 0.042260 0.022489
v -0.011167 0.043838 0.019851
v -0.011788 0.042260 0.020027
v -0.011396 0.042260 0.020288
v -0.009067 0.043838 0.021115
v -0.009626 0.042260 0.021366
v -0.009187 0.042260 0.021581
v -0.009912 0.037117 0.022509
v -0.006170 0.035682 0.024079
v -0.013331 0.035687 0.020478
v -0.012868 0.037119 0.020654
v -0.005260 0.037114 0.023913
v -0.011264 0.037114 0.021145
v -0.011076 0.038765 0.020930
v -0.011198 0.038765 0.020849
v -0.005261 0.038765 0.023592
v -0.005262 0.040549 0.023181
v -0.005142 0.037114 0.023427
v -0.005142 0.038765 0.023111
v -0.008457 0.042260 0.021912
v -0.007937 0.043838 0.021607
v -0.008356 0.043838 0.021451
v -0.007465 0.035682 0.023688
v -0.006906 0.037114 0.023673
v -0.007443 0.037114 0.023502
v -0.012158 0.038765 0.020809
v -0.011587 0.040549 0.020704
v -0.012012 0.040549 0.020428
v -0.012752 0.043838 0.017986
v -0.013178 0.042257 0.018297
v -0.008491 0.043833 0.019485
v -0.005832 0.035685 0.020498
v -0.008491 0.035685 0.019480
v -0.011198 0.038765 0.020849
v -0.011480 0.038765 0.021035
v -0.012777 0.043838 0.017485
v -0.013576 0.040549 0.018593
v -0.013856 0.038765 0.018327
v -0.013769 0.038765 0.018944
v -0.013373 0.040549 0.019154
v -0.013657 0.040549 0.017986
v -0.012209 0.038765 0.020554
v -0.012243 0.037114 0.020498
v -0.012280 0.037117 0.020849
v -0.010601 0.035685 0.015875
v -0.013028 0.038765 0.015875
v -0.012822 0.040549 0.015875
v -0.007589 0.037114 0.022925
v -0.007511 0.038765 0.022960
v -0.007548 0.038765 0.022614
v -0.009929 0.038765 0.021963
v -0.010009 0.037114 0.021912
v -0.009997 0.037114 0.022268
v -0.008176 0.037114 0.023246
v -0.008707 0.035682 0.023251
v -0.008203 0.035682 0.023432
v -0.011264 0.037114 0.021145
v -0.006162 0.037114 0.023888
v -0.011718 0.038765 0.021095
v -0.012227 0.037117 0.021100
v -0.009745 0.040549 0.021802
v -0.012295 0.035685 0.020669
v -0.012332 0.035685 0.021025
v -0.008019 0.042260 0.022078
v -0.006224 0.042257 0.022474
v -0.010613 0.038765 0.021817
v -0.005142 0.040549 0.022700
v -0.012399 0.042257 0.019581
v -0.010175 0.043838 0.020528
v -0.010550 0.043838 0.020273
v -0.013844 0.038765 0.016722
v -0.013887 0.037114 0.016722
v -0.005142 0.037114 0.023427
v -0.005142 0.035685 0.023607
v -0.013076 0.037101 0.015875
v -0.013084 0.035685 0.015875
v -0.010601 0.043833 0.015875
v -0.012428 0.042135 0.015875
v -0.011941 0.043833 0.015875
v -0.005832 0.043833 0.020508
v -0.005361 0.035685 0.020925
v -0.005361 0.043833 0.020935
v -0.013629 0.037109 0.016141
v -0.013632 0.035685 0.016141
v -0.012970 0.042239 0.016141
v -0.012776 0.043835 0.016722
v -0.012511 0.043835 0.016141
v -0.013076 0.037101 0.015875
v -0.013084 0.035685 0.015875
v -0.012428 0.042135 0.015875
v -0.011941 0.043833 0.015875
v -0.013583 0.038765 0.016141
v -0.013028 0.038765 0.015875
v -0.013379 0.040549 0.016141
v -0.012822 0.040549 0.015875
v -0.013633 0.035685 0.020012
v -0.006883 0.038765 0.023352
v -0.008657 0.035505 0.023101
v -0.008813 0.035685 0.023016
v -0.010626 0.035505 0.022173
v -0.010475 0.035685 0.022243
v -0.010711 0.035682 0.022304
v -0.006919 0.035682 0.023858
v -0.006739 0.044010 0.021787
v -0.008288 0.044010 0.021230
v -0.010063 0.044010 0.020328
v -0.011742 0.035505 0.021441
v -0.011049 0.044010 0.019651
v -0.012022 0.044010 0.018964
v -0.012703 0.035685 0.020784
v -0.012926 0.035687 0.020824
v -0.011081 0.035505 0.021877
v -0.010434 0.044010 0.020072
v -0.009399 0.035505 0.022775
v -0.008152 0.035505 0.023281
v -0.007986 0.035685 0.023312
v -0.006290 0.035685 0.023843
v -0.006130 0.035505 0.023923
v -0.006039 0.044010 0.022013
v -0.012196 0.035505 0.021145
v -0.011537 0.043838 0.019601
v -0.009549 0.043833 0.020669
v -0.009469 0.043841 0.020915
v -0.009380 0.044010 0.020699
v -0.007414 0.035505 0.023537
v -0.007348 0.043833 0.021637
v -0.007245 0.043838 0.021862
v -0.007180 0.044010 0.021642
v -0.007750 0.035685 0.023056
v -0.007753 0.035505 0.022890
v -0.012163 0.035502 0.020569
v -0.009544 0.043833 0.020333
v -0.009396 0.044010 0.020152
v -0.010435 0.037114 0.022063
v -0.010181 0.035685 0.022028
v -0.010142 0.037114 0.021852
v -0.011269 0.035505 0.021155
v -0.010662 0.043833 0.019611
v -0.010593 0.044010 0.019380
v -0.006357 0.035685 0.023492
v -0.012021 0.040549 0.019831
v -0.012136 0.040549 0.019751
v -0.012169 0.038765 0.020207
v -0.012063 0.040549 0.020177
v -0.011796 0.042257 0.019435
v -0.012561 0.038765 0.020308
v -0.012364 0.037114 0.020418
v -0.012645 0.037117 0.020609
v -0.005142 0.043833 0.021782
v -0.005405 0.044010 0.022068
v -0.008974 0.035505 0.022419
v -0.005401 0.035505 0.023983
v -0.005312 0.035505 0.023607
v -0.008848 0.035685 0.022650
v -0.008741 0.035505 0.022524
v -0.011140 0.037114 0.021225
v -0.011305 0.035685 0.021316
v -0.011181 0.035685 0.021401
v -0.006383 0.044010 0.021391
v -0.011068 0.040549 0.020463
v -0.010767 0.042257 0.020127
v -0.006149 0.044010 0.021461
v -0.005683 0.035505 0.024079
v -0.005642 0.044010 0.022158
v -0.013212 0.035505 0.020378
v -0.010373 0.038765 0.021757
v -0.009827 0.040549 0.021561
v -0.007460 0.040549 0.022549
v -0.006676 0.038765 0.023226
v -0.013715 0.035505 0.018904
v -0.013650 0.035505 0.019445
v -0.012451 0.044010 0.018362
v -0.012538 0.044010 0.017916
v -0.012270 0.044010 0.018728
v -0.013485 0.035505 0.019952
v -0.008777 0.037114 0.022835
v -0.010695 0.035505 0.016055
v -0.010601 0.035685 0.015875
v -0.010695 0.044010 0.016055
v -0.008605 0.044010 0.019631
v -0.005500 0.044010 0.021035
v -0.005909 0.044010 0.020669
v -0.005909 0.035505 0.020664
v -0.005500 0.035505 0.021030
v -0.005312 0.035505 0.021561
v -0.005312 0.044007 0.021707
v -0.005312 0.044010 0.021566
v -0.005142 0.035685 0.023607
v -0.012343 0.044010 0.016271
v -0.012556 0.044010 0.016747
v -0.013512 0.035505 0.016271
v -0.013063 0.035505 0.016055
v -0.013715 0.035505 0.016742
v -0.011868 0.044010 0.016055
v -0.012556 0.044010 0.017455
v -0.009609 0.044010 0.020042
v -0.009662 0.043833 0.020273
v -0.009544 0.043833 0.020333
v -0.010048 0.035685 0.022088
v -0.010156 0.035505 0.021867
v -0.009925 0.035505 0.021978
v -0.009969 0.040549 0.021155
v -0.009706 0.042257 0.020789
v -0.009831 0.042257 0.020729
v -0.010076 0.038765 0.021551
v -0.009836 0.040549 0.021215
v -0.010076 0.038765 0.021551
v -0.009940 0.038765 0.021612
v -0.010142 0.037114 0.021852
v -0.010181 0.035685 0.022028
v -0.010009 0.037114 0.021912
v -0.009940 0.038765 0.021612
v -0.008354 0.044010 0.020679
v -0.008599 0.043833 0.020809
v -0.008480 0.043833 0.020869
v -0.008981 0.035685 0.022584
v -0.008848 0.035685 0.022650
v -0.010950 0.040549 0.020543
v -0.008804 0.040549 0.021702
v -0.008587 0.042257 0.021331
v -0.008710 0.042257 0.021271
v -0.010388 0.044010 0.019521
v -0.008675 0.040549 0.021762
v -0.008887 0.038765 0.022103
v -0.008755 0.038765 0.022163
v -0.008944 0.037114 0.022409
v -0.011049 0.035505 0.021301
v -0.008812 0.037114 0.022469
v -0.007258 0.044010 0.021100
v -0.007500 0.043833 0.021256
v -0.007376 0.043833 0.021301
v -0.007376 0.043833 0.021301
v -0.007750 0.035685 0.023056
v -0.007507 0.035505 0.022976
v -0.007612 0.035685 0.023106
v -0.007625 0.040549 0.022158
v -0.007451 0.042257 0.021767
v -0.007579 0.042257 0.021717
v -0.007682 0.038765 0.022564
v -0.007495 0.040549 0.022208
v -0.012418 0.035685 0.020589
v -0.012243 0.037114 0.020498
v -0.007725 0.037114 0.022875
v -0.007548 0.038765 0.022614
v -0.012295 0.035685 0.020669
v -0.007589 0.037114 0.022925
v -0.006377 0.043833 0.021637
v -0.006251 0.043833 0.021672
v -0.006497 0.035685 0.023452
v -0.006261 0.035505 0.023357
v -0.006357 0.035685 0.023492
v -0.006437 0.040549 0.022549
v -0.006278 0.042257 0.022143
v -0.006408 0.042257 0.022103
v -0.006486 0.037114 0.023271
v -0.006304 0.040549 0.022584
v -0.006464 0.038765 0.022955
v -0.006328 0.038765 0.022996
v -0.006486 0.037114 0.023271
v -0.006346 0.037114 0.023306
v -0.007682 0.038765 0.022564
v -0.006464 0.038765 0.022955
v -0.012556 0.044010 0.017455
v -0.010695 0.044010 0.016055
v -0.011868 0.044010 0.016055
v -0.013715 0.035505 0.018904
v -0.010695 0.035505 0.016055
v -0.012384 0.035502 0.020423
v -0.005312 0.035505 0.021561
v -0.007507 0.035505 0.022976
v -0.005909 0.035505 0.020664
v -0.005500 0.035505 0.021030
v -0.007753 0.035505 0.022890
v -0.005312 0.035505 0.023607
v -0.006261 0.035505 0.023357
v -0.005401 0.035505 0.023983
v -0.005683 0.035505 0.024079
v -0.010434 0.044010 0.020072
v -0.010388 0.044010 0.019521
v -0.006130 0.035505 0.023923
v -0.006512 0.035505 0.023286
v -0.012163 0.035502 0.020569
v -0.008605 0.035505 0.019626
v -0.011269 0.035505 0.021155
v -0.010593 0.044010 0.019380
v -0.011419 0.044010 0.019405
v -0.011049 0.044010 0.019651
v -0.013512 0.035505 0.016271
v -0.013063 0.035505 0.016055
v -0.013715 0.035505 0.016742
v -0.013485 0.035505 0.019952
v -0.013650 0.035505 0.019445
v -0.012844 0.035505 0.020694
v -0.013212 0.035505 0.020378
v -0.008741 0.035505 0.022524
v -0.008974 0.035505 0.022419
v -0.008657 0.035505 0.023101
v -0.008152 0.035505 0.023281
v -0.009925 0.035505 0.021978
v -0.011049 0.035505 0.021301
v -0.009889 0.035505 0.022549
v -0.009399 0.035505 0.022775
v -0.010156 0.035505 0.021867
v -0.007414 0.035505 0.023537
v -0.006879 0.035505 0.023708
v -0.008569 0.044010 0.020569
v -0.006039 0.044010 0.022013
v -0.005642 0.044010 0.022158
v -0.005312 0.044007 0.021707
v -0.005405 0.044010 0.022068
v -0.007258 0.044010 0.021100
v -0.006383 0.044010 0.021391
v -0.005909 0.044010 0.020669
v -0.006149 0.044010 0.021461
v -0.011081 0.035505 0.021877
v -0.010626 0.035505 0.022173
v -0.007487 0.044010 0.021015
v -0.005312 0.044010 0.021566
v -0.005500 0.044010 0.021035
v -0.007180 0.044010 0.021642
v -0.011587 0.044010 0.018713
v -0.012538 0.044010 0.017916
v -0.012343 0.044010 0.016271
v -0.012556 0.044010 0.016747
v -0.012451 0.044010 0.018362
v -0.012270 0.044010 0.018728
v -0.012022 0.044010 0.018964
v -0.012196 0.035505 0.021145
v -0.011380 0.044010 0.018849
v -0.008288 0.044010 0.021230
v -0.007871 0.044010 0.021386
v -0.008354 0.044010 0.020679
v -0.009380 0.044010 0.020699
v -0.008981 0.044010 0.020905
v -0.001805 0.030247 0.017289
v -0.000880 0.030098 0.017590
v -0.001697 0.030437 0.017590
v -0.002399 0.030974 0.017590
v -0.002552 0.030820 0.017289
v -0.003126 0.031566 0.017289
v -0.002937 0.031676 0.017590
v -0.003485 0.032437 0.017289
v -0.003275 0.032492 0.017590
v -0.003391 0.033369 0.017590
v -0.003609 0.033369 0.017289
v -0.003275 0.034245 0.017590
v -0.003485 0.034302 0.017289
v -0.002937 0.035064 0.017590
v -0.003126 0.035173 0.017289
v 0.003479 0.034302 0.017289
v 0.002930 0.035064 0.017590
v 0.003269 0.034245 0.017590
v 0.003603 0.033369 0.017289
v 0.003384 0.033369 0.017590
v 0.003269 0.032492 0.017590
v 0.003479 0.032437 0.017289
v 0.003119 0.031566 0.017289
v 0.002930 0.031676 0.017590
v 0.002393 0.030974 0.017590
v 0.002546 0.030820 0.017289
v 0.001799 0.030247 0.017289
v 0.001691 0.030437 0.017590
v 0.000930 0.029887 0.017289
v 0.000874 0.030098 0.017590
v -0.000936 0.029887 0.017289
v -0.000003 0.029983 0.017590
v -0.002894 0.034125 0.017790
v -0.002991 0.033387 0.017790
v -0.001393 0.033551 0.017790
v -0.000003 0.029764 0.017289
v -0.000759 0.030479 0.017790
v -0.000021 0.030382 0.017790
v -0.000186 0.031981 0.017790
v 0.002122 0.031269 0.017790
v 0.000533 0.032075 0.017790
v 0.001475 0.030773 0.017790
v 0.002097 0.035494 0.017790
v 0.001506 0.035948 0.017790
v 0.000850 0.034482 0.017790
v -0.001115 0.034221 0.017790
v -0.002582 0.034879 0.017790
v 0.000787 0.030489 0.017790
v 0.002594 0.034847 0.017790
v 0.001292 0.033906 0.017790
v -0.002128 0.035468 0.017790
v -0.000856 0.032257 0.017790
v -0.001512 0.030792 0.017790
v 0.002878 0.034159 0.017790
v -0.000539 0.034665 0.017790
v -0.001481 0.035966 0.017790
v -0.002103 0.031246 0.017790
v 0.001386 0.033186 0.017790
v 0.002984 0.033350 0.017790
v -0.000794 0.036251 0.017790
v -0.002600 0.031892 0.017790
v -0.001298 0.032834 0.017790
v 0.002888 0.032612 0.017790
v 0.000015 0.036358 0.017790
v 0.000180 0.034759 0.017790
v -0.002884 0.032578 0.017790
v 0.001109 0.032516 0.017790
v 0.002576 0.031861 0.017790
v 0.000753 0.036261 0.017790
v -0.000003 0.029615 0.016838
v -0.000975 0.029743 0.016838
v -0.001880 0.030119 0.016838
v -0.002657 0.030716 0.016838
v -0.003253 0.031493 0.016838
v -0.003628 0.032398 0.016838
v -0.003757 0.033369 0.016838
v -0.003628 0.034341 0.016838
v -0.003253 0.035246 0.016838
v 0.003247 0.035246 0.016838
v 0.003622 0.034341 0.016838
v 0.003751 0.033369 0.016838
v 0.003622 0.032398 0.016838
v 0.003247 0.031493 0.016838
v 0.002651 0.030716 0.016838
v 0.001874 0.030119 0.016838
v 0.000968 0.029743 0.016838
v -0.002399 0.035766 0.017590
v -0.001697 0.036303 0.017590
v -0.000880 0.036642 0.017590
v -0.000003 0.036757 0.017590
v 0.000874 0.036642 0.017590
v 0.001691 0.036303 0.017590
v 0.002393 0.035766 0.017590
v -0.000664 0.032508 0.017545
v -0.001006 0.032954 0.017545
v -0.001079 0.033512 0.017545
v -0.000864 0.034031 0.017545
v -0.000418 0.034373 0.017545
v 0.000138 0.034446 0.017545
v 0.000658 0.034232 0.017545
v 0.000999 0.033786 0.017545
v 0.001073 0.033228 0.017545
v 0.000858 0.032709 0.017545
v 0.000412 0.032367 0.017545
v -0.000144 0.032294 0.017545
v -0.002507 0.029759 0.016477
v -0.001755 0.029688 0.016477
v -0.002323 0.030025 0.016477
v -0.002992 0.030578 0.016477
v -0.003559 0.031316 0.016477
v -0.003229 0.030356 0.016477
v -0.004284 0.032224 0.016477
v -0.003969 0.032307 0.016477
v -0.004434 0.033369 0.016477
v -0.004110 0.033369 0.016477
v -0.004284 0.034516 0.016477
v -0.003969 0.034433 0.016477
v -0.003841 0.035586 0.016477
v -0.003559 0.035424 0.016477
v -0.003136 0.036504 0.016477
v -0.002907 0.036274 0.016477
v 0.003835 0.035586 0.016477
v 0.002901 0.036274 0.016477
v 0.003553 0.035424 0.016477
v 0.003963 0.034433 0.016477
v 0.004104 0.033369 0.016477
v 0.004277 0.034516 0.016477
v 0.003963 0.032307 0.016477
v 0.004428 0.033369 0.016477
v 0.003553 0.031316 0.016477
v 0.004277 0.032224 0.016477
v 0.003201 0.030327 0.016477
v 0.002966 0.030552 0.016477
v 0.002467 0.029730 0.016477
v 0.002286 0.029996 0.016477
v 0.001156 0.029446 0.015770
v 0.001570 0.029263 0.016306
v 0.001462 0.029568 0.016296
v -0.000305 0.028624 0.015193
v -0.000858 0.029052 0.015584
v -0.000993 0.028716 0.015098
v -0.000309 0.029302 0.015584
v -0.000779 0.029365 0.015584
v 0.001749 0.029688 0.016477
v -0.001576 0.029263 0.016306
v -0.001162 0.029446 0.015770
v -0.001468 0.029568 0.016296
v -0.001269 0.029866 0.015629
v 0.000736 0.029360 0.015584
v 0.001263 0.029866 0.015629
v 0.000807 0.029722 0.015048
v 0.001421 0.029931 0.015940
v -0.001427 0.029931 0.015940
v 0.000812 0.029047 0.015584
v 0.001512 0.028869 0.015564
v 0.001262 0.029135 0.015760
v -0.001516 0.028867 0.015564
v 0.001940 0.029036 0.016025
v 0.001873 0.029388 0.016477
v -0.001879 0.029388 0.016477
v -0.001975 0.029049 0.016030
v 0.000303 0.029657 0.015163
v 0.000303 0.029302 0.015584
v -0.002735 0.030818 0.016131
v -0.003253 0.031493 0.016131
v -0.003628 0.032398 0.016131
v -0.003757 0.033369 0.016131
v -0.003628 0.034341 0.016131
v -0.003253 0.035246 0.016131
v -0.002657 0.036024 0.016131
v 0.003247 0.035246 0.016131
v 0.003622 0.034341 0.016131
v 0.003751 0.033369 0.016131
v 0.003622 0.032398 0.016131
v 0.003247 0.031493 0.016131
v 0.002710 0.030794 0.016131
v 0.002089 0.030288 0.016131
v -0.002124 0.030312 0.016131
v -0.001268 0.029135 0.015760
v 0.002664 0.029441 0.016131
v 0.003456 0.030085 0.016131
v 0.003835 0.031154 0.016477
v -0.002707 0.029472 0.016131
v -0.003485 0.030116 0.016131
v 0.004618 0.032132 0.016131
v 0.004140 0.030977 0.016131
v -0.004786 0.033369 0.016131
v 0.004781 0.033369 0.016131
v 0.000298 0.028624 0.015193
v 0.000303 0.028979 0.015584
v -0.004624 0.032132 0.016131
v -0.003841 0.031154 0.016477
v -0.004146 0.030977 0.016131
v -0.000309 0.029657 0.015163
v -0.000814 0.029722 0.015048
v -0.000309 0.028979 0.015584
v -0.000975 0.049772 0.016838
v -0.000003 0.049899 0.014626
v -0.000975 0.049772 0.014626
v 0.000930 0.049628 0.017289
v 0.001691 0.049078 0.017590
v 0.001799 0.049268 0.017289
v 0.002546 0.048694 0.017289
v 0.002393 0.048541 0.017590
v 0.002931 0.047839 0.017590
v 0.003119 0.047948 0.017289
v 0.003269 0.047023 0.017590
v 0.003479 0.047077 0.017289
v 0.003384 0.046146 0.017590
v 0.003603 0.046146 0.017289
v 0.003269 0.045267 0.017590
v 0.003479 0.045212 0.017289
v 0.002931 0.044451 0.017590
v 0.003119 0.044341 0.017289
v -0.003126 0.044341 0.017289
v -0.003275 0.045267 0.017590
v -0.003485 0.045212 0.017289
v -0.003391 0.046146 0.017590
v -0.003609 0.046146 0.017289
v -0.003485 0.047077 0.017289
v -0.003275 0.047023 0.017590
v -0.003126 0.047948 0.017289
v -0.002937 0.047839 0.017590
v -0.002552 0.048694 0.017289
v -0.002399 0.048541 0.017590
v -0.001805 0.049268 0.017289
v -0.001697 0.049078 0.017590
v 0.003247 0.048021 0.016838
v 0.003622 0.047116 0.014626
v 0.003247 0.048021 0.014626
v -0.000936 0.049628 0.017289
v -0.000880 0.049417 0.017590
v -0.000003 0.049532 0.017590
v 0.000874 0.049417 0.017590
v -0.000003 0.049899 0.016838
v 0.000968 0.049772 0.014626
v 0.002888 0.045390 0.017790
v 0.002984 0.046128 0.017790
v 0.001386 0.045961 0.017790
v -0.003628 0.047116 0.014626
v -0.003253 0.048021 0.016838
v -0.003253 0.048021 0.014626
v 0.001874 0.049396 0.016838
v 0.001874 0.049396 0.014626
v 0.002651 0.048799 0.014626
v 0.003622 0.045173 0.016838
v 0.003247 0.044268 0.014626
v 0.003622 0.045173 0.014626
v -0.003628 0.045173 0.016838
v -0.003757 0.046146 0.014626
v -0.003628 0.045173 0.014626
v -0.001880 0.049396 0.016838
v -0.001880 0.049396 0.014626
v 0.003622 0.047116 0.016838
v 0.003751 0.046146 0.014626
v -0.002657 0.048799 0.016838
v -0.002657 0.048799 0.014626
v 0.002651 0.048799 0.016838
v -0.000003 0.049751 0.017289
v -0.003757 0.046146 0.016838
v 0.000753 0.049036 0.017790
v 0.000015 0.049133 0.017790
v 0.000180 0.047534 0.017790
v 0.003751 0.046146 0.016838
v -0.003253 0.044268 0.014626
v -0.002128 0.048246 0.017790
v -0.000539 0.047440 0.017790
v -0.001481 0.048741 0.017790
v -0.002103 0.044021 0.017790
v -0.001512 0.043567 0.017790
v -0.000856 0.045032 0.017790
v 0.001109 0.045293 0.017790
v 0.002576 0.044636 0.017790
v -0.000794 0.049026 0.017790
v -0.002600 0.044667 0.017790
v -0.001298 0.045609 0.017790
v 0.002122 0.044044 0.017790
v 0.000138 0.047221 0.017545
v 0.000581 0.046908 0.017008
v 0.000658 0.047007 0.017545
v 0.000850 0.047257 0.017790
v 0.001506 0.048723 0.017790
v -0.002884 0.045356 0.017790
v 0.001475 0.043548 0.017790
v 0.000533 0.044850 0.017790
v 0.002097 0.048269 0.017790
v -0.002991 0.046162 0.017790
v -0.001393 0.046329 0.017790
v 0.000787 0.043264 0.017790
v 0.001292 0.046681 0.017790
v 0.002594 0.047622 0.017790
v -0.002894 0.046900 0.017790
v -0.000186 0.044756 0.017790
v -0.000021 0.043157 0.017790
v 0.002878 0.046936 0.017790
v -0.001115 0.046999 0.017790
v -0.002582 0.047654 0.017790
v -0.000759 0.043254 0.017790
v -0.000144 0.045069 0.017545
v 0.000364 0.045259 0.017008
v -0.000128 0.045194 0.017008
v -0.000864 0.046806 0.017545
v -0.000955 0.046271 0.017008
v -0.000765 0.046730 0.017008
v 0.001073 0.046003 0.017545
v 0.000883 0.046511 0.017008
v 0.000949 0.046021 0.017008
v -0.000664 0.045283 0.017545
v -0.000587 0.045385 0.017008
v -0.000371 0.047033 0.017008
v -0.000418 0.047148 0.017545
v 0.000858 0.045484 0.017545
v 0.000758 0.045562 0.017008
v -0.001006 0.045729 0.017545
v -0.000890 0.045778 0.017008
v 0.000412 0.045142 0.017545
v -0.001079 0.046287 0.017545
v 0.000999 0.046561 0.017545
v 0.000122 0.047096 0.017008
v 0.000138 0.047221 0.017545
v -0.000003 0.049899 0.016838
v 0.000968 0.049772 0.016838
v 0.001874 0.049396 0.016838
v 0.002651 0.048799 0.016838
v 0.003247 0.048021 0.016838
v 0.003622 0.047116 0.016838
v 0.003751 0.046146 0.016838
v 0.003622 0.045173 0.016838
v 0.003247 0.044268 0.016838
v -0.003253 0.044268 0.016838
v -0.003628 0.045173 0.016838
v -0.003757 0.046146 0.016838
v -0.003628 0.047116 0.016838
v -0.003253 0.048021 0.016838
v -0.002657 0.048799 0.016838
v -0.001880 0.049396 0.016838
v -0.000975 0.049772 0.016838
v 0.002393 0.043749 0.017590
v 0.001691 0.043212 0.017590
v 0.000874 0.042873 0.017590
v -0.000003 0.042758 0.017590
v -0.000880 0.042873 0.017590
v -0.001697 0.043212 0.017590
v -0.002399 0.043749 0.017590
v -0.002937 0.044451 0.017590
v 0.000658 0.047007 0.017545
v 0.000999 0.046561 0.017545
v 0.001073 0.046003 0.017545
v 0.000858 0.045484 0.017545
v 0.000412 0.045142 0.017545
v -0.000144 0.045069 0.017545
v -0.000664 0.045283 0.017545
v -0.001006 0.045729 0.017545
v -0.001079 0.046287 0.017545
v -0.000864 0.046806 0.017545
v -0.000418 0.047148 0.017545
v 0.000138 0.047221 0.017545
v 0.002501 0.049756 0.016477
v 0.001749 0.049826 0.016477
v 0.002317 0.049490 0.016477
v 0.002986 0.048937 0.016477
v 0.003553 0.048199 0.016477
v 0.003223 0.049159 0.016477
v 0.003963 0.047208 0.016477
v 0.003835 0.048361 0.016477
v 0.004104 0.046146 0.016477
v 0.004277 0.047291 0.016477
v 0.003963 0.045082 0.016477
v 0.004428 0.046146 0.016477
v 0.003553 0.044091 0.016477
v 0.004277 0.044999 0.016477
v 0.003130 0.043011 0.016477
v 0.002901 0.043241 0.016477
v -0.003559 0.044091 0.016477
v -0.003136 0.043011 0.016477
v -0.002907 0.043241 0.016477
v -0.004284 0.044999 0.016477
v -0.003969 0.045082 0.016477
v -0.004434 0.046146 0.016477
v -0.004110 0.046146 0.016477
v -0.004284 0.047291 0.016477
v -0.003969 0.047208 0.016477
v -0.003841 0.048361 0.016477
v -0.003559 0.048199 0.016477
v -0.003208 0.049187 0.016477
v -0.002972 0.048963 0.016477
v -0.002473 0.049785 0.016477
v -0.002292 0.049519 0.016477
v -0.001162 0.050069 0.015770
v -0.001576 0.050252 0.016306
v -0.001468 0.049946 0.016296
v 0.000298 0.050891 0.015193
v 0.000852 0.050463 0.015584
v 0.000987 0.050797 0.015098
v 0.004618 0.047382 0.016131
v 0.004781 0.046146 0.013097
v 0.004618 0.047382 0.013097
v 0.004140 0.048538 0.013097
v 0.004140 0.048538 0.016131
v -0.003462 0.049427 0.016131
v -0.004146 0.048538 0.013097
v -0.004146 0.048538 0.016131
v 0.003479 0.049399 0.016131
v 0.002701 0.050043 0.013097
v 0.002701 0.050043 0.016131
v -0.004624 0.047382 0.013097
v -0.004624 0.047382 0.016131
v 0.000303 0.050212 0.015584
v 0.000773 0.050150 0.015584
v 0.001969 0.050465 0.016030
v 0.001969 0.050465 0.013097
v 0.003479 0.049399 0.013097
v -0.002670 0.050074 0.016131
v -0.003462 0.049427 0.013097
v -0.004786 0.046146 0.016131
v -0.004786 0.046146 0.013097
v -0.001518 0.050645 0.015564
v -0.001946 0.050476 0.013097
v -0.001946 0.050476 0.016025
v -0.001755 0.049826 0.016477
v -0.002670 0.050074 0.013097
v 0.001570 0.050252 0.016306
v 0.001156 0.050069 0.015770
v 0.001462 0.049946 0.016296
v 0.001263 0.049649 0.015629
v -0.000742 0.050155 0.015584
v -0.001269 0.049649 0.015629
v -0.000814 0.049792 0.015048
v -0.001427 0.049584 0.015940
v 0.001421 0.049584 0.015940
v -0.000818 0.050468 0.015584
v -0.001518 0.050645 0.015564
v -0.001268 0.050379 0.015760
v 0.001510 0.050645 0.015564
v -0.001946 0.050476 0.016025
v -0.001879 0.050126 0.016477
v 0.001873 0.050126 0.016477
v 0.001969 0.050465 0.016030
v -0.000309 0.049858 0.015163
v -0.000309 0.050212 0.015584
v 0.002729 0.048697 0.016131
v 0.003247 0.048021 0.016131
v 0.003622 0.047116 0.016131
v 0.003751 0.046146 0.016131
v 0.003622 0.045173 0.016131
v 0.003247 0.044268 0.016131
v 0.002651 0.043491 0.016131
v -0.003253 0.044268 0.016131
v -0.003628 0.045173 0.016131
v -0.003757 0.046146 0.016131
v -0.003628 0.047116 0.016131
v -0.003253 0.048021 0.016131
v -0.002717 0.048720 0.016131
v -0.002096 0.049226 0.016131
v 0.002118 0.049203 0.016131
v 0.001262 0.050379 0.015760
v -0.002670 0.050074 0.016131
v -0.003462 0.049427 0.016131
v 0.002701 0.050043 0.016131
v 0.003479 0.049399 0.016131
v -0.004624 0.047382 0.016131
v -0.004146 0.048538 0.016131
v 0.004618 0.047382 0.016131
v 0.004781 0.046146 0.016131
v -0.000305 0.050891 0.015193
v -0.000309 0.050536 0.015584
v 0.004140 0.048538 0.016131
v 0.000303 0.049858 0.015163
v 0.000807 0.049792 0.015048
v -0.000993 0.050797 0.015098
v -0.000305 0.050891 0.013097
v -0.000993 0.050797 0.013097
v 0.000987 0.050797 0.015098
v 0.001513 0.050645 0.013097
v 0.000987 0.050797 0.013097
v 0.001510 0.050645 0.015564
v -0.001518 0.050645 0.013097
v 0.000303 0.050536 0.015584
v 0.000299 0.050891 0.013097
v -0.000305 0.050891 0.015193
v 0.000298 0.050891 0.015193
v -0.002710 0.051822 -0.010853
v -0.002320 0.051423 -0.023294
v -0.002710 0.051822 -0.023294
v -0.012361 0.040061 -0.010853
v -0.011892 0.039756 -0.023294
v -0.011892 0.039756 -0.010853
v -0.011663 0.042077 -0.010853
v -0.012064 0.042466 -0.023294
v -0.011663 0.042077 -0.023294
v -0.011304 0.044769 -0.010853
v -0.010987 0.044307 -0.023294
v -0.010987 0.044307 -0.010853
v -0.008526 0.048713 -0.010853
v -0.008409 0.048168 -0.023294
v -0.008409 0.048168 -0.010853
v -0.012183 0.041871 -0.010853
v -0.011663 0.042077 -0.023294
v -0.012183 0.041871 -0.023294
v -0.006615 0.050205 -0.010853
v -0.006607 0.049646 -0.023294
v -0.006607 0.049646 -0.010853
v -0.011537 0.044206 -0.010853
v -0.010987 0.044307 -0.023294
v -0.011537 0.044206 -0.023294
v -0.005011 0.051063 -0.010853
v -0.004551 0.050744 -0.023294
v -0.005011 0.051063 -0.023294
v -0.010447 0.046373 -0.010853
v -0.009888 0.046365 -0.023294
v -0.010447 0.046373 -0.023294
v -0.004551 0.050744 -0.010853
v -0.004450 0.051295 -0.023294
v -0.004551 0.050744 -0.023294
v -0.008956 0.048282 -0.010853
v -0.008409 0.048168 -0.023294
v -0.008956 0.048282 -0.023294
v -0.002114 0.051942 -0.010853
v -0.002320 0.051423 -0.023294
v -0.002320 0.051423 -0.010853
v -0.007120 0.049865 -0.010853
v -0.006607 0.049646 -0.023294
v -0.007120 0.049865 -0.023294
v -0.000305 0.052119 -0.010853
v -0.000001 0.051650 -0.023294
v -0.000305 0.052119 -0.023294
v -0.000920 0.052416 -0.023294
v -0.001568 0.052351 -0.010853
v -0.000920 0.052416 -0.010853
v -0.012594 0.041324 -0.023294
v -0.012658 0.040677 -0.010853
v -0.012594 0.041324 -0.010853
v -0.012046 0.043752 -0.023294
v -0.012234 0.043128 -0.010853
v -0.012046 0.043752 -0.010853
v -0.011035 0.046024 -0.023294
v -0.011342 0.045450 -0.010853
v -0.011035 0.046024 -0.010853
v -0.009600 0.048058 -0.023294
v -0.010013 0.047555 -0.010853
v -0.009600 0.048058 -0.010853
v -0.007797 0.049772 -0.023294
v -0.008299 0.049357 -0.010853
v -0.007797 0.049772 -0.010853
v -0.005693 0.051099 -0.023294
v -0.006267 0.050794 -0.010853
v -0.005693 0.051099 -0.010853
v -0.003372 0.051991 -0.010853
v -0.003994 0.051803 -0.023294
v -0.003994 0.051803 -0.010853
v -0.010108 0.046876 -0.010853
v -0.009888 0.046365 -0.023294
v -0.009888 0.046365 -0.010853
v -0.012274 0.040481 -0.023695
v -0.012361 0.040061 -0.023294
v -0.012658 0.040677 -0.023294
v -0.012183 0.041871 -0.023294
v -0.012181 0.041441 -0.023695
v -0.012594 0.041324 -0.023294
v -0.011897 0.042862 -0.023695
v -0.012064 0.042466 -0.023294
v -0.012234 0.043128 -0.023294
v -0.011537 0.044206 -0.023294
v -0.011618 0.043786 -0.023695
v -0.012046 0.043752 -0.023294
v -0.011063 0.045124 -0.023695
v -0.011304 0.044769 -0.023294
v -0.011342 0.045450 -0.023294
v -0.010447 0.046373 -0.023294
v -0.010608 0.045974 -0.023695
v -0.011035 0.046024 -0.023294
v -0.009803 0.047179 -0.023695
v -0.010108 0.046876 -0.023294
v -0.010013 0.047555 -0.023294
v -0.008956 0.048282 -0.023294
v -0.009192 0.047925 -0.023695
v -0.009600 0.048058 -0.023294
v -0.008167 0.048950 -0.023695
v -0.008526 0.048713 -0.023294
v -0.008299 0.049357 -0.023294
v -0.007120 0.049865 -0.023294
v -0.007422 0.049560 -0.023695
v -0.007797 0.049772 -0.023294
v -0.006217 0.050366 -0.023695
v -0.006615 0.050205 -0.023294
v -0.006267 0.050794 -0.023294
v -0.005011 0.051063 -0.023294
v -0.005367 0.050820 -0.023695
v -0.005693 0.051099 -0.023294
v -0.004028 0.051376 -0.023695
v -0.004450 0.051295 -0.023294
v -0.003994 0.051803 -0.023294
v -0.002710 0.051822 -0.023294
v -0.003106 0.051655 -0.023695
v -0.003372 0.051991 -0.023294
v -0.001685 0.051939 -0.023695
v -0.002114 0.051942 -0.023294
v -0.001568 0.052351 -0.023294
v -0.000305 0.052119 -0.023294
v -0.000725 0.052033 -0.023695
v -0.000920 0.052416 -0.023294
v -0.004450 0.051295 -0.010853
v -0.002114 0.051942 -0.023294
v -0.001568 0.052351 -0.023294
v -0.012658 0.040677 -0.023294
v -0.012361 0.040061 -0.023294
v -0.012064 0.042466 -0.010853
v -0.012234 0.043128 -0.023294
v -0.011342 0.045450 -0.023294
v -0.011304 0.044769 -0.023294
v -0.010108 0.046876 -0.023294
v -0.010013 0.047555 -0.023294
v -0.008299 0.049357 -0.023294
v -0.008526 0.048713 -0.023294
v -0.006267 0.050794 -0.023294
v -0.006615 0.050205 -0.023294
v -0.011892 0.039756 -0.023294
v -0.011157 0.039756 -0.023695
v -0.011663 0.042077 -0.023294
v -0.011663 0.042077 -0.023294
v -0.010943 0.041934 -0.023695
v -0.010987 0.044307 -0.023294
v -0.010987 0.044307 -0.023294
v -0.010308 0.044028 -0.023695
v -0.009888 0.046365 -0.023294
v -0.009888 0.046365 -0.023294
v -0.009277 0.045956 -0.023695
v -0.008409 0.048168 -0.023294
v -0.008409 0.048168 -0.023294
v -0.007889 0.047646 -0.023695
v -0.006607 0.049646 -0.023294
v -0.006607 0.049646 -0.023294
v -0.006198 0.049033 -0.023695
v -0.004551 0.050744 -0.023294
v -0.004551 0.050744 -0.023294
v -0.004271 0.050066 -0.023695
v -0.002320 0.051423 -0.023294
v -0.002320 0.051423 -0.023294
v -0.002177 0.050700 -0.023695
v -0.000001 0.051650 -0.023294
v -0.012064 0.037049 -0.010853
v -0.011663 0.037437 -0.023294
v -0.012064 0.037049 -0.023294
v -0.008956 0.031232 -0.010853
v -0.008409 0.031347 -0.023294
v -0.008409 0.031347 -0.010853
v -0.009888 0.033150 -0.010853
v -0.010447 0.033142 -0.023294
v -0.009888 0.033150 -0.023294
v -0.011304 0.034746 -0.023294
v -0.010987 0.035207 -0.010853
v -0.010987 0.035207 -0.023294
v -0.010987 0.035207 -0.010853
v -0.011537 0.035306 -0.023294
v -0.010987 0.035207 -0.023294
v -0.008526 0.030802 -0.010853
v -0.008409 0.031347 -0.023294
v -0.008526 0.030802 -0.023294
v -0.012183 0.037643 -0.010853
v -0.011663 0.037437 -0.023294
v -0.011663 0.037437 -0.010853
v -0.010108 0.032636 -0.010853
v -0.009888 0.033150 -0.023294
v -0.010108 0.032636 -0.023294
v -0.012361 0.039454 -0.023294
v -0.011892 0.039756 -0.010853
v -0.011892 0.039756 -0.023294
v -0.012658 0.038838 -0.023294
v -0.012594 0.038191 -0.010853
v -0.012658 0.038838 -0.010853
v -0.008299 0.030155 -0.023294
v -0.007797 0.029743 -0.010853
v -0.008299 0.030155 -0.010853
v -0.010013 0.031960 -0.010853
v -0.009600 0.031457 -0.023294
v -0.009600 0.031457 -0.010853
v -0.011342 0.034062 -0.023294
v -0.011035 0.033489 -0.010853
v -0.011342 0.034062 -0.010853
v -0.012234 0.036386 -0.023294
v -0.012046 0.035763 -0.010853
v -0.012234 0.036386 -0.010853
v -0.007120 0.029649 -0.010853
v -0.006607 0.029868 -0.023294
v -0.006607 0.029868 -0.010853
v -0.009192 0.031590 -0.023695
v -0.008956 0.031232 -0.023294
v -0.009600 0.031457 -0.023294
v -0.010108 0.032636 -0.023294
v -0.009803 0.032336 -0.023695
v -0.010013 0.031960 -0.023294
v -0.010608 0.033541 -0.023695
v -0.010447 0.033142 -0.023294
v -0.011035 0.033489 -0.023294
v -0.011304 0.034746 -0.023294
v -0.011063 0.034391 -0.023695
v -0.011342 0.034062 -0.023294
v -0.011618 0.035729 -0.023695
v -0.011537 0.035306 -0.023294
v -0.012046 0.035763 -0.023294
v -0.012064 0.037049 -0.023294
v -0.011897 0.036652 -0.023695
v -0.012234 0.036386 -0.023294
v -0.012181 0.038074 -0.023695
v -0.012183 0.037643 -0.023294
v -0.012594 0.038191 -0.023294
v -0.012361 0.039454 -0.023294
v -0.012274 0.039034 -0.023695
v -0.012658 0.038838 -0.023294
v -0.011537 0.035306 -0.010853
v -0.012046 0.035763 -0.023294
v -0.012361 0.039454 -0.010853
v -0.012594 0.038191 -0.023294
v -0.012183 0.037643 -0.023294
v -0.007797 0.029743 -0.023294
v -0.007120 0.029649 -0.023294
v -0.008956 0.031232 -0.023294
v -0.011304 0.034746 -0.010853
v -0.010447 0.033142 -0.010853
v -0.011035 0.033489 -0.023294
v -0.008409 0.031347 -0.023294
v -0.007889 0.031869 -0.023695
v -0.009888 0.033150 -0.023294
v -0.009888 0.033150 -0.023294
v -0.009277 0.033559 -0.023695
v -0.010987 0.035207 -0.023294
v -0.010987 0.035207 -0.023294
v -0.010308 0.035486 -0.023695
v -0.011663 0.037437 -0.023294
v -0.011663 0.037437 -0.023294
v -0.010943 0.037581 -0.023695
v -0.011892 0.039756 -0.023294
v 0.012361 0.039454 -0.010853
v 0.011893 0.039756 -0.023294
v 0.011893 0.039756 -0.010853
v 0.011664 0.037437 -0.010853
v 0.012064 0.037049 -0.023294
v 0.011664 0.037437 -0.023294
v 0.011303 0.034746 -0.010853
v 0.010987 0.035207 -0.023294
v 0.010987 0.035207 -0.010853
v 0.008525 0.030802 -0.010853
v 0.008409 0.031347 -0.023294
v 0.008409 0.031347 -0.010853
v 0.012183 0.037643 -0.023294
v 0.011664 0.037437 -0.010853
v 0.011664 0.037437 -0.023294
v 0.011536 0.035306 -0.010853
v 0.010987 0.035207 -0.023294
v 0.011536 0.035306 -0.023294
v 0.010446 0.033142 -0.010853
v 0.009888 0.033150 -0.023294
v 0.010446 0.033142 -0.023294
v 0.008955 0.031232 -0.010853
v 0.008409 0.031347 -0.023294
v 0.008955 0.031232 -0.023294
v 0.007120 0.029649 -0.010853
v 0.006607 0.029868 -0.023294
v 0.007120 0.029649 -0.023294
v 0.012594 0.038191 -0.023294
v 0.012657 0.038838 -0.010853
v 0.012594 0.038191 -0.010853
v 0.012046 0.035763 -0.010853
v 0.012235 0.036386 -0.023294
v 0.012235 0.036386 -0.010853
v 0.011035 0.033489 -0.023294
v 0.011342 0.034062 -0.010853
v 0.011035 0.033489 -0.010853
v 0.009601 0.031457 -0.010853
v 0.010013 0.031960 -0.023294
v 0.010013 0.031960 -0.010853
v 0.007797 0.029743 -0.023294
v 0.008300 0.030155 -0.010853
v 0.007797 0.029743 -0.010853
v 0.010109 0.032636 -0.010853
v 0.009888 0.033150 -0.023294
v 0.009888 0.033150 -0.010853
v 0.012275 0.039034 -0.023695
v 0.012361 0.039454 -0.023294
v 0.012657 0.038838 -0.023294
v 0.012183 0.037643 -0.023294
v 0.012180 0.038074 -0.023695
v 0.012594 0.038191 -0.023294
v 0.011897 0.036652 -0.023695
v 0.012064 0.037049 -0.023294
v 0.012235 0.036386 -0.023294
v 0.011536 0.035306 -0.023294
v 0.011617 0.035729 -0.023695
v 0.012046 0.035763 -0.023294
v 0.011063 0.034391 -0.023695
v 0.011303 0.034746 -0.023294
v 0.011342 0.034062 -0.023294
v 0.010446 0.033142 -0.023294
v 0.010609 0.033541 -0.023695
v 0.011035 0.033489 -0.023294
v 0.009803 0.032336 -0.023695
v 0.010109 0.032636 -0.023294
v 0.010013 0.031960 -0.023294
v 0.008955 0.031232 -0.023294
v 0.009192 0.031590 -0.023695
v 0.009601 0.031457 -0.023294
v 0.012183 0.037643 -0.010853
v 0.012657 0.038838 -0.023294
v 0.012361 0.039454 -0.023294
v 0.012064 0.037049 -0.010853
v 0.011342 0.034062 -0.023294
v 0.011303 0.034746 -0.023294
v 0.010109 0.032636 -0.023294
v 0.008300 0.030155 -0.023294
v 0.008525 0.030802 -0.023294
v 0.011893 0.039756 -0.023294
v 0.011157 0.039756 -0.023695
v 0.011664 0.037437 -0.023294
v 0.011664 0.037437 -0.023294
v 0.010943 0.037581 -0.023695
v 0.010987 0.035207 -0.023294
v 0.010987 0.035207 -0.023294
v 0.010307 0.035486 -0.023695
v 0.009888 0.033150 -0.023294
v 0.009888 0.033150 -0.023294
v 0.009277 0.033559 -0.023695
v 0.008409 0.031347 -0.023294
v 0.012064 0.042466 -0.010853
v 0.011664 0.042077 -0.023294
v 0.012064 0.042466 -0.023294
v 0.000303 0.052119 -0.010853
v -0.000001 0.051650 -0.023294
v -0.000001 0.051650 -0.010853
v 0.002710 0.051822 -0.010853
v 0.002320 0.051423 -0.023294
v 0.002320 0.051423 -0.010853
v 0.005011 0.051063 -0.010853
v 0.004550 0.050744 -0.023294
v 0.004550 0.050744 -0.010853
v 0.008955 0.048282 -0.010853
v 0.008409 0.048168 -0.023294
v 0.008409 0.048168 -0.010853
v 0.002113 0.051942 -0.010853
v 0.002320 0.051423 -0.023294
v 0.002113 0.051942 -0.023294
v 0.009888 0.046365 -0.010853
v 0.010446 0.046373 -0.023294
v 0.009888 0.046365 -0.023294
v 0.004449 0.051295 -0.010853
v 0.004550 0.050744 -0.023294
v 0.004449 0.051295 -0.023294
v 0.011303 0.044769 -0.010853
v 0.010987 0.044307 -0.023294
v 0.011303 0.044769 -0.023294
v 0.006614 0.050205 -0.010853
v 0.006607 0.049646 -0.023294
v 0.006614 0.050205 -0.023294
v 0.010987 0.044307 -0.023294
v 0.011536 0.044206 -0.010853
v 0.011536 0.044206 -0.023294
v 0.008525 0.048713 -0.010853
v 0.008409 0.048168 -0.023294
v 0.008525 0.048713 -0.023294
v 0.012183 0.041871 -0.010853
v 0.011664 0.042077 -0.023294
v 0.011664 0.042077 -0.010853
v 0.010109 0.046876 -0.023294
v 0.009888 0.046365 -0.010853
v 0.009888 0.046365 -0.023294
v 0.012361 0.040061 -0.023294
v 0.011893 0.039756 -0.010853
v 0.011893 0.039756 -0.023294
v 0.012657 0.040677 -0.023294
v 0.012594 0.041324 -0.010853
v 0.012657 0.040677 -0.010853
v 0.001567 0.052351 -0.023294
v 0.000919 0.052416 -0.010853
v 0.001567 0.052351 -0.010853
v 0.003994 0.051803 -0.023294
v 0.003371 0.051991 -0.010853
v 0.003994 0.051803 -0.010853
v 0.006267 0.050794 -0.023294
v 0.005694 0.051099 -0.010853
v 0.006267 0.050794 -0.010853
v 0.008300 0.049357 -0.023294
v 0.007797 0.049772 -0.010853
v 0.008300 0.049357 -0.010853
v 0.010013 0.047555 -0.023294
v 0.009601 0.048058 -0.010853
v 0.010013 0.047555 -0.010853
v 0.011342 0.045450 -0.010853
v 0.011035 0.046024 -0.023294
v 0.011035 0.046024 -0.010853
v 0.012235 0.043128 -0.023294
v 0.012046 0.043752 -0.010853
v 0.012235 0.043128 -0.010853
v 0.007120 0.049865 -0.010853
v 0.006607 0.049646 -0.023294
v 0.006607 0.049646 -0.010853
v 0.000724 0.052033 -0.023695
v 0.000303 0.052119 -0.023294
v 0.000919 0.052416 -0.023294
v 0.002113 0.051942 -0.023294
v 0.001683 0.051939 -0.023695
v 0.001567 0.052351 -0.023294
v 0.003105 0.051655 -0.023695
v 0.002710 0.051822 -0.023294
v 0.003371 0.051991 -0.023294
v 0.004449 0.051295 -0.023294
v 0.004028 0.051376 -0.023695
v 0.003994 0.051803 -0.023294
v 0.005367 0.050820 -0.023695
v 0.005011 0.051063 -0.023294
v 0.005694 0.051099 -0.023294
v 0.006614 0.050205 -0.023294
v 0.006216 0.050366 -0.023695
v 0.006267 0.050794 -0.023294
v 0.007422 0.049560 -0.023695
v 0.007120 0.049865 -0.023294
v 0.007797 0.049772 -0.023294
v 0.008525 0.048713 -0.023294
v 0.008167 0.048950 -0.023695
v 0.008300 0.049357 -0.023294
v 0.009192 0.047925 -0.023695
v 0.008955 0.048282 -0.023294
v 0.009601 0.048058 -0.023294
v 0.010109 0.046876 -0.023294
v 0.009803 0.047179 -0.023695
v 0.010013 0.047555 -0.023294
v 0.010609 0.045974 -0.023695
v 0.010446 0.046373 -0.023294
v 0.011035 0.046024 -0.023294
v 0.011303 0.044769 -0.023294
v 0.011063 0.045124 -0.023695
v 0.011342 0.045450 -0.023294
v 0.011617 0.043786 -0.023695
v 0.011536 0.044206 -0.023294
v 0.012046 0.043752 -0.023294
v 0.012064 0.042466 -0.023294
v 0.011897 0.042862 -0.023695
v 0.012235 0.043128 -0.023294
v 0.012180 0.041441 -0.023695
v 0.012183 0.041871 -0.023294
v 0.012594 0.041324 -0.023294
v 0.012361 0.040061 -0.023294
v 0.012275 0.040481 -0.023695
v 0.012657 0.040677 -0.023294
v 0.012046 0.043752 -0.023294
v 0.012361 0.040061 -0.010853
v 0.012594 0.041324 -0.023294
v 0.012183 0.041871 -0.023294
v 0.000919 0.052416 -0.023294
v 0.000303 0.052119 -0.023294
v 0.003371 0.051991 -0.023294
v 0.002710 0.051822 -0.023294
v 0.005694 0.051099 -0.023294
v 0.005011 0.051063 -0.023294
v 0.007797 0.049772 -0.023294
v 0.007120 0.049865 -0.023294
v 0.010109 0.046876 -0.010853
v 0.008955 0.048282 -0.023294
v 0.009601 0.048058 -0.023294
v 0.010446 0.046373 -0.010853
v -0.000001 0.051650 -0.023294
v -0.000001 0.050914 -0.023695
v 0.002320 0.051423 -0.023294
v 0.002320 0.051423 -0.023294
v 0.002176 0.050700 -0.023695
v 0.004550 0.050744 -0.023294
v 0.004550 0.050744 -0.023294
v 0.004269 0.050066 -0.023695
v 0.006607 0.049646 -0.023294
v 0.006607 0.049646 -0.023294
v 0.006198 0.049033 -0.023695
v 0.008409 0.048168 -0.023294
v 0.008409 0.048168 -0.023294
v 0.007889 0.047646 -0.023695
v 0.009888 0.046365 -0.023294
v 0.009888 0.046365 -0.023294
v 0.009277 0.045956 -0.023695
v 0.010987 0.044307 -0.023294
v 0.010987 0.044307 -0.023294
v 0.010307 0.044028 -0.023695
v 0.011664 0.042077 -0.023294
v 0.011664 0.042077 -0.023294
v 0.010943 0.041934 -0.023695
v 0.011893 0.039756 -0.023294
v -0.012737 0.039756 -0.024171
v -0.014197 0.037059 -0.041617
v -0.014197 0.039756 -0.041617
v -0.014197 0.042456 -0.041617
v -0.014432 0.041125 -0.041316
v -0.013811 0.044099 -0.042530
v -0.012855 0.046386 -0.044540
v 0.012737 0.039756 -0.024171
v 0.014068 0.042576 -0.069307
v 0.011812 0.048100 -0.049495
v -0.014068 0.036939 -0.069307
v -0.011813 0.031415 -0.049495
v 0.014336 0.039756 -0.069372
v 0.014278 0.041159 -0.069347
v 0.014068 0.042576 -0.069307
v 0.013704 0.043955 -0.069212
v 0.012855 0.033129 -0.044540
v 0.014432 0.041125 -0.041316
v 0.014559 0.039756 -0.041211
v 0.014197 0.037059 -0.041617
v -0.014336 0.039756 -0.069372
v -0.014279 0.038355 -0.069347
v -0.014068 0.036939 -0.069307
v -0.013704 0.035559 -0.069212
v -0.005142 0.043833 0.021782
v -0.011587 0.044010 0.018713
v -0.005312 0.044007 0.021707
v -0.008605 0.035505 0.019626
v -0.005312 0.035505 0.023607
v -0.011868 0.044010 0.016055
v -0.013063 0.035505 0.016055
v -0.010063 0.044010 0.020328
v -0.006739 0.044010 0.021787
v -0.011742 0.035505 0.021441
v 0.003119 0.035173 0.017289
v 0.003130 0.036504 0.016477
v 0.000987 0.028716 0.015098
v 0.002651 0.036024 0.016131
v 0.000968 0.049772 0.016838
v -0.003628 0.047116 0.016838
v 0.003247 0.044268 0.016838
v -0.003253 0.044268 0.016838
v 0.000122 0.047096 0.017008
v 0.003835 0.043929 0.016477
v -0.003841 0.043929 0.016477
v 0.004781 0.046146 0.016131
v -0.000993 0.050797 0.015098
v -0.002657 0.043491 0.016131
v -0.004786 0.046146 0.016131
v -0.002320 0.051423 -0.010853
v -0.011663 0.042077 -0.010853
v -0.010987 0.044307 -0.010853
v -0.004551 0.050744 -0.010853
v -0.009888 0.046365 -0.010853
v -0.008409 0.048168 -0.010853
v -0.006607 0.049646 -0.010853
v -0.000001 0.051650 -0.010853
v -0.003372 0.051991 -0.023294
v -0.010943 0.041934 -0.023695
v -0.010308 0.044028 -0.023695
v -0.009277 0.045956 -0.023695
v -0.007889 0.047646 -0.023695
v -0.006198 0.049033 -0.023695
v -0.004271 0.050066 -0.023695
v -0.002177 0.050700 -0.023695
v -0.000001 0.050914 -0.023695
v -0.011663 0.037437 -0.010853
v -0.008409 0.031347 -0.010853
v -0.009888 0.033150 -0.010853
v -0.010013 0.031960 -0.023294
v -0.009277 0.033559 -0.023695
v -0.010308 0.035486 -0.023695
v -0.010943 0.037581 -0.023695
v -0.011157 0.039756 -0.023695
v 0.010987 0.035207 -0.010853
v 0.009888 0.033150 -0.010853
v 0.008409 0.031347 -0.010853
v 0.006607 0.029868 -0.010853
v 0.012046 0.035763 -0.023294
v 0.009601 0.031457 -0.023294
v 0.010943 0.037581 -0.023695
v 0.010307 0.035486 -0.023695
v 0.009277 0.033559 -0.023695
v 0.007889 0.031869 -0.023695
v 0.011664 0.042077 -0.010853
v 0.002320 0.051423 -0.010853
v 0.004550 0.050744 -0.010853
v 0.010987 0.044307 -0.010853
v 0.006607 0.049646 -0.010853
v 0.010987 0.044307 -0.010853
v 0.008409 0.048168 -0.010853
v 0.011342 0.045450 -0.023294
v 0.002176 0.050700 -0.023695
v 0.004269 0.050066 -0.023695
v 0.006198 0.049033 -0.023695
v 0.007889 0.047646 -0.023695
v 0.009277 0.045956 -0.023695
v 0.010307 0.044028 -0.023695
v 0.010943 0.041934 -0.023695
v 0.011157 0.039756 -0.023695
v -0.014560 0.039756 -0.041211
v -0.014432 0.038389 -0.041316
v 0.014432 0.038389 -0.041316
v 0.014197 0.042456 -0.041617
v -0.003072 0.026100 0.009135
v 0.002892 0.026339 0.009371
v -0.002893 0.026339 0.009371
v 0.003730 0.026757 0.011608
v 0.004282 0.028105 0.011608
v 0.002858 0.027631 0.011608
v -0.005481 0.034905 0.020744
v -0.004882 0.033306 0.021391
v -0.005411 0.033157 0.020228
v -0.002893 0.024316 0.009406
v 0.002892 0.023721 0.010239
v 0.002892 0.024321 0.009396
v -0.008688 0.028264 -0.032937
v -0.008529 0.030338 -0.031046
v -0.007087 0.029154 -0.031197
v -0.005095 0.025940 -0.078178
v -0.008950 0.027941 -0.033970
v -0.005095 0.025940 -0.033970
v 0.000023 0.025134 -0.078178
v 0.000023 0.025134 -0.033970
v -0.000001 0.027002 -0.031197
v 0.000022 0.025539 -0.032937
v -0.002489 0.027247 -0.031197
v -0.004944 0.026324 -0.032937
v -0.004882 0.027975 -0.031197
v -0.004882 0.024261 0.012209
v -0.004882 0.028752 0.014200
v -0.004882 0.030027 0.017324
v -0.004282 0.022871 0.009973
v 0.004282 0.022871 0.009973
v -0.003730 0.023181 0.010284
v -0.002893 0.026339 0.009371
v 0.002892 0.026339 0.011191
v -0.002893 0.026339 0.011191
v 0.003071 0.026100 0.009135
v -0.003072 0.024842 0.009135
v 0.003071 0.024835 0.009135
v -0.003312 0.024853 0.009371
v -0.003312 0.025920 0.009371
v -0.003312 0.025920 0.011191
v 0.003311 0.025920 0.011191
v 0.003311 0.025920 0.009371
v 0.003311 0.024853 0.009371
v 0.004881 0.028426 0.012209
v 0.005377 0.029201 0.011011
v -0.004882 0.028426 0.012209
v -0.004282 0.028105 0.011608
v -0.005377 0.029201 0.011011
v -0.004282 0.022445 0.008945
v -0.004882 0.021846 0.009797
v -0.004282 0.025108 0.011608
v -0.004882 0.024261 0.012209
v -0.004282 0.024086 0.011186
v 0.004282 0.024086 0.011186
v 0.004881 0.024261 0.012209
v 0.004282 0.025108 0.011608
v 0.004282 0.022445 0.008945
v 0.004881 0.021846 0.009797
v 0.003730 0.025108 0.011608
v 0.003311 0.024683 0.011191
v 0.003730 0.024086 0.011186
v 0.002892 0.023721 0.010239
v 0.003730 0.023181 0.010284
v 0.003311 0.024026 0.010534
v 0.002892 0.026339 0.011191
v 0.003311 0.025920 0.011191
v -0.003730 0.025108 0.011608
v -0.003730 0.024086 0.011186
v -0.003312 0.024683 0.011191
v -0.002893 0.023721 0.010239
v -0.003312 0.024026 0.010534
v -0.003730 0.026757 0.011608
v -0.003312 0.025920 0.011191
v -0.002893 0.026339 0.011191
v 0.003311 0.025920 0.009371
v -0.003312 0.025920 0.009371
v 0.003311 0.024853 0.009371
v 0.002892 0.024321 0.009396
v -0.003312 0.024853 0.009371
v -0.002893 0.024316 0.009406
v -0.008950 0.027941 -0.078178
v -0.011439 0.030288 -0.033970
v -0.000001 0.027855 0.011011
v -0.000001 0.027250 0.011608
v -0.002797 0.027610 0.011608
v -0.005419 0.029699 0.014511
v -0.005419 0.030844 0.017324
v -0.004882 0.028426 0.012209
v -0.004882 0.031253 0.019806
v -0.005374 0.032179 0.019415
v -0.005481 0.019798 0.024004
v -0.004882 0.020398 -0.078178
v -0.004882 0.020398 0.024169
v -0.004882 0.021846 -0.078178
v -0.004282 0.022445 0.008945
v -0.004882 0.021846 0.009797
v 0.004881 0.021846 -0.078178
v 0.004282 0.022445 0.008945
v 0.004282 0.022445 -0.078178
v -0.002664 0.028199 0.011011
v 0.002723 0.028217 0.011011
v 0.002892 0.026339 0.009371
v 0.002892 0.026339 0.011191
v 0.003311 0.024026 0.010534
v -0.003312 0.024026 0.010534
v -0.002893 0.023721 0.010239
v -0.010847 0.030220 -0.032927
v 0.008529 0.030338 -0.031046
v 0.008687 0.028264 -0.032937
v 0.007087 0.029154 -0.031197
v 0.008950 0.027941 -0.033970
v 0.005095 0.025940 -0.078178
v 0.005095 0.025940 -0.033970
v 0.000023 0.025134 -0.033970
v 0.000023 0.025134 -0.078178
v -0.000001 0.027002 -0.031197
v 0.002488 0.027247 -0.031197
v 0.000022 0.025539 -0.032937
v 0.004943 0.026324 -0.032937
v 0.004881 0.027975 -0.031197
v 0.011439 0.030288 -0.033970
v 0.008950 0.027941 -0.078178
v 0.010847 0.030220 -0.032927
v -0.004882 0.034905 0.021386
v -0.004882 0.034905 0.024009
v -0.004882 0.033048 0.024124
v -0.004882 0.030734 0.024164
v -0.004882 0.021846 0.009797
v -0.004882 0.021846 -0.078178
v 0.002892 0.026339 0.009371
v -0.003312 0.024683 0.011191
v 0.003311 0.024683 0.011191
v -0.011439 0.030288 -0.078178
v -0.005377 0.029201 0.011011
v -0.005481 0.019798 -0.078178
v -0.004282 0.022445 -0.078178
v 0.004881 0.021846 0.009797
v 0.011439 0.030288 -0.078178
v -0.001878 0.053637 -0.070942
v -0.002802 0.053843 -0.070942
v -0.001834 0.053940 -0.070942
v -0.000001 0.053413 -0.068560
v -0.000808 0.054041 -0.068560
v -0.000001 0.054119 -0.068560
v -0.001389 0.053533 -0.069061
v -0.001319 0.054002 -0.070440
v -0.001319 0.054002 -0.069061
v -0.003705 0.053752 -0.073570
v -0.002899 0.053447 -0.071343
v -0.002899 0.053447 -0.073570
v -0.001448 0.053136 -0.073570
v -0.001052 0.053102 -0.071343
v -0.002810 0.053840 -0.073971
v -0.001388 0.053533 -0.073971
v -0.001209 0.053999 -0.073971
v -0.000001 0.053011 -0.068961
v -0.000001 0.053011 -0.073570
v -0.001389 0.053533 -0.070440
v -0.000890 0.053491 -0.068560
v -0.001049 0.053102 -0.068961
v -0.000001 0.053413 -0.073971
v -0.002810 0.053840 -0.073971
v -0.003705 0.053752 -0.071343
v 0.001878 0.053637 -0.070942
v 0.001833 0.053940 -0.070942
v 0.002801 0.053843 -0.070942
v 0.000807 0.054041 -0.068560
v 0.000888 0.053491 -0.068560
v 0.001318 0.054002 -0.070440
v 0.001388 0.053533 -0.069061
v 0.001318 0.054002 -0.069061
v 0.002898 0.053447 -0.073570
v 0.003704 0.053752 -0.071343
v 0.003704 0.053752 -0.073570
v 0.001446 0.053136 -0.073570
v 0.002898 0.053447 -0.071343
v 0.002809 0.053840 -0.073971
v 0.001208 0.053999 -0.073971
v 0.001388 0.053533 -0.073971
v 0.001051 0.053102 -0.071343
v 0.001048 0.053102 -0.068961
v 0.001388 0.053533 -0.070440
v 0.000968 0.029743 0.016838
v -0.000003 0.029615 0.014626
v 0.000968 0.029743 0.014626
v -0.003253 0.031493 0.016838
v -0.003628 0.032398 0.014626
v -0.003253 0.031493 0.014626
v -0.000003 0.029615 0.016838
v -0.000975 0.029743 0.014626
v 0.003622 0.032398 0.014626
v 0.003247 0.031493 0.016838
v 0.003247 0.031493 0.014626
v -0.000975 0.029743 0.016838
v -0.001880 0.030119 0.014626
v -0.001880 0.030119 0.016838
v -0.002657 0.030716 0.014626
v -0.003628 0.034341 0.016838
v -0.003253 0.035246 0.014626
v -0.003628 0.034341 0.014626
v 0.003622 0.034341 0.014626
v 0.003751 0.033369 0.016838
v 0.003751 0.033369 0.014626
v 0.001874 0.030119 0.014626
v -0.003628 0.032398 0.016838
v -0.003757 0.033369 0.014626
v 0.002651 0.030716 0.014626
v -0.002657 0.030716 0.016838
v 0.003622 0.032398 0.016838
v 0.003247 0.035246 0.014626
v 0.003622 0.034341 0.016838
v 0.002651 0.030716 0.016838
v -0.000664 0.032508 0.017545
v -0.000128 0.032417 0.017008
v -0.000587 0.032607 0.017008
v 0.000138 0.034446 0.017545
v -0.000371 0.034255 0.017008
v 0.000122 0.034321 0.017008
v 0.001073 0.033228 0.017545
v 0.000758 0.032784 0.017008
v 0.000858 0.032709 0.017545
v -0.001006 0.032954 0.017545
v -0.000955 0.033494 0.017008
v -0.001079 0.033512 0.017545
v 0.000658 0.034232 0.017545
v 0.000581 0.034130 0.017008
v 0.000412 0.032367 0.017545
v 0.000364 0.032482 0.017008
v -0.000864 0.034031 0.017545
v -0.000765 0.033953 0.017008
v 0.000883 0.033736 0.017008
v 0.000999 0.033786 0.017545
v -0.000418 0.034373 0.017545
v 0.000949 0.033243 0.017008
v -0.000890 0.033003 0.017008
v -0.000128 0.032417 0.017008
v -0.000144 0.032294 0.017545
v -0.004624 0.032132 0.016131
v -0.004786 0.033369 0.013097
v -0.004624 0.032132 0.013097
v -0.004146 0.030977 0.013097
v -0.004146 0.030977 0.016131
v 0.003456 0.030085 0.016131
v 0.004140 0.030977 0.013097
v 0.004140 0.030977 0.016131
v -0.003485 0.030116 0.016131
v -0.002707 0.029472 0.013097
v -0.002707 0.029472 0.016131
v 0.004618 0.032132 0.013097
v 0.004618 0.032132 0.016131
v -0.001975 0.029049 0.016030
v -0.001975 0.029049 0.013097
v -0.003485 0.030116 0.013097
v 0.002664 0.029441 0.013097
v 0.003456 0.030085 0.013097
v 0.004781 0.033369 0.013097
v 0.004781 0.033369 0.016131
v 0.001512 0.028869 0.015564
v 0.001940 0.029036 0.013097
v 0.001940 0.029036 0.016025
v 0.002664 0.029441 0.016131
v 0.000987 0.028716 0.015098
v 0.000299 0.028624 0.013097
v 0.000987 0.028716 0.013097
v -0.000993 0.028716 0.015098
v -0.001520 0.028869 0.013097
v -0.000993 0.028716 0.013097
v -0.001516 0.028867 0.015564
v 0.001512 0.028869 0.013097
v -0.000305 0.028624 0.013097
v 0.000298 0.028624 0.015193
v -0.000305 0.028624 0.015193
v -0.000305 0.027396 -0.010853
v -0.000001 0.027865 -0.023294
v -0.000001 0.027865 -0.010853
v -0.002710 0.027693 -0.010853
v -0.002320 0.028092 -0.023294
v -0.002320 0.028092 -0.010853
v -0.005011 0.028452 -0.010853
v -0.004551 0.028770 -0.023294
v -0.004551 0.028770 -0.010853
v -0.002114 0.027573 -0.010853
v -0.002320 0.028092 -0.023294
v -0.002114 0.027573 -0.023294
v -0.004450 0.028220 -0.010853
v -0.004551 0.028770 -0.023294
v -0.004450 0.028220 -0.023294
v -0.006615 0.029310 -0.010853
v -0.006607 0.029868 -0.023294
v -0.006615 0.029310 -0.023294
v -0.001568 0.027164 -0.023294
v -0.000920 0.027098 -0.010853
v -0.001568 0.027164 -0.010853
v -0.003994 0.027711 -0.023294
v -0.003372 0.027521 -0.010853
v -0.003994 0.027711 -0.010853
v -0.006267 0.028721 -0.023294
v -0.005693 0.028416 -0.010853
v -0.006267 0.028721 -0.010853
v -0.000725 0.027482 -0.023695
v -0.000305 0.027396 -0.023294
v -0.000921 0.027098 -0.023294
v -0.002114 0.027573 -0.023294
v -0.001685 0.027576 -0.023695
v -0.001568 0.027164 -0.023294
v -0.003106 0.027860 -0.023695
v -0.002710 0.027693 -0.023294
v -0.003372 0.027521 -0.023294
v -0.004450 0.028220 -0.023294
v -0.004028 0.028139 -0.023695
v -0.003994 0.027711 -0.023294
v -0.005367 0.028695 -0.023695
v -0.005011 0.028452 -0.023294
v -0.005693 0.028416 -0.023294
v -0.006615 0.029310 -0.023294
v -0.006217 0.029149 -0.023695
v -0.006267 0.028721 -0.023294
v -0.007422 0.029954 -0.023695
v -0.007120 0.029649 -0.023294
v -0.007797 0.029743 -0.023294
v -0.008526 0.030802 -0.023294
v -0.008167 0.030565 -0.023695
v -0.008299 0.030155 -0.023294
v -0.000921 0.027098 -0.023294
v -0.000305 0.027396 -0.023294
v -0.003372 0.027521 -0.023294
v -0.002710 0.027693 -0.023294
v -0.005693 0.028416 -0.023294
v -0.005011 0.028452 -0.023294
v -0.000001 0.027865 -0.023294
v -0.000001 0.028601 -0.023695
v -0.002320 0.028092 -0.023294
v -0.002320 0.028092 -0.023294
v -0.002177 0.028815 -0.023695
v -0.004551 0.028770 -0.023294
v -0.004551 0.028770 -0.023294
v -0.004271 0.029448 -0.023695
v -0.006607 0.029868 -0.023294
v -0.006607 0.029868 -0.023294
v -0.006198 0.030481 -0.023695
v -0.008409 0.031347 -0.023294
v 0.002710 0.027693 -0.010853
v 0.002320 0.028092 -0.023294
v 0.002710 0.027693 -0.023294
v 0.006614 0.029310 -0.010853
v 0.006607 0.029868 -0.023294
v 0.006607 0.029868 -0.010853
v 0.005011 0.028452 -0.023294
v 0.004550 0.028770 -0.010853
v 0.004550 0.028770 -0.023294
v 0.004550 0.028770 -0.010853
v 0.004449 0.028220 -0.023294
v 0.004550 0.028770 -0.023294
v 0.002113 0.027573 -0.010853
v 0.002320 0.028092 -0.023294
v 0.002320 0.028092 -0.010853
v 0.000303 0.027396 -0.023294
v -0.000001 0.027865 -0.010853
v -0.000001 0.027865 -0.023294
v 0.000919 0.027098 -0.010853
v 0.001567 0.027164 -0.023294
v 0.001567 0.027164 -0.010853
v 0.005694 0.028416 -0.023294
v 0.006267 0.028721 -0.010853
v 0.005694 0.028416 -0.010853
v 0.003371 0.027521 -0.023294
v 0.003994 0.027711 -0.010853
v 0.003371 0.027521 -0.010853
v 0.008167 0.030565 -0.023695
v 0.008525 0.030802 -0.023294
v 0.008300 0.030155 -0.023294
v 0.007120 0.029649 -0.023294
v 0.007422 0.029954 -0.023695
v 0.007797 0.029743 -0.023294
v 0.006216 0.029149 -0.023695
v 0.006614 0.029310 -0.023294
v 0.006267 0.028721 -0.023294
v 0.005011 0.028452 -0.023294
v 0.005367 0.028695 -0.023695
v 0.005694 0.028416 -0.023294
v 0.004028 0.028139 -0.023695
v 0.004449 0.028220 -0.023294
v 0.003994 0.027711 -0.023294
v 0.002710 0.027693 -0.023294
v 0.003105 0.027860 -0.023695
v 0.003371 0.027521 -0.023294
v 0.001683 0.027576 -0.023695
v 0.002113 0.027573 -0.023294
v 0.001567 0.027164 -0.023294
v 0.000303 0.027396 -0.023294
v 0.000724 0.027482 -0.023695
v 0.000919 0.027098 -0.023294
v 0.004449 0.028220 -0.010853
v 0.003994 0.027711 -0.023294
v 0.000303 0.027396 -0.010853
v 0.000919 0.027098 -0.023294
v 0.002113 0.027573 -0.023294
v 0.005011 0.028452 -0.010853
v 0.006614 0.029310 -0.023294
v 0.006267 0.028721 -0.023294
v 0.008409 0.031347 -0.023294
v 0.007889 0.031869 -0.023695
v 0.006607 0.029868 -0.023294
v 0.006607 0.029868 -0.023294
v 0.006198 0.030481 -0.023695
v 0.004550 0.028770 -0.023294
v 0.004550 0.028770 -0.023294
v 0.004269 0.029448 -0.023695
v 0.002320 0.028092 -0.023294
v 0.002320 0.028092 -0.023294
v 0.002176 0.028815 -0.023695
v -0.000001 0.027865 -0.023294
v -0.000001 0.054119 -0.073971
v -0.003253 0.035246 0.016838
v 0.001874 0.030119 0.016838
v -0.003757 0.033369 0.016838
v 0.003247 0.035246 0.016838
v -0.000144 0.032294 0.017545
v -0.004786 0.033369 0.016131
v -0.002320 0.028092 -0.010853
v -0.004551 0.028770 -0.010853
v -0.006607 0.029868 -0.010853
v -0.002177 0.028815 -0.023695
v -0.004271 0.029448 -0.023695
v -0.006198 0.030481 -0.023695
v -0.007889 0.031869 -0.023695
v 0.002320 0.028092 -0.010853
v 0.006198 0.030481 -0.023695
v 0.004269 0.029448 -0.023695
v 0.002176 0.028815 -0.023695
v -0.000001 0.028601 -0.023695
v -0.014512 0.042831 -0.076864
v -0.013464 0.044208 -0.077997
v -0.013860 0.042693 -0.078002
v -0.013415 0.046102 -0.076864
v -0.014083 0.044414 -0.076864
v -0.014753 0.041209 -0.076864
v -0.014159 0.039756 -0.077997
v -0.014813 0.039756 -0.076864
v -0.000001 0.054571 -0.076864
v -0.002766 0.053660 -0.077997
v -0.002891 0.054286 -0.076864
v -0.005425 0.052855 -0.077997
v -0.005669 0.053444 -0.076864
v -0.008229 0.052075 -0.076864
v -0.007875 0.051545 -0.077997
v -0.010024 0.049782 -0.077997
v -0.010474 0.050233 -0.076864
v -0.012316 0.047988 -0.076864
v -0.011790 0.047633 -0.078002
v -0.012806 0.045820 -0.078002
v -0.012371 0.043843 -0.078775
v -0.011743 0.045322 -0.078775
v -0.013003 0.039756 -0.078775
v -0.014080 0.041144 -0.077997
v -0.012912 0.041026 -0.078775
v -0.010841 0.046999 -0.078775
v -0.009219 0.048976 -0.078775
v -0.007243 0.050598 -0.078775
v -0.004989 0.051803 -0.078775
v -0.002544 0.052544 -0.078775
v -0.012712 0.042463 -0.078775
v -0.000001 0.053934 -0.077997
v -0.000001 0.052795 -0.078775
v 0.014511 0.042831 -0.076864
v 0.013465 0.044208 -0.077997
v 0.014083 0.044414 -0.076864
v 0.013416 0.046102 -0.076864
v 0.014159 0.039756 -0.077997
v 0.014752 0.041209 -0.076864
v 0.014813 0.039756 -0.076864
v 0.002765 0.053660 -0.077997
v 0.002889 0.054286 -0.076864
v 0.005425 0.052855 -0.077997
v 0.005668 0.053444 -0.076864
v 0.007876 0.051545 -0.077997
v 0.008230 0.052075 -0.076864
v 0.010024 0.049782 -0.077997
v 0.010474 0.050233 -0.076864
v 0.012317 0.047988 -0.076864
v 0.012806 0.045820 -0.078002
v 0.012371 0.043843 -0.078775
v 0.011744 0.045322 -0.078775
v 0.014080 0.041144 -0.077997
v 0.013003 0.039756 -0.078775
v 0.012911 0.041026 -0.078775
v 0.010840 0.046999 -0.078775
v 0.009218 0.048976 -0.078775
v 0.007243 0.050598 -0.078775
v 0.004988 0.051803 -0.078775
v 0.002543 0.052544 -0.078775
v 0.013859 0.042693 -0.078002
v 0.012712 0.042463 -0.078775
v -0.014512 0.036684 -0.076864
v -0.013464 0.035306 -0.077997
v -0.014083 0.035100 -0.076864
v -0.013415 0.033410 -0.076864
v -0.014753 0.038306 -0.076864
v -0.002766 0.025854 -0.077997
v -0.000001 0.024944 -0.076864
v -0.002891 0.025228 -0.076864
v -0.005425 0.026660 -0.077997
v -0.005669 0.026071 -0.076864
v -0.008229 0.027440 -0.076864
v -0.010474 0.029282 -0.076864
v -0.007875 0.027970 -0.077997
v -0.012316 0.031527 -0.076864
v -0.010024 0.029733 -0.077997
v -0.012806 0.033695 -0.078002
v -0.012371 0.035672 -0.078775
v -0.011743 0.034193 -0.078775
v -0.014080 0.038371 -0.077997
v -0.012912 0.038489 -0.078775
v -0.010841 0.032516 -0.078775
v -0.009219 0.030539 -0.078775
v -0.007243 0.028916 -0.078775
v -0.004989 0.027711 -0.078775
v -0.002544 0.026971 -0.078775
v -0.013860 0.036822 -0.078002
v -0.012712 0.037051 -0.078775
v -0.000001 0.026720 -0.078775
v 0.014511 0.036684 -0.076864
v 0.013465 0.035306 -0.077997
v 0.013859 0.036822 -0.078002
v 0.013416 0.033410 -0.076864
v 0.014083 0.035100 -0.076864
v 0.014752 0.038306 -0.076864
v 0.002765 0.025854 -0.077997
v 0.002889 0.025228 -0.076864
v 0.005425 0.026660 -0.077997
v 0.005668 0.026071 -0.076864
v 0.008230 0.027440 -0.076864
v 0.007876 0.027970 -0.077997
v 0.010024 0.029733 -0.077997
v 0.010474 0.029282 -0.076864
v 0.012317 0.031527 -0.076864
v 0.011790 0.031882 -0.078002
v 0.012806 0.033695 -0.078002
v 0.012371 0.035672 -0.078775
v 0.011744 0.034193 -0.078775
v 0.014080 0.038371 -0.077997
v 0.012911 0.038489 -0.078775
v 0.010840 0.032516 -0.078775
v 0.009218 0.030539 -0.078775
v 0.007243 0.028916 -0.078775
v 0.004988 0.027711 -0.078775
v 0.002543 0.026971 -0.078775
v 0.012712 0.037051 -0.078775
v -0.000001 0.025580 -0.077997
v 0.011790 0.047633 -0.078002
v -0.011790 0.031882 -0.078002
v -0.013401 0.030150 -0.078775
v -0.014017 0.030163 -0.078178
v -0.013540 0.030750 -0.078178
v -0.012806 0.026689 -0.078178
v -0.013468 0.027539 -0.078178
v -0.012819 0.027362 -0.078775
v -0.012105 0.030150 -0.078775
v -0.012422 0.030750 -0.078178
v -0.011439 0.030288 -0.078178
v -0.008209 0.024467 -0.078178
v -0.009307 0.027458 -0.078775
v -0.005095 0.025940 -0.078178
v 0.000024 0.024537 -0.078775
v -0.005298 0.025377 -0.078775
v -0.008950 0.027941 -0.078178
v -0.007069 0.024584 -0.078775
v 0.000023 0.025134 -0.078178
v -0.001878 0.025878 -0.070942
v -0.001834 0.025575 -0.070942
v -0.002802 0.025672 -0.070942
v -0.000001 0.026102 -0.068560
v -0.000808 0.025474 -0.068560
v -0.000890 0.026024 -0.068560
v -0.001319 0.025513 -0.070440
v -0.001389 0.025982 -0.069061
v -0.001319 0.025513 -0.069061
v -0.002899 0.026068 -0.073570
v -0.003705 0.025763 -0.071343
v -0.003705 0.025763 -0.073570
v -0.001448 0.026379 -0.073570
v -0.002899 0.026068 -0.071343
v -0.002810 0.025674 -0.073971
v -0.001209 0.025515 -0.073971
v -0.001388 0.025982 -0.073971
v -0.001052 0.026413 -0.071343
v -0.000001 0.026504 -0.068961
v -0.001049 0.026413 -0.068961
v -0.001389 0.025982 -0.070440
v -0.000001 0.026102 -0.073971
v -0.002810 0.025674 -0.073971
v -0.000001 0.026504 -0.073570
v 0.001878 0.025878 -0.070942
v 0.002801 0.025672 -0.070942
v 0.001833 0.025575 -0.070942
v 0.000807 0.025474 -0.068560
v -0.000001 0.025395 -0.068560
v 0.001388 0.025982 -0.069061
v 0.001318 0.025513 -0.070440
v 0.001318 0.025513 -0.069061
v 0.003704 0.025763 -0.071343
v 0.002898 0.026068 -0.073570
v 0.003704 0.025763 -0.073570
v 0.001446 0.026379 -0.073570
v 0.002898 0.026068 -0.071343
v 0.001051 0.026413 -0.071343
v 0.002809 0.025674 -0.073971
v 0.001388 0.025982 -0.073971
v 0.001208 0.025515 -0.073971
v 0.001388 0.025982 -0.070440
v 0.000888 0.026024 -0.068560
v 0.001048 0.026413 -0.068961
v -0.000001 0.025395 -0.073971
vn 0.3645 -0.2977 -0.8823
vn 0.5475 -0.5058 -0.6666
vn 0.3321 -0.3698 -0.8677
vn 0.1995 -0.1385 -0.9700
vn 0.5292 -0.6727 -0.5171
vn 0.6477 -0.4572 -0.6095
vn 0.6802 -0.6191 -0.3925
vn 0.7742 -0.5097 -0.3752
vn 0.5145 -0.7762 -0.3644
vn 0.8623 -0.4559 -0.2204
vn 0.4975 -0.8344 -0.2372
vn 0.3612 -0.8888 -0.2820
vn 0.3390 -0.9269 -0.1609
vn 0.7426 -0.6299 -0.2275
vn 0.4962 -0.8567 -0.1410
vn 0.2512 -0.9624 -0.1032
vn 0.7652 -0.6277 -0.1432
vn 0.2044 -0.9751 -0.0862
vn 0.1069 -0.9934 -0.0416
vn 0.1221 -0.9920 -0.0318
vn 0.9454 -0.2883 -0.1518
vn 0.9597 -0.2169 -0.1787
vn 0.9863 -0.0281 -0.1624
vn 0.9861 0.0708 -0.1501
vn 0.9598 0.2082 -0.1884
vn 0.9123 0.3618 -0.1919
vn 0.8738 0.4277 -0.2314
vn 0.7845 0.5385 -0.3076
vn 0.8129 0.5426 -0.2116
vn 0.7790 0.4867 -0.3953
vn 0.6915 0.6910 -0.2107
vn 0.6671 0.4567 -0.5886
vn 0.7206 0.3848 -0.5768
vn 0.4838 0.3518 -0.8014
vn 0.6699 0.6710 -0.3177
vn 0.5328 0.8287 -0.1715
vn 0.5589 0.5875 -0.5852
vn 0.3757 0.3825 -0.8441
vn 0.2616 0.2504 -0.9321
vn 0.3533 0.4969 -0.7926
vn 0.5287 0.6773 -0.5116
vn 0.5538 0.7685 -0.3204
vn 0.6313 0.6624 -0.4034
vn 0.5647 0.7963 -0.2167
vn 0.4205 0.8989 -0.1229
vn 0.2251 -0.9743 -0.0035
vn 0.1955 -0.9807 -0.0000
vn 0.0984 -0.9952 -0.0000
vn 0.3830 -0.9238 -0.0004
vn 0.4990 -0.8665 -0.0090
vn 0.5584 -0.8296 -0.0058
vn 0.7729 -0.6344 -0.0109
vn 0.7045 -0.7097 -0.0058
vn 0.8334 -0.5526 -0.0058
vn 0.9569 -0.2904 -0.0109
vn 0.9225 -0.3861 -0.0058
vn 0.9814 -0.1917 -0.0058
vn 0.9977 0.0666 -0.0090
vn 1.0000 -0.0033 -0.0058
vn 0.9808 0.1952 -0.0004
vn 0.9350 0.3546 -0.0035
vn 0.9238 0.3828 -0.0000
vn 0.8315 0.5556 -0.0000
vn 0.7073 0.7069 -0.0000
vn 0.7071 0.7071 -0.0000
vn 0.5675 0.8234 0.0001
vn 0.5302 0.8479 0.0022
vn 0.4172 0.9088 -0.0006
vn 0.3036 0.9528 0.0058
vn 0.2382 0.9712 -0.0005
vn -0.0007 1.0000 0.0072
vn -0.0019 1.0000 -0.0000
vn -0.2406 0.9706 -0.0004
vn -0.3045 0.9525 0.0057
vn -0.4556 0.8902 -0.0038
vn -0.5305 0.8477 0.0019
vn -0.6754 0.7374 -0.0085
vn -0.7096 0.7046 -0.0058
vn -0.8296 0.5584 -0.0058
vn -0.8819 0.4714 -0.0109
vn -0.9251 0.3796 -0.0057
vn -0.9951 0.0981 -0.0109
vn -0.9801 0.1986 -0.0057
vn -1.0000 -0.0033 -0.0057
vn -0.9814 -0.1917 -0.0057
vn -0.9569 -0.2903 -0.0109
vn -0.9225 -0.3859 -0.0058
vn -0.7729 -0.6344 -0.0109
vn -0.8336 -0.5524 -0.0058
vn -0.7045 -0.7097 -0.0058
vn -0.5584 -0.8296 -0.0058
vn -0.4990 -0.8666 -0.0090
vn -0.3829 -0.9238 -0.0004
vn -0.2250 -0.9743 -0.0035
vn -0.1954 -0.9807 -0.0000
vn -0.0983 -0.9952 -0.0000
vn -0.2635 0.8898 -0.3726
vn -0.2883 0.9575 -0.0000
vn -0.1428 0.9897 -0.0058
vn -0.1456 0.9155 -0.3751
vn -0.1109 0.6993 -0.7062
vn -0.2188 0.6802 -0.6996
vn -0.4364 0.8278 -0.3525
vn -0.4066 0.6213 -0.6698
vn -0.7215 0.5920 -0.3592
vn -0.5597 0.4258 -0.7109
vn -0.4724 0.8813 -0.0098
vn -0.8592 0.3498 -0.3733
vn -0.6592 0.2641 -0.7040
vn -0.7759 0.6302 -0.0287
vn -0.6391 0.7660 -0.0690
vn -0.9267 0.3757 -0.0000
vn -0.8919 0.1746 -0.4171
vn -0.7071 0.0916 -0.7012
vn -0.7851 -0.2840 -0.5504
vn -0.9384 -0.0892 -0.3338
vn -0.7999 -0.5764 -0.1675
vn -0.9730 -0.2096 -0.0964
vn -0.8002 -0.5783 -0.1587
vn -0.9907 -0.1067 -0.0839
vn -0.7824 -0.4444 -0.4363
vn -0.9733 -0.0342 -0.2271
vn -0.7508 -0.1772 -0.6363
vn -0.9445 0.1185 -0.3064
vn -0.7012 0.1040 -0.7053
vn -0.9055 0.2332 -0.3546
vn -0.9756 0.2195 -0.0000
vn -0.6924 0.1562 -0.7043
vn -0.9049 0.2034 -0.3738
vn -0.9972 0.0751 0.0011
vn -0.9234 0.0712 -0.3771
vn -0.7028 0.0476 -0.7098
vn -0.9357 0.0471 -0.3497
vn -0.7081 0.0938 -0.6999
vn -0.7202 0.3477 -0.6004
vn -0.9987 -0.0512 0.0004
vn -0.9481 0.1571 -0.2763
vn -0.9404 0.2802 -0.1925
vn -0.7136 0.5773 -0.3969
vn -0.7153 0.6834 -0.1460
vn -0.9432 0.3248 -0.0696
vn -0.9433 0.0171 -0.3316
vn -0.9089 0.4091 -0.0814
vn -0.7142 0.6865 -0.1367
vn -0.9881 -0.1537 -0.0000
vn -0.8995 0.3093 -0.3086
vn -0.7354 0.4792 -0.4792
vn -0.7152 0.1367 -0.6854
vn -0.9091 0.0815 -0.4084
vn -0.7524 0.2017 -0.6271
vn -0.9920 0.0454 -0.1175
vn -0.9072 -0.4206 -0.0000
vn -0.8311 0.5402 -0.1322
vn -0.9718 0.2360 -0.0000
vn -0.7759 0.6309 -0.0000
vn -0.6285 -0.7778 -0.0000
vn -0.6284 -0.7779 -0.0000
vn -0.4961 -0.8683 -0.0000
vn -0.6671 -0.7449 -0.0000
vn -0.7077 -0.7065 0.0001
vn -0.9610 -0.2765 -0.0000
vn -0.9663 -0.2572 -0.0000
vn -0.9413 0.3376 -0.0000
vn -0.9235 0.3837 -0.0000
vn -0.4656 0.8850 -0.0000
vn -0.3817 0.9243 -0.0000
vn -0.3365 0.9417 -0.0000
vn -0.4056 0.9140 -0.0000
vn -0.9436 0.3311 -0.0000
vn -0.9498 0.3129 -0.0000
vn -0.8930 -0.4501 -0.0000
vn -0.8786 -0.4775 -0.0000
vn -0.3598 -0.9330 -0.0000
vn -0.2968 -0.9549 -0.0000
vn -0.0000 -1.0000 -0.0000
vn -0.7962 0.6051 -0.0000
vn -0.6204 0.7843 -0.0000
vn -0.9756 0.2194 -0.0000
vn -0.9972 0.0743 -0.0000
vn -0.9987 -0.0507 -0.0000
vn -0.9881 -0.1536 -0.0000
vn -0.4353 -0.9003 -0.0000
vn -0.6207 0.7841 -0.0000
vn -0.4295 0.9031 -0.0000
vn -0.6204 0.7842 -0.0000
vn -0.9197 0.3927 -0.0000
vn -0.9196 0.3928 -0.0000
vn -0.9877 0.1565 -0.0000
vn -0.9997 0.0249 -0.0000
vn -0.9327 -0.3606 -0.0000
vn -0.9326 -0.3608 -0.0000
vn -0.5208 -0.8537 -0.0000
vn -0.5204 -0.8539 -0.0000
vn -0.4983 -0.8389 -0.2190
vn -0.3611 -0.8888 -0.2820
vn -0.3391 -0.9269 -0.1611
vn -0.4107 -0.8320 -0.3729
vn -0.4961 -0.8567 -0.1413
vn -0.2514 -0.9623 -0.1037
vn -0.2051 -0.9749 -0.0866
vn -0.1069 -0.9934 -0.0416
vn -0.1221 -0.9920 -0.0318
vn -0.7662 -0.6115 -0.1975
vn -0.5322 -0.7448 -0.4026
vn -0.5108 -0.6665 -0.5431
vn -0.7539 -0.5819 -0.3050
vn -0.6463 -0.5018 -0.5748
vn -0.9087 -0.2757 -0.3133
vn -0.9355 -0.2838 -0.2103
vn -0.3786 -0.4302 -0.8195
vn -0.9450 0.0935 -0.3133
vn -0.9729 0.0959 -0.2103
vn -0.8623 0.4607 -0.2102
vn -0.3292 -0.2341 -0.9148
vn -0.7868 -0.2378 -0.5696
vn -0.3940 -0.1174 -0.9116
vn -0.8174 0.0805 -0.5704
vn -0.4100 0.0403 -0.9112
vn -0.4658 0.4172 -0.7804
vn -0.3638 0.1891 -0.9121
vn -0.7224 0.3932 -0.5689
vn -0.6335 0.5901 -0.5005
vn -0.8371 0.4485 -0.3131
vn -0.6564 0.7334 -0.1769
vn -0.6613 0.6803 -0.3160
vn -0.5896 0.7033 -0.3972
vn -0.5764 0.7886 -0.2139
vn -0.5219 0.8454 -0.1141
vn 0.5632 -0.8188 -0.1111
vn 0.4196 -0.9056 -0.0620
vn 0.5025 -0.8646 0.0005
vn 0.7122 -0.7020 -0.0000
vn 0.2602 -0.9656 -0.0003
vn 0.4664 -0.8639 -0.1899
vn 0.3956 -0.9127 -0.1026
vn 0.6048 -0.7701 -0.2028
vn 0.2404 -0.9703 -0.0267
vn 0.2313 -0.9720 -0.0422
vn 0.7760 -0.6222 -0.1035
vn 0.7955 -0.4977 -0.3455
vn 0.8819 -0.4712 0.0104
vn -0.0000 -1.0000 -0.0096
vn -0.0000 -0.9999 -0.0148
vn -0.2318 -0.9719 -0.0417
vn 0.9123 -0.3758 -0.1626
vn 0.9798 -0.2001 -0.0000
vn -0.2417 -0.9700 -0.0267
vn -0.3961 -0.9125 -0.1027
vn -0.2607 -0.9654 -0.0000
vn -0.4206 -0.9052 -0.0618
vn -0.4675 -0.8639 -0.1877
vn -0.5024 -0.8646 0.0010
vn -0.5637 -0.8187 -0.1096
vn -0.6087 -0.7680 -0.1990
vn -0.7122 -0.7020 -0.0000
vn -0.7767 -0.6217 -0.1017
vn -0.7849 -0.5369 -0.3093
vn -0.8818 -0.4714 0.0101
vn -0.9014 -0.4014 -0.1621
vn -0.7907 -0.4118 -0.4531
vn -0.9797 -0.2004 -0.0000
vn -0.9488 -0.2345 -0.2115
vn -0.9967 -0.0818 -0.0013
vn 0.7546 0.6562 0.0009
vn 0.8382 0.5454 0.0021
vn 0.8249 0.5653 0.0028
vn 0.7072 0.7070 -0.0034
vn 0.6720 0.7406 -0.0009
vn 0.5458 0.8379 -0.0053
vn 0.5535 0.8328 -0.0000
vn 0.3831 0.9237 -0.0004
vn 0.2905 0.9568 -0.0076
vn 0.1954 0.9807 -0.0004
vn 0.1578 0.9874 -0.0072
vn 0.0980 0.9952 -0.0000
vn 0.8816 0.4719 0.0002
vn 0.8816 0.4720 0.0001
vn 0.8892 0.4575 -0.0089
vn 0.9193 0.3933 -0.0117
vn 0.9198 0.3920 0.0181
vn 0.9570 0.2902 0.0001
vn 0.9793 0.2024 -0.0001
vn 0.9780 0.2087 -0.0000
vn 0.9972 0.0734 0.0152
vn 0.9999 0.0079 0.0089
vn 0.9983 -0.0562 0.0154
vn 0.9808 -0.1952 0.0001
vn 0.9808 -0.1951 -0.0000
vn 0.9239 -0.3825 -0.0000
vn 0.9239 -0.3827 -0.0001
vn 0.8820 -0.4713 -0.0001
vn 0.8313 -0.5558 0.0022
vn 0.8454 -0.5340 0.0105
vn 0.7817 -0.6237 0.0032
vn 0.7071 -0.7071 0.0010
vn 0.7612 -0.6484 0.0054
vn 0.6493 -0.7605 -0.0058
vn 0.7143 -0.6998 -0.0117
vn 0.6837 -0.7266 -0.0681
vn 0.5553 -0.8316 0.0004
vn 0.5215 -0.8532 0.0036
vn 0.3833 -0.9236 0.0004
vn 0.3939 -0.9192 0.0022
vn 0.2912 -0.9567 -0.0000
vn 0.2910 -0.9567 -0.0000
vn 0.1953 -0.9807 -0.0000
vn 0.0980 -0.9952 -0.0000
vn -0.7969 0.3300 -0.5060
vn -0.7969 0.3298 -0.5060
vn -0.7080 0.4923 -0.5063
vn -0.8481 0.1814 -0.4979
vn -0.7148 0.4907 -0.4983
vn -0.8498 0.1671 -0.4998
vn -0.6214 0.6206 -0.4782
vn -0.8642 0.0027 -0.5031
vn -0.6270 0.6278 -0.4612
vn -0.8624 0.0001 -0.5063
vn -0.4676 0.7305 -0.4977
vn -0.8459 -0.1683 -0.5061
vn -0.4711 0.7230 -0.5054
vn -0.8459 -0.1683 -0.5060
vn -0.2739 0.8103 -0.5181
vn -0.7969 -0.3300 -0.5060
vn -0.2418 0.8203 -0.5182
vn -0.7968 -0.3301 -0.5061
vn -0.0001 0.8564 -0.5163
vn -0.7171 -0.4791 -0.5061
vn -0.0000 0.8626 -0.5059
vn -0.7172 -0.4790 -0.5060
vn 0.2426 0.8204 -0.5177
vn -0.6100 -0.6100 -0.5058
vn 0.2723 0.8109 -0.5180
vn 0.4708 0.7230 -0.5055
vn -0.4790 -0.7173 -0.5060
vn 0.4673 0.7307 -0.4978
vn 0.6213 0.6205 -0.4784
vn -0.3304 -0.7969 -0.5058
vn 0.6268 0.6278 -0.4615
vn 0.7149 0.4906 -0.4982
vn -0.1684 -0.8459 -0.5061
vn 0.7080 0.4923 -0.5064
vn -0.1685 -0.8459 -0.5061
vn 0.7970 0.3300 -0.5058
vn -0.0000 -0.8625 -0.5060
vn 0.7970 0.3302 -0.5057
vn -0.0000 -0.8626 -0.5059
vn 0.8481 0.1813 -0.4978
vn 0.1685 -0.8458 -0.5062
vn 0.8499 0.1671 -0.4997
vn 0.8644 0.0028 -0.5028
vn 0.3304 -0.7968 -0.5059
vn 0.8626 0.0002 -0.5060
vn 0.3305 -0.7968 -0.5059
vn 0.8459 -0.1684 -0.5060
vn 0.4790 -0.7173 -0.5060
vn 0.8460 -0.1684 -0.5060
vn 0.4791 -0.7173 -0.5060
vn 0.7970 -0.3301 -0.5058
vn 0.6100 -0.6100 -0.5058
vn 0.7171 -0.4793 -0.5061
vn 0.7171 -0.4793 -0.5060
vn 0.8625 -0.0000 -0.5061
vn 0.4949 -0.0000 -0.8689
vn 0.4997 -0.0000 -0.8662
vn 0.2578 -0.0000 -0.9662
vn 0.8662 -0.0000 -0.4997
vn 1.0000 -0.0000 -0.0000
vn 0.8655 -0.0000 0.5009
vn 0.8619 0.0006 0.5070
vn 0.5006 0.0010 0.8657
vn 0.4969 0.0018 0.8678
vn 0.0002 0.0005 1.0000
vn 0.0001 -0.0000 1.0000
vn -0.4998 0.0021 0.8661
vn -0.5013 0.0016 0.8653
vn -0.8659 0.0008 0.5002
vn -0.8662 -0.0000 0.4997
vn -1.0000 -0.0000 -0.0000
vn -0.8662 -0.0000 -0.4997
vn -0.8663 -0.0004 -0.4995
vn -0.5028 -0.0035 -0.8644
vn -0.5000 -0.0026 -0.8660
vn -0.2590 -0.0025 -0.9659
vn -0.2571 -0.0000 -0.9664
vn 0.4061 0.9115 0.0654
vn -0.4056 0.9117 0.0654
vn 0.0003 0.9065 0.4223
vn 0.1790 0.9082 0.3783
vn 0.0002 0.3719 0.9283
vn -0.1796 0.9080 0.3785
vn -0.3513 0.9036 0.2450
vn -0.4006 0.3709 0.8378
vn -0.0059 -0.0000 1.0000
vn -0.4320 -0.0000 0.9019
vn 0.4213 -0.0000 0.9069
vn -0.7650 0.3690 0.5278
vn -0.8230 -0.0000 0.5680
vn -0.9159 0.3730 0.1480
vn -0.9872 -0.0000 0.1597
vn -0.9868 -0.0000 -0.1617
vn 0.4007 0.3710 0.8377
vn 0.8182 -0.0000 0.5749
vn -0.9156 0.3731 -0.1499
vn -0.8219 -0.0000 -0.5696
vn -0.4052 0.9119 -0.0649
vn -0.7640 0.3691 -0.5292
vn -0.4320 -0.0000 -0.9019
vn -0.3521 0.9039 -0.2430
vn -0.4015 0.3694 -0.8380
vn -0.0059 -0.0000 -1.0000
vn 0.0002 0.3701 -0.9290
vn -0.1832 0.9059 -0.3818
vn 0.4213 -0.0000 -0.9069
vn 0.0003 0.9079 -0.4191
vn 0.4057 0.9117 -0.0650
vn 0.1825 0.9061 -0.3816
vn 0.4017 0.3695 -0.8379
vn 0.8171 -0.0000 -0.5766
vn 0.3522 0.9038 -0.2432
vn 0.7645 0.3691 -0.5285
vn 0.9867 -0.0000 -0.1624
vn 0.9158 0.3729 -0.1491
vn 0.9162 0.3728 0.1472
vn 0.9871 -0.0000 0.1604
vn 0.3514 0.9036 0.2452
vn 0.7655 0.3689 0.5271
vn -0.0000 0.9065 -0.4222
vn -0.4061 0.9115 -0.0654
vn 0.4061 0.9115 -0.0654
vn -0.1796 0.9080 -0.3785
vn -0.0000 0.3718 -0.9283
vn 0.1796 0.9080 -0.3785
vn 0.3515 0.9036 -0.2449
vn 0.9162 0.3728 -0.1472
vn 0.4006 0.3709 -0.8378
vn 0.7655 0.3689 -0.5271
vn 0.0060 -0.0000 -1.0000
vn 0.4320 -0.0000 -0.9019
vn -0.4207 -0.0000 -0.9072
vn 0.8236 -0.0000 -0.5672
vn 0.9873 -0.0000 -0.1588
vn -0.4006 0.3709 -0.8378
vn -0.8182 -0.0000 -0.5749
vn 0.9158 0.3728 0.1491
vn 0.9870 -0.0000 0.1607
vn 0.8225 -0.0000 0.5688
vn -0.3516 0.9036 -0.2449
vn -0.7655 0.3689 -0.5271
vn -0.9871 -0.0000 -0.1601
vn -0.9162 0.3728 -0.1472
vn -0.9158 0.3728 0.1491
vn -0.9867 -0.0000 0.1624
vn -0.7645 0.3691 0.5285
vn -0.8171 -0.0000 0.5765
vn -0.4016 0.3694 0.8380
vn -0.4212 -0.0000 0.9070
vn -0.3523 0.9038 0.2429
vn -0.0000 0.3701 0.9290
vn 0.0060 -0.0000 1.0000
vn -0.1832 0.9059 0.3818
vn -0.4057 0.9117 0.0650
vn -0.0000 0.9080 0.4190
vn 0.4057 0.9117 0.0650
vn 0.1832 0.9059 0.3818
vn 0.3523 0.9038 0.2429
vn 0.4016 0.3694 0.8380
vn 0.4320 -0.0000 0.9019
vn 0.7645 0.3691 0.5285
vn 0.2656 0.8897 -0.3715
vn -0.2659 0.8896 -0.3714
vn -0.2658 0.8881 0.3750
vn -0.6962 0.7178 -0.0000
vn -0.8686 0.4956 -0.0000
vn -0.2401 0.4071 -0.8813
vn -0.5921 0.4244 -0.6851
vn -0.4365 0.2490 -0.8646
vn -0.6161 0.3516 -0.7048
vn 0.2398 0.4071 -0.8814
vn 0.4364 0.2486 -0.8647
vn 0.5918 0.4241 -0.6855
vn 0.6162 0.3509 -0.7050
vn 0.2654 0.8882 0.3751
vn 0.6962 0.7178 -0.0000
vn 0.8690 0.4949 -0.0000
vn 0.2386 0.4035 0.8833
vn 0.5888 0.4209 0.6901
vn -0.2388 0.4035 0.8832
vn -0.5891 0.4211 0.6897
vn 0.4334 0.2469 0.8667
vn 0.6126 0.3488 0.7093
vn -0.4336 0.2473 0.8665
vn -0.6125 0.3495 0.7091
vn -0.4935 -0.3848 -0.7800
vn -0.4349 -0.0447 -0.8994
vn -0.4863 -0.4199 -0.7663
vn -0.7110 -0.1331 -0.6904
vn -0.7329 -0.2344 -0.6387
vn -0.4051 -0.6535 -0.6394
vn -0.7237 -0.0145 -0.6900
vn -0.5119 -0.7186 -0.4707
vn -0.7425 -0.4765 -0.4707
vn -0.7025 0.0167 -0.7115
vn -0.3668 0.0081 -0.9302
vn -0.3993 0.0314 -0.9163
vn -0.7093 0.0512 -0.7031
vn -0.6865 0.1518 -0.7111
vn -0.3825 0.0929 -0.9193
vn -0.6825 0.2456 -0.6884
vn -0.3598 0.0557 -0.9314
vn -0.6911 0.1119 -0.7140
vn -0.3705 0.1276 -0.9200
vn -0.7178 0.3253 -0.6156
vn -0.5605 0.4955 -0.6636
vn -0.8297 0.5047 -0.2384
vn -0.7401 0.5884 -0.3258
vn -0.2274 0.5982 0.7684
vn -0.3323 0.5794 0.7442
vn -0.3341 0.3218 0.8859
vn -0.1927 0.8014 0.5662
vn -0.3157 0.7730 0.5503
vn -0.1083 0.8115 0.5742
vn -0.4122 0.7529 0.5131
vn -0.1445 0.5979 0.7884
vn -0.4367 0.5656 0.6996
vn -0.5255 0.7228 0.4488
vn -0.0541 0.8156 0.5762
vn -0.5713 0.5533 0.6062
vn -0.7446 0.5481 0.3810
vn -0.4150 0.3257 0.8495
vn -0.6739 0.4616 0.5769
vn -0.4961 0.3364 0.8005
vn -0.7049 0.3810 0.5983
vn -0.8212 0.3872 0.4192
vn -0.4872 0.3278 0.8094
vn -0.7027 0.3395 0.6253
vn -0.8341 0.3402 0.4342
vn -0.3715 0.3209 0.8712
vn -0.7071 0.3283 0.6263
vn -0.8366 0.3321 0.4357
vn -0.4866 0.3203 0.8128
vn -0.7137 0.3202 0.6230
vn -0.8405 0.3255 0.4331
vn -0.4905 0.3087 0.8149
vn -0.4952 0.3004 0.8152
vn -0.7303 -0.1120 0.6739
vn -0.8861 0.0999 0.4527
vn -0.7051 -0.4580 0.5414
vn -0.4209 -0.5925 0.6869
vn -0.5149 -0.1617 0.8419
vn -0.3282 -0.5930 0.7353
vn -0.4027 -0.1638 0.9005
vn -0.3910 0.2985 0.8706
vn -0.3061 -0.1666 0.9373
vn -0.2474 -0.5954 0.7644
vn 0.0635 -0.6021 0.7959
vn 0.1578 -0.1525 0.9756
vn 0.5885 -0.0067 0.8085
vn 0.1567 0.2906 0.9439
vn 0.5611 0.2212 0.7976
vn -0.3008 0.2979 0.9059
vn 0.1361 0.2401 0.9612
vn 0.5656 0.0742 0.8213
vn -0.3021 0.3051 0.9031
vn -0.3906 0.3067 0.8679
vn -0.3846 0.3217 0.8652
vn -0.2884 0.3185 0.9030
vn -0.2550 0.3228 0.9115
vn 0.1392 0.1351 0.9810
vn 0.5389 -0.1731 0.8244
vn 0.1284 0.0158 0.9916
vn 0.4626 -0.3583 0.8109
vn -0.2536 0.3305 0.9091
vn -0.1684 0.3225 0.9315
vn 0.1050 -0.0624 0.9925
vn 0.3308 -0.5244 0.7846
vn -0.1693 0.3286 0.9292
vn 0.0413 -0.1263 0.9911
vn 0.1783 -0.6106 0.7716
vn -0.0873 0.3256 0.9415
vn -0.0000 -0.6329 0.7742
vn -0.0728 0.5984 0.7979
vn -0.0000 0.8166 0.5773
vn -0.0000 0.3302 0.9439
vn -0.0000 0.5982 0.8013
vn 0.0728 0.5984 0.7979
vn 0.0541 0.8156 0.5761
vn -0.0000 -0.1332 0.9911
vn -0.0416 -0.1257 0.9912
vn -0.1800 -0.6103 0.7714
vn -0.3297 -0.5230 0.7860
vn 0.1445 0.5980 0.7884
vn 0.0874 0.3254 0.9415
vn 0.1082 0.8115 0.5742
vn 0.1693 0.3281 0.9293
vn -0.1059 -0.0621 0.9924
vn -0.4677 -0.3623 0.8062
vn 0.1684 0.3223 0.9315
vn -0.1303 0.0146 0.9914
vn -0.5471 -0.1786 0.8178
vn 0.2535 0.3301 0.9093
vn 0.2274 0.5982 0.7684
vn 0.1926 0.8014 0.5662
vn 0.2566 0.3237 0.9107
vn 0.3340 0.3215 0.8861
vn 0.3323 0.5795 0.7441
vn 0.3158 0.7728 0.5505
vn 0.4141 0.7522 0.5125
vn 0.4369 0.5657 0.6994
vn 0.5335 0.7178 0.4474
vn 0.5706 0.5496 0.6102
vn 0.7457 0.5452 0.3830
vn 0.4151 0.3257 0.8495
vn 0.6738 0.4618 0.5769
vn 0.3715 0.3214 0.8710
vn 0.4960 0.3365 0.8005
vn 0.4870 0.3278 0.8095
vn 0.7046 0.3811 0.5985
vn 0.8211 0.3872 0.4194
vn 0.7026 0.3395 0.6253
vn 0.8342 0.3400 0.4342
vn 0.7072 0.3274 0.6266
vn 0.8367 0.3314 0.4360
vn 0.4866 0.3204 0.8128
vn 0.7157 0.3168 0.6224
vn 0.8413 0.3232 0.4333
vn 0.4907 0.3072 0.8154
vn 0.7229 0.3003 0.6222
vn 0.8455 0.3111 0.4339
vn 0.8667 0.2716 0.4184
vn 0.4965 0.2967 0.8158
vn 0.5036 0.2775 0.8182
vn 0.7664 0.2241 0.6020
vn 0.8935 0.1493 0.4234
vn 0.5128 0.2313 0.8268
vn 0.7534 0.1442 0.6415
vn 0.8887 0.1030 0.4468
vn 0.8881 0.0606 0.4557
vn 0.7511 0.0851 0.6547
vn 0.8869 0.0261 0.4611
vn 0.5164 0.1699 0.8393
vn 0.3988 0.1671 0.9017
vn 0.7517 0.0358 0.6585
vn 0.8916 -0.0080 0.4528
vn 0.5182 0.0998 0.8494
vn 0.7674 -0.0246 0.6407
vn 0.8899 -0.0948 0.4463
vn 0.8700 -0.2304 0.4359
vn 0.5187 0.0420 0.8539
vn 0.7373 -0.2674 0.6204
vn 0.7116 -0.5299 0.4613
vn 0.5184 0.0130 0.8551
vn 0.5988 -0.2936 0.7451
vn 0.6114 -0.5726 0.5462
vn 0.4051 0.0164 0.9141
vn 0.5350 -0.3011 0.7894
vn 0.5643 -0.5841 0.5834
vn 0.4666 -0.3126 0.8274
vn 0.5664 -0.4924 0.6608
vn 0.4040 0.0414 0.9138
vn 0.3016 0.0140 0.9533
vn 0.4257 -0.0892 0.9004
vn 0.7579 -0.0796 0.6474
vn 0.7364 0.1050 0.6684
vn 0.4021 0.0984 0.9103
vn 0.3773 0.0871 0.9220
vn 0.3036 0.0413 0.9519
vn 0.3659 0.5888 0.7207
vn 0.3026 0.0980 0.9481
vn -0.1974 0.0408 0.9795
vn -0.1998 0.0119 0.9798
vn -0.1745 -0.3531 0.9192
vn -0.6159 0.0097 0.7877
vn -0.5912 -0.2813 0.7559
vn -0.6121 0.0347 0.7900
vn -0.0359 -0.7209 0.6921
vn -0.1935 0.0983 0.9762
vn -0.6081 0.0817 0.7897
vn 0.2674 -0.3816 0.8848
vn 0.2096 -0.7107 0.6715
vn -0.1922 0.1661 0.9672
vn -0.6027 0.1381 0.7859
vn 0.5435 -0.3559 0.7602
vn 0.4474 -0.6762 0.5853
vn 0.8085 -0.2537 0.5310
vn 0.5607 0.3145 0.7660
vn 0.8144 0.1832 0.5506
vn 0.5122 0.6191 0.5954
vn -0.1862 0.2298 0.9553
vn -0.5951 0.1915 0.7805
vn 0.2999 0.1652 0.9396
vn -0.1748 0.2794 0.9441
vn 0.3015 0.2284 0.9257
vn -0.5796 0.2315 0.7813
vn 0.3957 0.2291 0.8893
vn 0.3028 0.2760 0.9122
vn 0.3928 0.2759 0.8773
vn 0.3098 0.2921 0.9048
vn -0.1539 0.2879 0.9452
vn -0.5736 0.2158 0.7902
vn 0.3924 0.2950 0.8712
vn 0.3927 0.3048 0.8677
vn -0.1356 0.2399 0.9613
vn 0.3113 0.3036 0.9005
vn -0.5770 0.0698 0.8138
vn 0.3859 0.3220 0.8645
vn 0.2955 0.3198 0.9002
vn -0.1387 0.1346 0.9811
vn -0.0000 1.0000 -0.0000
vn 0.0816 0.9940 -0.0729
vn -0.0381 0.9993 -0.0000
vn -0.0816 0.9940 -0.0729
vn 0.0380 0.9993 -0.0000
vn -0.0448 0.9990 0.0012
vn -0.1495 0.9888 -0.0000
vn 0.0791 0.8018 -0.5923
vn 0.4177 0.9049 -0.0820
vn -0.0791 0.8018 -0.5923
vn -0.4177 0.9049 -0.0820
vn -0.4170 0.9051 0.0826
vn 0.0813 0.9940 0.0728
vn 0.4170 0.9051 0.0826
vn 0.0787 0.8043 0.5890
vn -0.0787 0.8043 0.5890
vn -0.0813 0.9940 0.0728
vn 0.0458 0.9989 -0.0003
vn 0.1494 0.9888 -0.0000
vn -0.1625 0.9468 -0.2776
vn -0.0035 0.9538 -0.3004
vn 0.0994 0.9595 -0.2637
vn -0.0076 0.7371 -0.6757
vn -0.3518 0.7161 -0.6029
vn -0.6008 0.7181 -0.3513
vn 0.3454 0.7244 -0.5966
vn -0.2771 0.9477 -0.1584
vn -0.6925 0.7214 0.0004
vn 0.2332 0.9555 -0.1804
vn 0.6039 0.6932 -0.3934
vn -0.1649 0.9863 0.0010
vn 0.7050 0.7092 0.0006
vn -0.2773 0.9608 -0.0000
vn 0.2784 0.9605 0.0005
vn -0.1640 0.9865 -0.0004
vn 0.6010 0.7088 0.3692
vn -0.2888 0.9574 -0.0000
vn -0.4490 0.8935 0.0080
vn 0.2180 0.9582 0.1853
vn 0.3370 0.7342 0.5894
vn 0.0948 0.9590 0.2670
vn -0.0098 0.7472 0.6645
vn -0.2886 0.9575 -0.0000
vn -0.4296 0.9030 -0.0000
vn -0.6207 0.7841 0.0018
vn -0.7643 0.6448 0.0106
vn -0.9267 0.3758 -0.0000
vn -0.9295 0.3688 -0.0000
vn -0.9569 0.2905 -0.0000
vn -0.9569 0.2904 -0.0000
vn -0.9762 0.1867 0.1102
vn -0.9569 0.2904 0.0002
vn -0.9651 -0.2619 -0.0000
vn -0.8886 -0.4473 0.1015
vn -0.8031 -0.5958 -0.0000
vn -0.8000 0.1169 0.5886
vn -0.9055 0.2143 0.3662
vn -0.9972 0.0747 -0.0005
vn -0.7176 0.1073 0.6881
vn -0.9286 0.0596 0.3662
vn -0.8004 0.1058 0.5900
vn -0.9902 0.0996 0.0984
vn -0.9987 -0.0511 -0.0005
vn -0.8000 0.5907 0.1051
vn -0.9986 -0.0532 -0.0000
vn -0.9881 -0.1537 -0.0001
vn -1.0000 -0.0000 0.0002
vn -0.9875 -0.1575 -0.0000
vn -0.9147 0.4041 0.0001
vn -0.7072 0.7070 -0.0000
vn -0.9073 -0.4206 -0.0001
vn -0.8925 -0.4510 -0.0000
vn -0.6284 -0.7779 -0.0001
vn -0.5787 -0.8156 -0.0000
vn -0.4349 -0.9005 0.0001
vn -0.4356 -0.9001 0.0002
vn -0.1424 0.9446 0.2958
vn -0.0589 0.9933 -0.0992
vn 0.0560 0.9936 -0.0977
vn -0.2557 0.9503 0.1775
vn -0.5700 0.7210 0.3941
vn -0.3032 0.7154 0.6295
vn -0.3418 0.9381 0.0553
vn -0.6946 0.7107 0.1120
vn -0.6949 0.7100 -0.1143
vn -0.0427 0.9436 0.3282
vn -0.0279 0.7154 0.6981
vn 0.0577 0.9503 0.3058
vn 0.2469 0.7290 0.6385
vn 0.1828 0.9646 0.1902
vn 0.5265 0.7486 0.4029
vn 0.3058 0.9503 0.0588
vn 0.6585 0.7435 0.1169
vn 0.3063 0.9499 -0.0614
vn 0.6588 0.7428 -0.1192
vn 0.5266 0.7481 -0.4039
vn 0.2037 0.9568 -0.2076
vn 0.2470 0.7319 -0.6350
vn 0.0669 0.9499 -0.3053
vn -0.0296 0.7164 -0.6971
vn -0.0439 0.9434 -0.3289
vn -0.3032 0.7154 -0.6295
vn -0.0047 0.9569 0.2905
vn -0.1424 0.9446 -0.2958
vn -0.5700 0.7205 -0.3950
vn -0.1638 0.9474 0.2751
vn -0.3470 0.7194 0.6018
vn -0.6008 0.7203 0.3468
vn -0.2557 0.9503 -0.1775
vn -0.2761 0.9479 0.1588
vn -0.3420 0.9381 -0.0552
vn 0.3415 0.9383 -0.0552
vn 0.3417 0.9382 0.0552
vn 0.2561 0.9501 0.1779
vn 0.5702 0.7205 0.3947
vn 0.6943 0.7107 0.1135
vn 0.6940 0.7113 -0.1112
vn 0.5702 0.7210 -0.3938
vn 0.1425 0.9446 0.2957
vn 0.3032 0.7154 0.6295
vn 0.0447 0.9436 0.3280
vn 0.0297 0.7164 0.6971
vn -0.0547 0.9522 0.3005
vn -0.2469 0.7319 0.6351
vn -0.1793 0.9656 0.1882
vn -0.5266 0.7481 0.4038
vn -0.3016 0.9516 0.0587
vn -0.6588 0.7428 0.1192
vn 0.1455 0.9154 -0.3753
vn -0.3088 0.9487 -0.0679
vn -0.6588 0.7435 -0.1147
vn -0.5272 0.7472 -0.4046
vn 0.1356 0.9908 -0.0020
vn -0.1989 0.9616 -0.1892
vn -0.2466 0.7281 -0.6395
vn -0.0557 0.9510 -0.3041
vn 0.0295 0.7123 -0.7013
vn 0.1638 0.9865 -0.0004
vn 0.0437 0.9426 -0.3310
vn 0.3022 0.7145 -0.6311
vn 0.1411 0.9449 -0.2955
vn 0.2561 0.9501 -0.1779
vn -0.3173 0.9483 0.0002
vn 0.2787 0.9604 -0.0001
vn 0.2906 0.9569 -0.0000
vn 0.4615 0.8872 -0.0000
vn 0.4477 0.8941 0.0087
vn 0.2903 0.9569 -0.0000
vn 0.7642 0.6450 0.0024
vn 0.2653 0.8893 -0.3726
vn 0.1109 0.6993 -0.7062
vn 0.4412 0.8974 -0.0000
vn 0.2192 0.6801 -0.6995
vn -0.3081 0.8881 -0.3411
vn -0.2034 0.6934 -0.6912
vn -0.6863 0.6861 -0.2414
vn -0.5908 0.8000 -0.1048
vn -0.1049 0.7990 -0.5922
vn 0.1051 0.7990 -0.5920
vn 0.5909 0.7999 -0.1047
vn 0.3081 0.8881 -0.3411
vn 0.6863 0.6861 -0.2414
vn 0.2034 0.6934 -0.6913
vn 0.9550 -0.1469 -0.2579
vn 0.9994 -0.0332 -0.0000
vn 0.7945 -0.2116 -0.5692
vn 0.8835 -0.3767 -0.2786
vn 0.7454 -0.3241 -0.5826
vn 0.9049 -0.4255 -0.0000
vn 0.6855 -0.7097 -0.1625
vn 0.7072 -0.7070 -0.0000
vn 0.9236 0.3832 -0.0000
vn 0.9610 -0.2765 -0.0000
vn 0.9663 -0.2572 -0.0000
vn 0.9389 0.3442 -0.0000
vn 0.4642 0.8857 -0.0000
vn 0.3821 0.9241 -0.0000
vn 0.3313 0.9435 -0.0000
vn 0.4060 0.9139 -0.0000
vn 0.9425 0.3342 -0.0000
vn 0.9498 0.3128 -0.0000
vn 0.8931 -0.4498 -0.0000
vn 0.8772 -0.4802 -0.0000
vn 0.3598 -0.9330 -0.0000
vn 0.2937 -0.9559 -0.0000
vn 0.7077 -0.7065 0.0001
vn 0.6672 -0.7449 -0.0000
vn 0.4962 -0.8682 -0.0000
vn 0.6282 -0.7780 -0.0000
vn 0.9072 -0.4208 -0.0000
vn 0.9920 0.0456 -0.1175
vn 0.9717 0.2361 -0.0000
vn 0.9881 -0.1538 -0.0000
vn 0.8311 0.5402 -0.1322
vn 0.7759 0.6309 -0.0000
vn 0.7524 0.2017 -0.6271
vn 0.9433 0.0171 -0.3316
vn 0.9987 -0.0515 0.0003
vn 0.9091 0.0815 -0.4084
vn 0.7152 0.1367 -0.6854
vn 0.8995 0.3093 -0.3086
vn 0.7354 0.4792 -0.4792
vn 0.7142 0.6865 -0.1367
vn 0.9089 0.4091 -0.0814
vn 0.7153 0.6834 -0.1460
vn 0.9432 0.3249 -0.0696
vn 0.9404 0.2802 -0.1926
vn 0.7136 0.5773 -0.3969
vn 0.7201 0.3476 -0.6005
vn 0.9481 0.1569 -0.2766
vn 0.9356 0.0471 -0.3500
vn 0.7076 0.0938 -0.7003
vn 0.9972 0.0751 0.0010
vn 0.7028 0.0475 -0.7098
vn 0.9234 0.0710 -0.3772
vn 0.6925 0.1560 -0.7044
vn 0.9050 0.2031 -0.3738
vn 0.9756 0.2195 -0.0000
vn 0.9054 0.2333 -0.3547
vn 0.7012 0.1043 -0.7053
vn 0.9266 0.3759 -0.0000
vn 0.9443 0.1188 -0.3069
vn 0.7509 -0.1765 -0.6364
vn 0.9719 -0.0354 -0.2326
vn 0.7738 -0.4622 -0.4332
vn 0.9912 -0.1083 -0.0759
vn 0.7976 -0.5761 -0.1789
vn 0.8592 0.3499 -0.3733
vn 0.9744 -0.2011 -0.1008
vn 0.8085 -0.5667 -0.1587
vn 0.7960 0.6052 -0.0000
vn 0.9383 -0.0893 -0.3342
vn 0.7851 -0.2838 -0.5506
vn 0.8918 0.1743 -0.4175
vn 0.7071 0.0914 -0.7012
vn 0.6592 0.2641 -0.7041
vn 0.5596 0.4259 -0.7109
vn 0.7245 0.5866 -0.3619
vn 0.4009 0.6142 -0.6798
vn 0.6304 0.7763 -0.0000
vn 0.4458 0.8218 -0.3550
vn 0.9194 0.3933 -0.0000
vn 0.9876 0.1568 -0.0000
vn 0.9997 0.0252 -0.0000
vn 0.9327 -0.3606 -0.0000
vn 0.9756 0.2194 -0.0000
vn 0.9972 0.0743 -0.0000
vn 0.9987 -0.0510 -0.0000
vn 0.6302 0.7765 -0.0000
vn 0.9881 -0.1538 0.0001
vn 0.9072 -0.4208 0.0003
vn 0.9068 -0.4216 0.0007
vn 0.6279 -0.7783 0.0003
vn 0.4959 -0.8684 -0.0000
vn 0.9326 -0.3608 -0.0000
vn 0.9194 0.3934 -0.0000
vn 0.6301 0.7765 -0.0000
vn 0.9881 -0.1537 -0.0000
vn 0.9881 -0.1538 -0.0001
vn 0.9069 -0.4214 -0.0003
vn 0.9073 -0.4206 -0.0007
vn 0.6280 -0.7782 -0.0003
vn 0.6277 -0.7785 -0.0000
vn 0.4356 -0.9001 0.0002
vn 0.4350 -0.9005 -0.0000
vn 0.5786 -0.8156 -0.0000
vn 0.8924 -0.4512 -0.0000
vn 0.9069 -0.4214 -0.0000
vn 0.9876 -0.1573 -0.0000
vn 0.9986 -0.0533 -0.0000
vn 0.9987 -0.0512 -0.0002
vn 1.0000 0.0002 -0.0005
vn 0.6246 0.7808 0.0145
vn 0.9972 0.0745 -0.0003
vn 1.0000 0.0008 -0.0008
vn 0.9978 0.0662 -0.0003
vn 0.9768 0.2140 -0.0001
vn 0.9267 0.3759 -0.0000
vn 0.9295 0.3688 -0.0000
vn 0.9569 0.2904 0.0001
vn 0.9569 0.2904 -0.0001
vn 0.9569 0.2905 -0.0001
vn -0.5300 0.0103 0.8479
vn -0.7680 -0.0263 0.6399
vn -0.7374 -0.2674 0.6203
vn -0.8702 -0.2303 0.4355
vn -0.7116 -0.5299 0.4613
vn -0.8897 -0.0941 0.4466
vn -0.8923 -0.0104 0.4513
vn -0.6017 -0.2967 0.7416
vn -0.6112 -0.5727 0.5463
vn -0.7511 0.0332 0.6594
vn -0.8866 0.0231 0.4620
vn -0.5305 0.0398 0.8468
vn -0.4421 0.0097 0.8969
vn -0.5331 -0.3045 0.7894
vn -0.5644 -0.5842 0.5833
vn -0.6855 0.3793 0.6215
vn -0.8574 0.2600 0.4441
vn -0.5771 0.6650 0.4741
vn -0.3649 0.7281 0.5803
vn -0.4829 0.4191 0.7688
vn -0.4667 -0.3133 0.8271
vn -0.5665 -0.4927 0.6606
vn -0.4015 0.4202 0.8137
vn -0.4424 0.0389 0.8960
vn -0.3029 0.7286 0.6144
vn -0.3602 0.0095 0.9328
vn -0.3603 0.0386 0.9320
vn -0.3269 0.4196 0.8468
vn -0.2475 0.7271 0.6404
vn -0.2891 0.0088 0.9573
vn -0.2661 0.4180 0.8686
vn -0.1920 0.7218 0.6649
vn -0.2901 0.0386 0.9562
vn 0.1754 0.3923 0.9030
vn 0.0413 0.7409 0.6704
vn 0.5778 0.3337 0.7448
vn 0.6147 0.0327 0.7881
vn 0.1964 0.0383 0.9798
vn 0.6135 0.0066 0.7897
vn 0.1970 0.0081 0.9804
vn -0.4253 -0.0882 0.9007
vn 0.1779 -0.3551 0.9178
vn 0.5918 -0.2841 0.7544
vn -0.7583 -0.0797 0.6470
vn 0.0320 -0.7202 0.6930
vn -0.7505 0.1052 0.6524
vn -0.3851 0.0779 0.9196
vn -0.3819 0.5876 0.7134
vn -0.2761 -0.3934 0.8769
vn -0.2147 -0.7059 0.6750
vn -0.5412 -0.3601 0.7599
vn -0.4447 -0.6672 0.5975
vn -0.7908 -0.2550 0.5565
vn -0.5622 0.3121 0.7658
vn -0.7989 0.1868 0.5717
vn -0.4975 0.6176 0.6091
vn 0.4156 -0.0601 0.9076
vn -0.0000 -0.0000 1.0000
vn 0.4370 -0.0000 0.8995
vn -0.0000 -0.3252 0.9457
vn 0.8122 -0.0027 0.5834
vn 0.7954 0.1648 0.5833
vn 0.7350 -0.1421 0.6630
vn 0.4277 0.0864 0.8998
vn -0.0000 0.3819 0.9242
vn 0.3986 -0.4568 0.7953
vn -0.0000 -0.7052 0.7090
vn 0.7672 -0.5398 0.3465
vn 0.5151 -0.8054 0.2934
vn 0.4773 0.4704 0.7422
vn -0.0000 0.7052 0.7090
vn 0.8106 0.4822 0.3323
vn 0.4977 0.7583 0.4209
vn 0.1375 0.9888 -0.0584
vn -0.0000 0.9373 -0.3484
vn 0.2178 0.9760 -0.0000
vn 0.3891 0.9199 -0.0478
vn 0.4251 0.9051 -0.0000
vn 0.3192 0.8904 -0.3245
vn 0.1579 0.8343 -0.5282
vn 0.3243 0.5765 -0.7500
vn 0.0001 0.4164 -0.9092
vn 0.1869 0.3064 -0.9334
vn -0.0000 0.1303 -0.9915
vn -0.0000 0.1955 -0.9807
vn -0.0000 0.6484 -0.7613
vn -0.0000 0.7074 -0.7068
vn -0.0000 0.9784 -0.2069
vn -0.0000 0.9808 -0.1951
vn -0.0000 0.9801 -0.1986
vn -0.0000 0.9778 -0.2093
vn -0.0000 0.8361 -0.5486
vn -0.0000 0.8240 -0.5665
vn -0.0000 0.5390 -0.8423
vn -0.0000 0.5021 -0.8648
vn -0.0000 0.1475 -0.9891
vn -0.0000 0.1318 -0.9913
vn -0.0000 -0.0000 -1.0000
vn -0.0000 -0.1078 -0.9942
vn -0.0000 -0.1726 -0.9850
vn -0.0000 -0.4665 -0.8845
vn -0.0000 -0.5706 -0.8212
vn -0.0000 -0.8197 -0.5728
vn -0.0000 -0.8581 -0.5134
vn -0.0000 -0.9788 -0.2046
vn -0.0000 -0.9844 -0.1761
vn -0.9351 -0.0000 -0.3545
vn -0.9241 -0.0000 -0.3822
vn -0.4456 -0.0000 -0.8953
vn -0.3831 -0.0000 -0.9237
vn 0.3835 -0.0000 -0.9236
vn 0.4459 -0.0000 -0.8951
vn 0.9242 -0.0000 -0.3819
vn 0.9352 -0.0000 -0.3542
vn -0.0000 -0.0954 -0.9954
vn 0.3062 -0.0000 -0.9520
vn 0.3932 -0.0000 -0.9195
vn 0.7083 -0.0000 -0.7059
vn -0.0000 -0.2310 -0.9730
vn -0.0000 -0.6165 -0.7874
vn -0.0000 -0.7446 -0.6675
vn -0.0000 -0.9239 -0.3827
vn -1.0000 -0.0003 0.0024
vn -1.0000 -0.0013 -0.0000
vn -0.9487 -0.0023 -0.3162
vn -0.9715 0.0935 -0.2178
vn -0.7948 0.1473 -0.5888
vn -0.6940 -0.0034 -0.7200
vn -0.8751 0.3486 -0.3358
vn -0.9775 0.1612 -0.1359
vn -0.9698 0.2104 -0.1237
vn -0.8320 0.5039 -0.2323
vn -0.9336 -0.3584 -0.0000
vn -0.9654 0.2534 -0.0622
vn -0.8349 0.5240 -0.1682
vn -0.9577 0.2854 -0.0366
vn -0.8785 0.4742 -0.0570
vn -0.9239 -0.3826 -0.0000
vn -0.7072 -0.7070 -0.0000
vn 0.0956 -0.9621 -0.2553
vn 0.1782 -0.9693 -0.1694
vn 0.0662 -0.9482 -0.3106
vn 0.1814 -0.8075 -0.5613
vn 0.1505 -0.7628 -0.6289
vn 0.3716 -0.8319 -0.4121
vn 0.4782 -0.8441 -0.2424
vn 0.2383 -0.9641 -0.1170
vn 0.2770 -0.9542 -0.1132
vn 0.4940 -0.8455 -0.2027
vn -0.3705 0.1276 0.9200
vn -0.3825 0.0929 0.9193
vn -0.3598 0.0557 0.9314
vn -0.6825 0.2456 0.6884
vn -0.6865 0.1518 0.7111
vn -0.7178 0.3253 0.6156
vn -0.5605 0.4955 0.6636
vn -0.7401 0.5884 0.3258
vn -0.8297 0.5047 0.2384
vn -0.6911 0.1119 0.7140
vn -0.7025 0.0167 0.7115
vn -0.3668 0.0081 0.9302
vn -0.3993 0.0314 0.9163
vn -0.7093 0.0512 0.7031
vn -0.7237 -0.0145 0.6900
vn -0.4349 -0.0447 0.8994
vn -0.7110 -0.1331 0.6904
vn -0.4863 -0.4199 0.7663
vn -0.7425 -0.4765 0.4707
vn -0.5119 -0.7186 0.4707
vn -0.4051 -0.6535 0.6394
vn -0.4935 -0.3848 0.7800
vn -0.7329 -0.2344 0.6387
vn -0.3636 0.0563 0.9299
vn -0.6825 0.2455 0.6884
vn -0.7202 0.3261 0.6124
vn -0.7408 0.5884 0.3241
vn -0.8306 0.5037 0.2375
vn -0.6970 0.1128 0.7081
vn -0.7085 0.0169 0.7055
vn -0.3706 0.0082 0.9287
vn -0.7110 -0.1331 0.6905
vn -0.4891 -0.4210 0.7639
vn -0.7459 -0.4743 0.4676
vn -0.5133 -0.7190 0.4687
vn -0.3994 0.0314 0.9163
vn -0.7093 0.0512 0.7030
vn -0.6866 0.1518 0.7111
vn 0.2126 0.9050 0.3686
vn 0.2134 0.9042 -0.3699
vn -0.4257 0.9049 -0.0000
vn -0.6948 0.7192 -0.0000
vn -0.6017 0.7190 0.3479
vn -0.3688 0.9046 0.2137
vn -0.3484 0.7184 0.6021
vn -0.3690 0.9048 -0.2126
vn -0.6024 0.7189 -0.3469
vn -0.3481 0.7186 -0.6021
vn -0.2126 0.9049 0.3686
vn 0.0001 0.7182 0.6958
vn -0.2129 0.9045 -0.3696
vn 0.0003 0.7178 -0.6963
vn 0.0002 0.9045 -0.4265
vn 0.3481 0.7181 -0.6027
vn 0.0001 0.9039 0.4278
vn 0.3485 0.7184 0.6021
vn 0.3688 0.9046 0.2137
vn 0.6017 0.7190 0.3479
vn 0.3690 0.9047 -0.2128
vn 0.6021 0.7190 -0.3472
vn 0.4257 0.9049 -0.0000
vn 0.6948 0.7192 -0.0000
vn 0.2076 0.9729 -0.1020
vn 0.1675 0.9758 -0.1408
vn 0.2395 0.9666 -0.0909
vn 0.4180 0.8842 -0.2083
vn 0.4239 0.8920 -0.1568
vn 0.3507 0.8780 -0.3257
vn 0.2725 0.8905 -0.3644
vn 0.0819 0.9811 -0.1751
vn 0.2891 0.7437 -0.6027
vn 0.3458 0.8731 -0.3436
vn 0.6961 0.6806 -0.2285
vn 0.4409 0.8976 -0.0000
vn 0.7072 0.7070 -0.0000
vn 0.4858 -0.4201 -0.7665
vn 0.3668 0.0082 -0.9303
vn 0.4353 -0.0449 -0.8992
vn 0.5116 -0.7189 -0.4706
vn 0.7417 -0.4769 -0.4717
vn 0.4049 -0.6535 -0.6395
vn 0.7025 0.0170 -0.7115
vn 0.4920 -0.3845 -0.7811
vn 0.7312 -0.2343 -0.6407
vn 0.7116 -0.1334 -0.6898
vn 0.7237 -0.0145 -0.6899
vn 0.3987 0.0314 -0.9165
vn 0.7083 0.0511 -0.7040
vn 0.6856 0.1516 -0.7120
vn 0.3819 0.0927 -0.9195
vn 0.6818 0.2452 -0.6892
vn 0.3599 0.0558 -0.9313
vn 0.6911 0.1121 -0.7140
vn 0.3699 0.1273 -0.9203
vn 0.7181 0.3256 -0.6151
vn 0.5609 0.4960 -0.6628
vn 0.8297 0.5050 -0.2378
vn 0.7402 0.5887 -0.3249
vn 0.4049 -0.6536 -0.6395
vn 0.6819 0.2452 -0.6892
vn 0.3599 0.0558 0.9313
vn 0.3819 0.0927 0.9195
vn 0.3699 0.1273 0.9203
vn 0.6819 0.2452 0.6892
vn 0.7181 0.3256 0.6151
vn 0.6856 0.1516 0.7120
vn 0.5609 0.4960 0.6628
vn 0.7402 0.5887 0.3249
vn 0.8297 0.5050 0.2378
vn 0.6911 0.1121 0.7140
vn 0.7025 0.0170 0.7115
vn 0.3987 0.0314 0.9165
vn 0.7083 0.0511 0.7040
vn 0.7237 -0.0145 0.6899
vn 0.3668 0.0082 0.9303
vn 0.4353 -0.0449 0.8992
vn 0.7116 -0.1335 0.6898
vn 0.4858 -0.4201 0.7665
vn 0.7417 -0.4769 0.4717
vn 0.5116 -0.7189 0.4706
vn 0.4052 -0.6536 0.6392
vn 0.4930 -0.3847 0.7803
vn 0.7319 -0.2341 0.6399
vn 0.3636 0.0564 0.9298
vn 0.6818 0.2452 0.6892
vn 0.7205 0.3264 0.6119
vn 0.5609 0.4960 0.6629
vn 0.7409 0.5887 0.3232
vn 0.8306 0.5040 0.2369
vn 0.6970 0.1130 0.7081
vn 0.7085 0.0171 0.7056
vn 0.7237 -0.0145 0.6900
vn 0.3706 0.0083 0.9288
vn 0.4886 -0.4212 0.7641
vn 0.7450 -0.4747 0.4686
vn 0.5130 -0.7193 0.4685
vn 0.4052 -0.6536 0.6393
vn 0.4052 -0.6536 -0.6392
vn 0.7116 -0.1335 -0.6898
vn 0.4930 -0.3847 -0.7803
vn 0.7319 -0.2341 -0.6399
vn 0.7116 -0.1334 0.6898
vn 0.4920 -0.3845 0.7811
vn 0.7312 -0.2343 0.6407
vn 0.4049 -0.6536 0.6395
vn 0.5609 0.4961 0.6628
vn 0.7409 0.5888 0.3232
vn -0.8248 0.5654 0.0027
vn -0.8381 0.5455 0.0021
vn -0.7545 0.6563 0.0009
vn -0.7073 0.7069 -0.0034
vn -0.6721 0.7405 -0.0009
vn -0.5458 0.8379 -0.0053
vn -0.5536 0.8328 -0.0000
vn -0.3830 0.9238 -0.0004
vn -0.2905 0.9568 -0.0076
vn -0.1954 0.9807 -0.0004
vn -0.1578 0.9874 -0.0072
vn -0.0980 0.9952 -0.0000
vn -0.8816 0.4719 0.0002
vn -0.8816 0.4720 -0.0000
vn -0.8891 0.4576 -0.0088
vn -0.9193 0.3934 -0.0117
vn -0.9198 0.3919 0.0179
vn -0.9570 0.2899 -0.0001
vn -0.9793 0.2024 -0.0001
vn -0.9780 0.2087 -0.0000
vn -0.9972 0.0737 0.0151
vn -0.9999 0.0080 0.0087
vn -0.9983 -0.0560 0.0151
vn -0.9807 -0.1953 -0.0000
vn -0.9241 -0.3822 -0.0000
vn -0.9240 -0.3825 -0.0002
vn -0.8821 -0.4710 -0.0002
vn -0.8314 -0.5557 0.0021
vn -0.8454 -0.5340 0.0105
vn -0.7817 -0.6237 0.0032
vn -0.7071 -0.7072 0.0010
vn -0.7612 -0.6485 0.0055
vn -0.6492 -0.7606 -0.0058
vn -0.7141 -0.7000 -0.0118
vn -0.6834 -0.7269 -0.0683
vn -0.5553 -0.8317 0.0005
vn -0.5215 -0.8532 0.0036
vn -0.3831 -0.9237 0.0004
vn -0.3939 -0.9192 0.0022
vn -0.2911 -0.9567 -0.0000
vn -0.2912 -0.9567 -0.0000
vn -0.2908 -0.9568 -0.0000
vn -0.1953 -0.9807 -0.0000
vn -0.0980 -0.9952 -0.0000
vn -0.1579 0.8343 -0.5282
vn -0.1374 0.9888 -0.0583
vn -0.2176 0.9760 -0.0000
vn -0.0001 0.4164 -0.9092
vn -0.3889 0.9200 -0.0478
vn -0.4248 0.9053 -0.0000
vn -0.3191 0.8904 -0.3245
vn -0.3243 0.5765 -0.7500
vn -0.1870 0.3064 -0.9333
vn -0.0000 0.8360 -0.5487
vn -0.0000 -0.1077 -0.9942
vn -0.0000 -0.4664 -0.8846
vn -0.3932 -0.0000 -0.9195
vn -0.3062 -0.0000 -0.9520
vn -0.7083 -0.0000 -0.7059
vn -0.0000 -0.6164 -0.7874
vn -0.0000 -0.7447 -0.6675
vn -0.1808 0.9081 0.3778
vn -0.1952 0.9808 0.0001
vn -0.2309 0.9717 0.0488
vn -0.0906 0.9185 0.3848
vn -0.1207 0.7760 0.6191
vn -0.0074 0.9991 0.0412
vn -0.0082 0.9991 -0.0418
vn -0.0695 0.7001 0.7106
vn -0.3826 0.9239 0.0002
vn -0.0000 0.7028 0.7114
vn -0.0000 1.0000 -0.0002
vn -0.2312 0.9717 -0.0486
vn -0.0000 0.9262 0.3770
vn 0.0906 0.9185 0.3848
vn 0.0695 0.7001 0.7106
vn 0.1952 0.9808 0.0001
vn 0.1206 0.7760 0.6191
vn 0.1807 0.9081 0.3778
vn 0.2309 0.9718 0.0488
vn 0.0074 0.9991 0.0413
vn 0.3825 0.9240 0.0002
vn 0.0082 0.9991 -0.0418
vn 0.2311 0.9717 -0.0486
vn 0.1213 0.7791 -0.6151
vn 0.3766 0.9093 0.1770
vn 0.5555 0.8315 -0.0000
vn 0.1813 0.9092 -0.3748
vn -0.1396 0.6690 -0.7301
vn 0.1920 0.9654 0.1767
vn 0.5468 0.8184 0.1767
vn -0.3322 0.8676 -0.3700
vn -0.7149 0.6435 -0.2737
vn -0.5958 0.7971 -0.0985
vn -0.0049 0.9943 -0.1065
vn -0.0320 0.8058 -0.5914
vn 0.3297 0.7961 0.5074
vn -0.0000 0.9263 -0.3767
vn -0.0000 0.7032 -0.7110
vn 0.0319 0.8058 -0.5914
vn -0.0000 0.9843 0.1763
vn 0.0049 0.9943 -0.1065
vn 0.5951 0.7976 -0.0985
vn 0.3318 0.8678 -0.3700
vn 0.7142 0.6443 -0.2737
vn 0.1394 0.6690 -0.7301
vn -0.1814 0.9092 -0.3748
vn -0.1213 0.7791 -0.6151
vn -0.1920 0.9653 0.1768
vn -0.0001 0.8619 0.5071
vn -0.3766 0.9093 0.1769
vn -0.5555 0.8315 -0.0000
vn 0.1683 0.8452 0.5073
vn 0.1669 0.8395 0.5171
vn -0.1682 0.8452 0.5074
vn -0.0000 0.8561 0.5168
vn -0.1670 0.8395 0.5170
vn -0.3297 0.7961 0.5074
vn -0.4790 0.7166 0.5070
vn -0.5469 0.8184 0.1765
vn -0.6967 0.6954 0.1762
vn -0.3275 0.7908 0.5171
vn -0.6093 0.6092 0.5075
vn -0.4756 0.7118 0.5169
vn -0.3763 0.9087 0.1809
vn -0.5463 0.8179 0.1806
vn -0.6954 0.6956 0.1803
vn -0.5554 0.8316 -0.0000
vn -0.3826 0.9239 -0.0000
vn -0.1952 0.9808 -0.0000
vn -0.7070 0.7072 -0.0000
vn -0.1920 0.9646 0.1808
vn 0.0001 0.9836 0.1803
vn 0.1920 0.9646 0.1806
vn 0.1952 0.9808 -0.0000
vn 0.3763 0.9087 0.1809
vn 0.3826 0.9239 -0.0000
vn 0.3274 0.7908 0.5171
vn 0.5462 0.8179 0.1806
vn 0.5553 0.8316 -0.0000
vn 0.6955 0.6956 0.1801
vn 0.7070 0.7072 -0.0000
vn 0.4756 0.7118 0.5169
vn 0.4788 0.7166 0.5072
vn 0.6055 0.6056 0.5163
vn 0.6967 0.6954 0.1761
vn 0.6093 0.6091 0.5076
vn 0.7118 0.4757 0.5168
vn 0.8179 0.5464 0.1804
vn 0.8316 0.5554 -0.0000
vn 0.7904 0.3288 0.5169
vn 0.9082 0.3777 0.1807
vn 0.9233 0.3841 -0.0000
vn 0.9536 0.2420 0.1789
vn 0.9693 0.2460 -0.0000
vn 0.8319 0.2112 0.5131
vn 0.9747 0.1335 0.1795
vn 0.9908 0.1356 -0.0000
vn 0.9837 -0.0001 0.1797
vn 1.0000 -0.0001 -0.0000
vn 0.9908 -0.1357 -0.0000
vn 0.8489 0.1168 0.5155
vn 0.8338 0.2135 0.5091
vn 0.9747 -0.1336 0.1795
vn 0.9693 -0.2460 -0.0000
vn 0.8565 -0.0000 0.5161
vn 0.9536 -0.2420 0.1789
vn 0.9233 -0.3841 -0.0000
vn 0.8489 -0.1168 0.5155
vn 0.8319 -0.2112 0.5131
vn 0.9082 -0.3777 0.1807
vn 0.8316 -0.5554 -0.0000
vn 0.8528 0.1169 0.5091
vn 0.8179 -0.5464 0.1804
vn 0.7070 -0.7072 -0.0000
vn 0.7904 -0.3288 0.5169
vn 0.6955 -0.6956 0.1801
vn 0.5553 -0.8316 -0.0000
vn 0.9543 0.2427 0.1745
vn 0.5462 -0.8179 0.1806
vn 0.3826 -0.9239 -0.0000
vn 0.7118 -0.4757 0.5168
vn 0.4756 -0.7118 0.5169
vn 0.6055 -0.6056 0.5164
vn 0.7166 -0.4790 0.5070
vn 0.3763 -0.9087 0.1809
vn 0.1952 -0.9808 -0.0000
vn 0.3275 -0.7908 0.5171
vn 0.1920 -0.9646 0.1806
vn 0.0982 -0.9952 -0.0000
vn 0.0966 -0.9790 0.1794
vn 0.0839 -0.8530 0.5151
vn 0.1669 -0.8395 0.5171
vn 0.0847 -0.8589 0.5051
vn 0.3298 -0.7961 0.5074
vn 0.1682 -0.8452 0.5072
vn 0.0965 -0.9797 0.1756
vn 0.3766 -0.9093 0.1769
vn 0.1919 -0.9654 0.1768
vn -0.0049 -0.9943 -0.1065
vn 0.0903 -0.9225 -0.3752
vn 0.0679 -0.7016 -0.7093
vn -0.0320 -0.8058 -0.5914
vn -0.5958 -0.7971 -0.0985
vn -0.3322 -0.8676 -0.3700
vn -0.7149 -0.6435 -0.2737
vn -0.1396 -0.6690 -0.7301
vn 0.1813 -0.9092 -0.3748
vn 0.1213 -0.7791 -0.6151
vn 0.2311 -0.9717 -0.0486
vn 0.0082 -0.9991 -0.0418
vn 0.3825 -0.9240 0.0002
vn 0.2309 -0.9718 0.0488
vn 0.0074 -0.9991 0.0413
vn 0.0576 -0.9942 0.0914
vn 0.1952 -0.9808 0.0001
vn 0.5555 -0.8315 -0.0000
vn 0.1807 -0.9081 0.3778
vn 0.1296 -0.6897 0.7124
vn 0.0906 -0.9185 0.3848
vn 0.0978 -0.9952 -0.0002
vn 0.0695 -0.7001 0.7106
vn 0.0903 -0.9224 0.3754
vn 0.0689 -0.7011 0.7097
vn 0.5468 -0.8184 0.1767
vn 0.6967 -0.6954 0.1761
vn 0.4788 -0.7166 0.5072
vn 0.6093 -0.6092 0.5076
vn 0.8181 -0.5478 0.1750
vn 0.7086 -0.7056 0.0024
vn 0.9090 -0.3779 0.1757
vn 0.8819 -0.4676 -0.0602
vn 0.7958 -0.3311 0.5070
vn 0.8338 -0.2135 0.5091
vn 0.9543 -0.2427 0.1745
vn 0.8527 -0.1170 0.5091
vn 0.8611 -0.0000 0.5084
vn 0.9756 -0.1357 0.1726
vn 0.9842 -0.0000 0.1768
vn 0.9756 0.1356 0.1726
vn 0.9916 -0.0001 -0.1290
vn 0.9892 -0.0898 -0.1154
vn 0.9669 -0.0001 -0.2552
vn 0.9893 0.0898 -0.1154
vn 0.9626 -0.0630 -0.2636
vn 0.9626 0.0630 -0.2636
vn 0.9745 -0.1576 -0.1598
vn 0.9338 -0.0922 -0.3457
vn 0.9585 -0.2549 -0.1280
vn 0.9616 -0.1567 -0.2252
vn 0.9745 0.1576 -0.1598
vn 0.9338 0.0922 -0.3457
vn 0.9313 -0.3482 -0.1072
vn 0.9503 -0.2321 -0.2076
vn 0.9088 -0.4070 -0.0918
vn 0.9497 -0.2564 -0.1798
vn 0.9400 -0.3135 -0.1346
vn 0.9380 -0.3370 -0.0804
vn 0.8632 -0.5035 -0.0364
vn 0.8660 -0.4999 -0.0121
vn 0.9408 -0.3379 -0.0252
vn 0.9398 -0.3397 0.0363
vn 0.8633 -0.5044 0.0185
vn 0.9333 -0.3350 0.1291
vn 0.8565 -0.5131 0.0558
vn 0.8726 -0.4785 0.0981
vn 0.8223 -0.5690 0.0101
vn 0.9183 -0.3075 0.2495
vn 0.8896 -0.4208 0.1777
vn 0.8694 -0.2755 0.4102
vn 0.9013 -0.3552 0.2479
vn 0.8981 -0.4396 0.0102
vn 0.8213 -0.2167 0.5277
vn 0.9185 -0.2618 0.2964
vn 0.9489 -0.3157 0.0038
vn 0.7897 -0.1689 0.5898
vn 0.9351 -0.1790 0.3057
vn 0.7939 -0.1343 0.5931
vn 0.9788 -0.2050 0.0011
vn 0.8049 -0.0623 0.5901
vn 0.9483 -0.0830 0.3063
vn 0.9955 -0.0944 -0.0000
vn 0.8058 -0.0000 0.5922
vn 0.9515 -0.0000 0.3076
vn 0.9955 0.0944 -0.0000
vn 0.9483 0.0830 0.3063
vn 0.8049 0.0623 0.5901
vn 0.9788 0.2050 0.0011
vn 0.9351 0.1791 0.3057
vn 0.7939 0.1343 0.5931
vn 0.9488 0.3160 0.0039
vn 0.7899 0.1691 0.5894
vn 0.9185 0.2618 0.2962
vn 0.8982 0.4395 0.0101
vn 0.8214 0.2167 0.5276
vn 0.9013 0.3553 0.2479
vn 0.8224 0.5688 0.0100
vn 0.8693 0.2755 0.4103
vn 0.8897 0.4206 0.1778
vn 0.9184 0.3073 0.2492
vn 0.8727 0.4783 0.0979
vn 0.9333 0.3350 0.1291
vn 0.7086 0.7056 0.0024
vn 0.8565 0.5131 0.0558
vn 0.8633 0.5044 0.0185
vn 0.9398 0.3397 0.0363
vn 0.8660 0.4999 -0.0121
vn 0.9408 0.3379 -0.0252
vn 0.9380 0.3370 -0.0804
vn 0.8632 0.5035 -0.0364
vn 0.8819 0.4676 -0.0602
vn 0.9400 0.3135 -0.1346
vn 0.8181 0.5478 0.1750
vn 0.9088 0.4070 -0.0918
vn 0.9497 0.2564 -0.1798
vn 0.9503 0.2321 -0.2076
vn 0.9313 0.3482 -0.1072
vn 0.9616 0.1567 -0.2252
vn 0.7166 0.4790 0.5070
vn 0.9090 0.3779 0.1757
vn 0.7958 0.3311 0.5070
vn 0.9585 0.2549 -0.1280
vn -0.8488 0.1169 0.5156
vn -0.8319 0.2111 0.5132
vn -0.8340 0.2133 0.5088
vn -0.7905 0.3288 0.5168
vn -0.9747 0.1335 0.1795
vn -0.8528 0.1170 0.5090
vn -0.9537 0.2418 0.1789
vn -0.9693 0.2458 -0.0000
vn -0.9908 0.1356 -0.0000
vn -0.9234 0.3839 -0.0000
vn -0.9837 -0.0001 0.1800
vn -1.0000 -0.0001 -0.0000
vn -0.9083 0.3775 0.1803
vn -0.8315 0.5555 -0.0000
vn -0.9908 -0.1357 -0.0000
vn -0.8179 0.5464 0.1804
vn -0.9747 -0.1336 0.1795
vn -0.9693 -0.2458 -0.0000
vn -0.6054 0.6055 0.5166
vn -0.7118 0.4756 0.5168
vn -0.9537 -0.2418 0.1789
vn -0.9234 -0.3839 -0.0000
vn -0.7167 0.4791 0.5068
vn -0.8182 0.5478 0.1747
vn -0.7958 0.3310 0.5071
vn -0.9090 0.3779 0.1757
vn -0.9544 0.2425 0.1743
vn -0.9312 0.3484 -0.1070
vn -0.9756 0.1358 0.1727
vn -0.9744 0.1578 -0.1601
vn -0.9584 0.2550 -0.1281
vn -0.9617 0.1567 -0.2251
vn -0.9335 0.0923 -0.3465
vn -0.9503 0.2325 -0.2071
vn -0.9625 0.0630 -0.2637
vn -0.9088 0.4071 -0.0918
vn -0.9496 0.2566 -0.1801
vn -0.9400 0.3135 -0.1346
vn -0.9893 0.0898 -0.1153
vn -0.9669 -0.0001 -0.2552
vn -0.8820 0.4673 -0.0602
vn -0.9383 0.3365 -0.0804
vn -0.8635 0.5031 -0.0364
vn -0.8660 0.4999 -0.0121
vn -0.9408 0.3379 -0.0250
vn -0.9399 0.3396 0.0358
vn -0.8633 0.5043 0.0183
vn -0.9334 0.3349 0.1287
vn -0.7086 0.7056 0.0024
vn -0.8569 0.5125 0.0556
vn -0.8727 0.4783 0.0980
vn -0.9184 0.3073 0.2492
vn -0.8225 0.5687 0.0100
vn -0.8897 0.4206 0.1778
vn -0.8693 0.2755 0.4103
vn -0.9012 0.3555 0.2479
vn -0.8982 0.4395 0.0101
vn -0.8212 0.2168 0.5278
vn -0.9184 0.2619 0.2965
vn -0.9487 0.3162 0.0038
vn -0.7895 0.1689 0.5901
vn -0.9350 0.1792 0.3060
vn -0.7933 0.1345 0.5937
vn -0.9787 0.2053 0.0011
vn -0.8048 0.0624 0.5902
vn -0.9483 0.0830 0.3063
vn -0.9955 0.0944 -0.0000
vn -0.8058 -0.0000 0.5922
vn -0.9515 -0.0000 0.3076
vn -0.9955 -0.0944 -0.0000
vn -0.9483 -0.0830 0.3063
vn -0.8048 -0.0624 0.5902
vn -0.9787 -0.2053 0.0011
vn -0.9350 -0.1791 0.3060
vn -0.7933 -0.1345 0.5937
vn -0.9488 -0.3159 0.0037
vn -0.7893 -0.1687 0.5904
vn -0.9184 -0.2619 0.2966
vn -0.8981 -0.4396 0.0101
vn -0.8212 -0.2168 0.5279
vn -0.9012 -0.3554 0.2480
vn -0.8223 -0.5689 0.0101
vn -0.8694 -0.2755 0.4102
vn -0.8896 -0.4208 0.1777
vn -0.9183 -0.3075 0.2495
vn -0.8726 -0.4785 0.0981
vn -0.9334 -0.3349 0.1287
vn -0.7086 -0.7056 0.0024
vn -0.8569 -0.5125 0.0556
vn -0.8633 -0.5043 0.0183
vn -0.9399 -0.3396 0.0358
vn -0.8660 -0.4999 -0.0121
vn -0.9408 -0.3379 -0.0250
vn -0.9383 -0.3365 -0.0804
vn -0.6968 -0.6954 0.1761
vn -0.8635 -0.5031 -0.0364
vn -0.8820 -0.4673 -0.0602
vn -0.9400 -0.3135 -0.1346
vn -0.5555 -0.8315 -0.0000
vn -0.9088 -0.4071 -0.0918
vn -0.9496 -0.2566 -0.1801
vn -0.9503 -0.2325 -0.2071
vn -0.8182 -0.5478 0.1747
vn -0.9312 -0.3484 -0.1070
vn -0.9617 -0.1567 -0.2251
vn -0.5468 -0.8185 0.1764
vn -0.9584 -0.2550 -0.1281
vn -0.9335 -0.0923 -0.3465
vn -0.9090 -0.3779 0.1757
vn -0.9744 -0.1578 -0.1601
vn -0.9625 -0.0631 -0.2638
vn -0.6094 -0.6091 0.5076
vn -0.9893 -0.0898 -0.1153
vn -0.9544 -0.2425 0.1743
vn -0.7167 -0.4791 0.5068
vn -0.7958 -0.3310 0.5071
vn -0.9916 -0.0001 -0.1290
vn -0.9756 -0.1359 0.1727
vn -0.9842 -0.0000 0.1768
vn -0.8611 -0.0000 0.5084
vn -0.8528 -0.1171 0.5090
vn -0.8563 -0.0000 0.5165
vn -0.8488 -0.1169 0.5156
vn -0.8340 -0.2133 0.5088
vn -0.8319 -0.2111 0.5132
vn -0.7905 -0.3288 0.5168
vn -0.9083 -0.3775 0.1803
vn -0.8315 -0.5555 -0.0000
vn -0.8179 -0.5464 0.1804
vn -0.7070 -0.7072 -0.0000
vn -0.7118 -0.4756 0.5168
vn -0.6954 -0.6956 0.1803
vn -0.6054 -0.6055 0.5166
vn -0.5554 -0.8316 -0.0000
vn -0.4756 -0.7118 0.5169
vn -0.5463 -0.8179 0.1806
vn -0.3826 -0.9239 -0.0000
vn -0.4789 -0.7166 0.5071
vn -0.3763 -0.9087 0.1809
vn -0.1952 -0.9808 -0.0000
vn -0.3275 -0.7908 0.5171
vn -0.3297 -0.7961 0.5074
vn -0.3766 -0.9093 0.1769
vn -0.3826 -0.9239 0.0002
vn -0.1671 -0.8395 0.5171
vn -0.1920 -0.9646 0.1808
vn -0.0982 -0.9952 -0.0000
vn -0.0964 -0.9790 0.1795
vn -0.0838 -0.8531 0.5150
vn -0.0846 -0.8589 0.5052
vn -0.1682 -0.8452 0.5073
vn -0.1920 -0.9653 0.1768
vn -0.0964 -0.9798 0.1755
vn -0.2312 -0.9717 -0.0486
vn 0.0049 -0.9943 -0.1065
vn -0.0903 -0.9225 -0.3752
vn 0.0319 -0.8058 -0.5914
vn -0.0680 -0.7016 -0.7093
vn 0.5951 -0.7976 -0.0985
vn -0.1814 -0.9092 -0.3748
vn 0.3318 -0.8678 -0.3700
vn 0.7142 -0.6443 -0.2737
vn 0.1394 -0.6690 -0.7300
vn -0.1213 -0.7791 -0.6151
vn -0.0082 -0.9991 -0.0418
vn -0.2309 -0.9717 0.0488
vn -0.0074 -0.9991 0.0412
vn -0.1642 -0.8322 0.5296
vn -0.1952 -0.9808 0.0001
vn -0.1808 -0.9081 0.3778
vn -0.0906 -0.9185 0.3848
vn -0.0978 -0.9952 -0.0002
vn -0.0692 -0.6996 0.7112
vn -0.0903 -0.9224 0.3754
vn -0.0695 -0.7001 0.7106
vn -0.0689 -0.7011 0.7097
vn -0.9881 -0.0000 -0.1539
vn -0.9642 -0.0000 -0.2653
vn -0.9989 -0.0000 -0.0462
vn -0.9376 -0.0000 -0.3478
vn -0.9976 -0.0000 0.0699
vn -0.9095 -0.0000 -0.4156
vn -0.9737 -0.0000 0.2280
vn -0.8977 -0.0000 -0.4405
vn -0.9016 -0.0000 0.4326
vn -0.7457 -0.0000 0.6663
vn -0.7456 -0.0000 0.6664
vn -0.5738 -0.0041 0.8190
vn -0.5738 0.0041 0.8190
vn -0.8477 -0.0000 -0.5304
vn -0.9107 -0.0000 -0.4132
vn -0.7824 -0.0024 -0.6228
vn -0.7824 0.0024 -0.6228
vn -0.7458 -0.0000 -0.6661
vn -0.3316 -0.0000 0.9434
vn -0.3215 -0.0018 0.9469
vn -0.6705 0.1023 0.7348
vn -0.3331 0.0229 0.9426
vn -0.3215 0.0018 0.9469
vn -0.6705 -0.1023 0.7348
vn -0.3331 -0.0229 0.9426
vn -0.3979 -0.0000 0.9174
vn -0.3925 0.0537 0.9182
vn -0.7012 0.0960 0.7065
vn -0.7075 -0.0000 0.7067
vn -0.7012 -0.0960 0.7065
vn -0.6860 0.1741 0.7065
vn -0.3924 -0.0538 0.9182
vn -0.6860 -0.1741 0.7065
vn -0.3811 0.0967 0.9195
vn -0.3811 -0.0967 0.9195
vn -0.3711 0.1542 0.9157
vn -0.6522 0.2711 0.7079
vn -0.3711 -0.1542 0.9157
vn -0.6522 -0.2711 0.7079
vn -0.3346 0.2235 0.9155
vn -0.5875 0.3925 0.7076
vn -0.2845 0.2846 0.9155
vn -0.4996 0.4997 0.7076
vn -0.2234 0.3347 0.9155
vn -0.3924 0.5875 0.7077
vn -0.1538 0.3715 0.9156
vn -0.2703 0.6525 0.7080
vn -0.0786 0.3944 0.9156
vn -0.1379 0.6927 0.7079
vn -0.0002 0.7075 0.7068
vn -0.0001 0.4032 0.9151
vn 0.1381 0.6928 0.7078
vn 0.0787 0.3943 0.9156
vn 0.2703 0.6527 0.7078
vn 0.1539 0.3716 0.9155
vn 0.3924 0.5879 0.7074
vn 0.2235 0.3348 0.9154
vn 0.4997 0.4997 0.7076
vn 0.2845 0.2846 0.9154
vn 0.3346 0.2235 0.9155
vn 0.5876 0.3924 0.7076
vn 0.6522 0.2712 0.7079
vn 0.3710 0.1543 0.9157
vn 0.6859 0.1741 0.7066
vn 0.3812 0.0967 0.9194
vn 0.3921 0.0537 0.9184
vn 0.7006 0.0959 0.7071
vn 0.3975 -0.0000 0.9176
vn 0.7069 -0.0000 0.7073
vn 0.7006 -0.0960 0.7071
vn 0.3921 -0.0537 0.9184
vn 0.6859 -0.1741 0.7066
vn 0.3812 -0.0967 0.9194
vn 0.3710 -0.1543 0.9157
vn 0.6522 -0.2712 0.7079
vn 0.3346 -0.2235 0.9155
vn 0.5876 -0.3924 0.7076
vn 0.4996 -0.4997 0.7076
vn 0.2845 -0.2846 0.9154
vn 0.3925 -0.5878 0.7074
vn 0.2235 -0.3348 0.9154
vn 0.1539 -0.3716 0.9155
vn 0.2703 -0.6527 0.7078
vn 0.0785 -0.3944 0.9156
vn 0.1379 -0.6927 0.7079
vn 0.0002 -0.7075 0.7068
vn 0.0001 -0.4032 0.9151
vn -0.1381 -0.6928 0.7078
vn -0.0787 -0.3943 0.9156
vn -0.2703 -0.6525 0.7080
vn -0.1538 -0.3715 0.9156
vn -0.3924 -0.5876 0.7077
vn -0.2234 -0.3347 0.9155
vn -0.4996 -0.4997 0.7076
vn -0.2845 -0.2846 0.9155
vn -0.5875 -0.3925 0.7076
vn -0.3346 -0.2235 0.9155
vn 0.3316 -0.0224 0.9432
vn 0.3217 0.0018 0.9468
vn 0.6697 -0.1020 0.7356
vn 0.5738 -0.0041 0.8190
vn 0.3319 -0.0000 0.9433
vn 0.5738 0.0041 0.8190
vn 0.3218 -0.0018 0.9468
vn 0.6697 0.1020 0.7356
vn 0.3316 0.0224 0.9432
vn 0.7456 -0.0000 0.6664
vn 0.7457 -0.0000 0.6663
vn 0.9016 -0.0000 0.4326
vn 0.9735 -0.0000 0.2287
vn 0.9975 -0.0000 0.0704
vn 0.9989 -0.0000 -0.0464
vn 0.9881 -0.0000 -0.1541
vn 0.9642 -0.0000 -0.2653
vn 0.9376 -0.0000 -0.3476
vn 0.9377 -0.0000 -0.3476
vn 0.9097 -0.0000 -0.4152
vn 0.8975 -0.0000 -0.4410
vn 0.8480 -0.0000 -0.5299
vn 0.9107 -0.0000 -0.4130
vn 0.7834 0.0024 -0.6215
vn 0.7834 -0.0024 -0.6215
vn 0.7466 -0.0000 -0.6653
vn -0.3577 0.8492 0.3884
vn -0.4959 0.8100 0.3130
vn -0.6759 0.6858 0.2698
vn -0.6926 0.6933 0.1989
vn -0.8010 0.5352 0.2682
vn -0.8149 0.5447 0.1983
vn -0.5402 0.8137 0.2147
vn -0.9056 0.3749 0.1984
vn -0.3336 0.7930 0.5098
vn -0.3745 0.9054 0.2001
vn -0.1911 0.9610 0.1998
vn -0.3061 0.7110 0.6330
vn -0.1668 0.9269 0.3363
vn -0.2413 0.5813 0.7771
vn -0.1678 0.8441 0.5093
vn -0.1228 0.6184 0.7762
vn 0.0001 0.9797 0.2003
vn -0.0002 0.6298 0.7768
vn -0.0937 0.9254 0.3672
vn -0.0000 0.8603 0.5098
vn 0.1230 0.6184 0.7762
vn 0.1908 0.9611 0.1999
vn 0.1676 0.8441 0.5092
vn 0.2416 0.5815 0.7769
vn 0.3747 0.9053 0.2003
vn 0.3336 0.7929 0.5099
vn 0.3060 0.7110 0.6332
vn 0.5402 0.8137 0.2148
vn 0.4958 0.8101 0.3130
vn 0.1667 0.9269 0.3362
vn 0.6925 0.6935 0.1988
vn 0.3579 0.8491 0.3885
vn 0.0940 0.9254 0.3672
vn 0.6759 0.6858 0.2699
vn 0.8010 0.5353 0.2682
vn 0.8149 0.5446 0.1983
vn 0.6470 0.6471 0.4032
vn 0.9056 0.3750 0.1981
vn 0.5646 0.5656 0.6011
vn 0.2973 0.7629 0.5741
vn 0.0450 0.8766 0.4791
vn 0.1632 0.7421 0.6501
vn -0.0146 0.8324 0.5541
vn 0.4677 0.4959 0.7317
vn 0.5710 0.3845 0.7254
vn 0.7608 0.5085 0.4032
vn 0.6659 0.4451 0.5987
vn 0.7400 0.3064 0.5987
vn 0.6384 0.2645 0.7228
vn 0.8455 0.3502 0.4032
vn 0.8901 0.3686 0.2681
vn 0.9615 0.1901 0.1984
vn 0.9451 0.1868 0.2682
vn 0.9758 0.0938 0.1974
vn 0.9593 0.0922 0.2670
vn 0.8978 0.1773 0.4032
vn 0.9117 0.0878 0.4013
vn 0.7858 0.1561 0.5985
vn 0.7985 0.0780 0.5969
vn 0.6772 0.1342 0.7235
vn 0.6871 0.0655 0.7236
vn -0.2642 0.2393 0.9343
vn -0.2467 0.2122 0.9456
vn -0.2010 0.2975 0.9333
vn -0.4664 0.4326 0.7716
vn -0.4860 0.4118 0.7709
vn -0.3470 0.5238 0.7780
vn -0.3868 0.4921 0.7799
vn -0.0490 0.3494 0.9357
vn -0.1835 0.5943 0.7830
vn 0.1320 0.4021 0.9060
vn 0.1361 0.1461 0.9799
vn 0.2571 0.2671 0.9287
vn -0.1853 0.2422 0.9524
vn 0.1684 0.1146 0.9790
vn 0.3109 0.2109 0.9268
vn 0.3468 0.1435 0.9269
vn -0.2195 0.5746 0.7885
vn 0.1872 0.0774 0.9793
vn 0.3683 0.0727 0.9268
vn -0.1029 0.2759 0.9557
vn 0.1991 0.0393 0.9792
vn 0.3776 -0.0002 0.9260
vn -0.0031 0.6085 0.7936
vn 0.2041 -0.0000 0.9789
vn 0.2001 -0.0397 0.9790
vn 0.3705 -0.0737 0.9259
vn -0.1029 -0.2759 0.9557
vn -0.0010 0.2838 0.9589
vn 0.1015 0.2757 0.9559
vn 0.2172 0.5756 0.7884
vn 0.1887 -0.0781 0.9789
vn 0.3494 -0.1447 0.9257
vn -0.1855 -0.2428 0.9522
vn 0.1693 -0.1150 0.9788
vn 0.3126 -0.2116 0.9260
vn 0.2574 -0.2672 0.9286
vn -0.2189 -0.5754 0.7880
vn -0.3866 -0.4936 0.7790
vn -0.0031 -0.6085 0.7936
vn -0.2471 -0.2122 0.9455
vn -0.4868 -0.4110 0.7708
vn 0.1361 -0.1461 0.9799
vn 0.1322 -0.4019 0.9061
vn -0.2642 -0.2393 0.9343
vn -0.4671 -0.4313 0.7719
vn -0.2010 -0.2967 0.9336
vn -0.3474 -0.5216 0.7792
vn -0.0485 -0.3490 0.9359
vn -0.1834 -0.5936 0.7836
vn -0.0010 -0.2838 0.9589
vn 0.1015 -0.2757 0.9559
vn 0.2172 -0.5756 0.7884
vn 0.1858 -0.2415 0.9525
vn 0.3887 -0.4904 0.7800
vn -0.2028 -0.0000 0.9792
vn 0.2474 -0.2120 0.9454
vn 0.4868 -0.4110 0.7708
vn -0.1988 -0.0395 0.9792
vn 0.2642 -0.2393 0.9343
vn 0.4671 -0.4313 0.7719
vn 0.2011 -0.2966 0.9336
vn 0.3476 -0.5216 0.7792
vn -0.3756 -0.0000 0.9268
vn 0.0508 -0.3482 0.9360
vn 0.1861 -0.5936 0.7830
vn -0.1288 -0.3996 0.9076
vn -0.1347 -0.1452 0.9802
vn -0.2574 -0.2640 0.9296
vn -0.1681 -0.1142 0.9791
vn -0.3105 -0.2102 0.9270
vn -0.3473 -0.1439 0.9266
vn -0.1876 -0.0778 0.9792
vn -0.3683 -0.0733 0.9268
vn -0.1988 0.0396 0.9792
vn -0.3683 0.0733 0.9268
vn 0.1858 0.2415 0.9525
vn -0.1873 0.0776 0.9792
vn -0.3470 0.1438 0.9268
vn 0.3887 0.4904 0.7800
vn -0.1681 0.1148 0.9791
vn -0.3100 0.2110 0.9270
vn -0.2586 0.2664 0.9285
vn 0.2474 0.2120 0.9454
vn 0.4868 0.4110 0.7708
vn -0.1362 0.1457 0.9799
vn -0.1288 0.4001 0.9074
vn 0.2642 0.2393 0.9343
vn 0.4671 0.4313 0.7719
vn 0.2011 0.2966 0.9336
vn 0.3477 0.5218 0.7790
vn 0.0512 0.3491 0.9357
vn 0.1870 0.5953 0.7814
vn -0.4268 0.8809 0.2047
vn -0.3950 0.8153 0.4234
vn -0.5235 0.7068 0.4757
vn -0.3487 0.7147 0.6063
vn -0.4124 0.4709 0.7799
vn -0.7476 0.4651 0.4742
vn -0.8068 0.5890 0.0461
vn -0.5595 0.8220 0.1064
vn -0.4257 0.8806 0.2081
vn -0.6520 0.6530 -0.3852
vn -0.6924 0.7129 -0.1114
vn -0.7155 0.5454 -0.4367
vn -0.8620 0.5066 -0.0183
vn -0.7857 0.6174 0.0388
vn -0.5178 0.8483 0.1109
vn -0.4259 0.8810 0.2060
vn -0.4472 0.7441 -0.4963
vn -0.5372 0.8109 -0.2319
vn -0.4237 0.6451 -0.6359
vn -0.5481 0.8113 0.2032
vn -0.5579 0.5234 -0.6440
vn -0.7097 0.6592 -0.2483
vn -0.7282 0.6605 0.1832
vn -0.5819 0.4963 -0.6442
vn -0.7335 0.6280 -0.2599
vn -0.7430 0.6437 0.1832
vn -0.4761 0.6091 -0.6342
vn -0.5938 0.7666 -0.2444
vn -0.5897 0.7792 0.2122
vn -0.2790 0.7334 -0.6200
vn -0.3447 0.9123 -0.2210
vn -0.3356 0.9110 0.2395
vn -0.0041 0.7880 -0.6156
vn -0.0056 0.9766 -0.2148
vn -0.0052 0.9684 0.2494
vn 0.3321 0.9122 0.2398
vn 0.3415 0.9134 -0.2214
vn 0.2778 0.7342 -0.6195
vn 0.5928 0.7770 0.2117
vn 0.5971 0.7642 -0.2439
vn 0.4795 0.6077 -0.6331
vn 0.7444 0.6422 0.1829
vn 0.7345 0.6269 -0.2597
vn 0.5822 0.4960 -0.6442
vn 0.7300 0.6585 0.1829
vn 0.7100 0.6587 -0.2490
vn 0.5579 0.5234 -0.6440
vn 0.5493 0.8112 0.2003
vn 0.5368 0.8107 -0.2337
vn 0.4237 0.6451 -0.6359
vn 0.4247 0.8803 0.2115
vn 0.4473 0.7427 -0.4983
vn 0.5135 0.8501 0.1169
vn 0.4239 0.8814 0.2083
vn 0.7865 0.6165 0.0372
vn 0.6927 0.7125 -0.1115
vn 0.8625 0.5057 -0.0184
vn 0.7158 0.5451 -0.4365
vn 0.6524 0.6528 -0.3850
vn 0.5629 0.8198 0.1053
vn 0.4320 0.8785 0.2038
vn 0.8068 0.5889 0.0464
vn 0.5239 0.7062 0.4763
vn 0.3973 0.8142 0.4233
vn 0.7464 0.4664 0.4747
vn 0.3496 0.7136 0.6071
vn 0.4115 0.4713 0.7801
vn -0.6468 0.6474 0.4031
vn -0.7611 0.5082 0.4031
vn -0.8900 0.3687 0.2682
vn -0.9611 0.1924 0.1982
vn -0.9446 0.1891 0.2682
vn -0.9754 0.0983 0.1974
vn -0.9588 0.0960 0.2674
vn -0.8974 0.1787 0.4034
vn -0.9112 0.0900 0.4020
vn -0.7855 0.1572 0.5986
vn -0.8454 0.3504 0.4031
vn -0.7985 0.0802 0.5967
vn -0.6770 0.1354 0.7234
vn -0.6871 0.0676 0.7235
vn -0.6382 0.2643 0.7231
vn -0.7400 0.3064 0.5988
vn -0.5703 0.3845 0.7259
vn -0.6660 0.4450 0.5987
vn -0.5643 0.5652 0.6018
vn -0.4663 0.4965 0.7322
vn -0.2969 0.7638 0.5731
vn -0.1620 0.7442 0.6480
vn -0.0416 0.8777 0.4773
vn 0.0204 0.8347 0.5503
vn 0.6596 -0.0000 -0.7516
vn 0.7217 -0.0000 -0.6922
vn 0.6036 -0.0000 -0.7973
vn 0.6615 -0.0000 -0.7500
vn 0.9548 -0.0000 -0.2974
vn 0.9387 -0.0000 -0.3447
vn 0.9734 -0.0000 -0.2291
vn 0.9559 -0.0000 -0.2937
vn 0.9133 -0.0000 0.4073
vn 0.9549 -0.0000 -0.2970
vn 0.8560 -0.0002 0.5170
vn 0.6499 -0.0000 0.7600
vn 0.6476 -0.0002 0.7620
vn 0.9177 -0.0000 -0.3973
vn 0.4880 -0.0000 -0.8728
vn 0.3780 -0.0000 -0.9258
vn -0.3785 -0.0000 -0.9256
vn -0.4886 -0.0000 -0.8725
vn -0.9176 -0.0000 -0.3975
vn -0.9550 -0.0001 -0.2966
vn -0.9557 -0.0001 -0.2944
vn -0.9385 -0.0001 -0.3453
vn -0.6614 -0.0000 -0.7500
vn -0.6033 -0.0000 -0.7975
vn -0.6592 -0.0000 -0.7520
vn -0.7212 -0.0000 -0.6927
vn -0.9546 -0.0000 -0.2979
vn -0.9733 -0.0000 -0.2296
vn -0.9131 -0.0000 0.4077
vn -0.8558 -0.0002 0.5173
vn -0.6492 -0.0000 0.7606
vn -0.6469 -0.0002 0.7626
vn 0.3577 -0.8492 0.3884
vn 0.4959 -0.8100 0.3130
vn 0.6759 -0.6858 0.2698
vn 0.6926 -0.6933 0.1989
vn 0.8010 -0.5352 0.2682
vn 0.8150 -0.5445 0.1983
vn 0.5401 -0.8137 0.2148
vn 0.9056 -0.3750 0.1981
vn 0.3336 -0.7929 0.5099
vn 0.3750 -0.9051 0.2004
vn 0.1907 -0.9608 0.2011
vn 0.3061 -0.7112 0.6329
vn 0.1668 -0.9269 0.3363
vn 0.2414 -0.5815 0.7769
vn 0.1677 -0.8439 0.5097
vn 0.1232 -0.6185 0.7761
vn 0.0002 -0.9797 0.2006
vn -0.0002 -0.6317 0.7752
vn 0.0940 -0.9254 0.3672
vn -0.0000 -0.8608 0.5090
vn -0.1231 -0.6186 0.7760
vn -0.1910 -0.9608 0.2011
vn -0.1678 -0.8438 0.5097
vn -0.2416 -0.5815 0.7769
vn -0.3749 -0.9051 0.2004
vn -0.3336 -0.7930 0.5098
vn -0.3048 -0.7108 0.6340
vn -0.5401 -0.8140 0.2138
vn -0.4956 -0.8101 0.3130
vn -0.1645 -0.9271 0.3369
vn -0.6928 -0.6933 0.1985
vn -0.3575 -0.8493 0.3885
vn -0.0940 -0.9254 0.3672
vn -0.6762 -0.6856 0.2698
vn -0.8010 -0.5352 0.2682
vn -0.8149 -0.5446 0.1983
vn -0.6468 -0.6474 0.4032
vn -0.9056 -0.3750 0.1981
vn -0.5645 -0.5653 0.6014
vn -0.2978 -0.7631 0.5736
vn -0.0449 -0.8771 0.4782
vn -0.1626 -0.7434 0.6488
vn 0.0178 -0.8337 0.5519
vn -0.4683 -0.4953 0.7317
vn -0.5697 -0.3833 0.7270
vn -0.7610 -0.5083 0.4032
vn -0.6654 -0.4445 0.5997
vn -0.7392 -0.3059 0.6000
vn -0.6364 -0.2636 0.7249
vn -0.8454 -0.3503 0.4032
vn -0.8900 -0.3687 0.2681
vn -0.9613 -0.1914 0.1981
vn -0.9449 -0.1880 0.2681
vn -0.9756 -0.0960 0.1974
vn -0.9590 -0.0937 0.2675
vn -0.8976 -0.1775 0.4035
vn -0.9114 -0.0876 0.4021
vn -0.7849 -0.1560 0.5997
vn -0.7982 -0.0787 0.5973
vn -0.6754 -0.1346 0.7250
vn -0.6870 -0.0677 0.7235
vn 0.4268 -0.8809 0.2047
vn 0.3951 -0.8153 0.4233
vn 0.5236 -0.7070 0.4755
vn 0.3488 -0.7150 0.6059
vn 0.4127 -0.4711 0.7796
vn 0.7477 -0.4651 0.4739
vn 0.8069 -0.5888 0.0463
vn 0.5597 -0.8219 0.1064
vn 0.4263 -0.8804 0.2077
vn 0.6524 -0.6528 -0.3850
vn 0.6928 -0.7125 -0.1114
vn 0.7158 -0.5451 -0.4365
vn 0.8626 -0.5056 -0.0193
vn 0.7858 -0.6173 0.0386
vn 0.5193 -0.8477 0.1084
vn 0.4265 -0.8814 0.2030
vn 0.4472 -0.7441 -0.4963
vn 0.5370 -0.8105 -0.2339
vn 0.4237 -0.6451 -0.6359
vn 0.5497 -0.8110 0.2003
vn 0.5579 -0.5234 -0.6440
vn 0.7100 -0.6587 -0.2490
vn 0.7300 -0.6585 0.1829
vn 0.5819 -0.4963 -0.6442
vn 0.7335 -0.6280 -0.2599
vn 0.7436 -0.6428 0.1840
vn 0.4761 -0.6091 -0.6342
vn 0.5945 -0.7665 -0.2431
vn 0.5912 -0.7769 0.2167
vn 0.2790 -0.7334 -0.6200
vn 0.3457 -0.9128 -0.2173
vn 0.3335 -0.9103 0.2454
vn 0.0041 -0.7880 -0.6156
vn 0.0028 -0.9766 -0.2148
vn -0.0052 -0.9684 0.2494
vn -0.3320 -0.9138 0.2341
vn -0.3399 -0.9133 -0.2245
vn -0.2778 -0.7342 -0.6195
vn -0.5910 -0.7789 0.2098
vn -0.5971 -0.7642 -0.2439
vn -0.4795 -0.6077 -0.6331
vn -0.7444 -0.6423 0.1829
vn -0.7345 -0.6269 -0.2597
vn -0.5822 -0.4960 -0.6442
vn -0.7300 -0.6585 0.1829
vn -0.7100 -0.6587 -0.2490
vn -0.5579 -0.5234 -0.6440
vn -0.5497 -0.8110 0.2003
vn -0.5370 -0.8105 -0.2339
vn -0.4237 -0.6451 -0.6359
vn -0.4261 -0.8807 0.2070
vn -0.4475 -0.7428 -0.4980
vn -0.5172 -0.8485 0.1120
vn -0.4262 -0.8806 0.2068
vn -0.7863 -0.6167 0.0374
vn -0.6930 -0.7123 -0.1114
vn -0.8626 -0.5056 -0.0193
vn -0.7182 -0.5431 -0.4349
vn -0.6528 -0.6531 -0.3838
vn -0.5636 -0.8195 0.1040
vn -0.4323 -0.8785 0.2035
vn -0.8063 -0.5897 0.0457
vn -0.5238 -0.7061 0.4765
vn -0.3973 -0.8142 0.4233
vn -0.7463 -0.4663 0.4750
vn -0.3495 -0.7135 0.6072
vn -0.4112 -0.4712 0.7804
vn 0.6468 -0.6474 0.4031
vn 0.7611 -0.5082 0.4031
vn 0.8900 -0.3687 0.2681
vn 0.9613 -0.1914 0.1981
vn 0.9448 -0.1881 0.2681
vn 0.9756 -0.0962 0.1972
vn 0.9591 -0.0945 0.2670
vn 0.8975 -0.1786 0.4032
vn 0.9115 -0.0901 0.4013
vn 0.7855 -0.1572 0.5986
vn 0.8454 -0.3504 0.4031
vn 0.7985 -0.0804 0.5967
vn 0.6770 -0.1355 0.7234
vn 0.6870 -0.0677 0.7235
vn 0.6382 -0.2643 0.7231
vn 0.7400 -0.3064 0.5988
vn 0.5714 -0.3843 0.7251
vn 0.6660 -0.4450 0.5987
vn 0.5650 -0.5657 0.6006
vn 0.4692 -0.4962 0.7305
vn 0.2974 -0.7632 0.5736
vn 0.1638 -0.7422 0.6499
vn 0.0450 -0.8766 0.4790
vn -0.0145 -0.8323 0.5541
vn -0.7217 -0.0000 -0.6922
vn -0.6032 -0.0000 -0.7976
vn -0.6615 -0.0000 -0.7500
vn -0.9385 -0.0000 -0.3453
vn -0.9732 -0.0000 -0.2299
vn -0.9557 -0.0000 -0.2944
vn -0.9547 -0.0000 -0.2975
vn -0.8557 0.0002 0.5175
vn -0.6469 0.0002 0.7626
vn 0.4886 0.0001 -0.8725
vn 0.9177 0.0001 -0.3973
vn 0.9547 -0.0000 -0.2974
vn 0.9559 0.0001 -0.2938
vn 0.9385 -0.0000 -0.3453
vn 0.9734 -0.0000 -0.2292
vn 0.8561 0.0002 0.5169
vn 0.6476 0.0002 0.7620
vn -0.9935 0.0596 0.0965
vn -0.9618 0.0911 0.2583
vn -0.9623 0.1052 0.2508
vn -0.9933 0.0690 0.0926
vn -0.9944 0.0455 0.0955
vn -0.9629 0.1215 0.2410
vn -0.9937 0.0805 0.0781
vn -0.8939 0.4071 0.1877
vn -0.8807 0.4674 0.0774
vn -0.5579 0.7605 0.3323
vn -0.4933 0.7751 0.3948
vn -0.5973 0.5060 0.6222
vn 0.1895 0.7865 0.5878
vn -0.6740 0.2304 0.7018
vn -0.6678 0.2018 0.7164
vn 0.0472 0.5284 0.8477
vn 0.0608 0.2655 0.9622
vn -0.6686 0.1752 0.7227
vn 0.5575 0.4606 0.6906
vn 0.6187 0.5162 0.5923
vn 0.0936 0.7992 0.5937
vn 0.7333 0.1550 0.6620
vn 0.6017 0.1916 0.7754
vn 0.7273 0.1421 0.6714
vn 0.0729 0.2331 0.9697
vn 0.6008 0.1713 0.7808
vn 0.7309 0.1199 0.6719
vn 0.6042 0.1463 0.7833
vn 0.7350 0.0912 0.6719
vn 0.0694 0.2027 0.9768
vn 0.6069 0.1109 0.7870
vn 0.6887 -0.3013 0.6595
vn -0.6718 0.1350 0.7283
vn 0.0685 0.1549 0.9855
vn 0.6080 -0.2573 0.7511
vn 0.2079 -0.6535 0.7278
vn 0.1369 -0.6715 0.7282
vn 0.0523 -0.2580 0.9647
vn -0.6323 -0.2644 0.7282
vn -0.6121 -0.6515 0.4481
vn -0.9324 -0.2773 0.2317
vn -0.9414 -0.3195 0.1082
vn -0.5830 -0.6648 0.4671
vn -0.9632 0.0700 0.2596
vn 0.0775 -0.6731 0.7355
vn -0.4091 -0.3220 0.8538
vn -0.4160 -0.3228 0.8501
vn -0.4100 0.1502 0.8996
vn -0.4091 0.1515 0.8998
vn -0.4056 0.1983 0.8923
vn -0.4057 0.1995 0.8920
vn -0.4110 0.2301 0.8821
vn -0.4115 0.2310 0.8817
vn -0.4227 0.2616 0.8677
vn -0.4233 0.2631 0.8670
vn -0.3738 0.5632 0.7369
vn -0.3666 0.5889 0.7203
vn 0.0356 0.8025 0.5956
vn 0.5580 0.5212 0.6457
vn 0.1293 0.7867 0.6037
vn 0.4877 0.4616 0.7410
vn 0.6509 0.1613 0.7418
vn 0.5176 0.1950 0.8331
vn 0.6578 0.1448 0.7391
vn -0.0359 0.5272 0.8490
vn -0.6545 0.5122 0.5561
vn -0.5871 0.7629 0.2707
vn 0.5236 0.1738 0.8341
vn 0.6576 0.1265 0.7427
vn -0.0292 0.2677 0.9631
vn -0.7366 0.2328 0.6351
vn -0.9041 0.4133 0.1088
vn -0.8778 0.4791 0.0037
vn -0.5017 0.7865 0.3602
vn -0.9960 0.0892 -0.0016
vn -0.9792 0.1277 0.1578
vn -0.9972 0.0712 0.0221
vn -0.9788 0.1049 0.1757
vn -0.9979 0.0567 0.0320
vn -0.7341 0.2002 0.6489
vn -0.9789 0.0860 0.1855
vn -0.9987 0.0402 0.0321
vn -0.0254 0.2352 0.9716
vn -0.7329 0.1698 0.6588
vn -0.9802 0.0634 0.1876
vn -0.9441 -0.3272 0.0406
vn 0.5248 0.1511 0.8377
vn 0.6684 0.0962 0.7375
vn -0.0229 0.2028 0.9789
vn 0.5330 0.1151 0.8383
vn 0.6315 -0.3032 0.7136
vn -0.7310 0.1292 0.6700
vn -0.0170 0.1545 0.9879
vn 0.5351 -0.2548 0.8054
vn 0.1394 -0.6478 0.7490
vn -0.0418 -0.2528 0.9666
vn -0.6918 -0.2622 0.6728
vn -0.6465 -0.6469 0.4045
vn -0.9461 -0.2797 0.1636
vn -0.6031 -0.6731 0.4280
vn 0.0243 -0.6604 0.7505
vn -0.3939 -0.3264 0.8593
vn -0.3912 -0.3120 0.8658
vn -0.4070 0.1507 0.9009
vn -0.4068 0.1519 0.9008
vn -0.3975 0.2001 0.8955
vn -0.3974 0.2010 0.8954
vn -0.4000 0.2356 0.8857
vn -0.4006 0.2363 0.8853
vn -0.4169 0.2714 0.8675
vn -0.4178 0.2724 0.8668
vn -0.3691 0.5779 0.7279
vn -0.3679 0.5860 0.7220
vn -0.0044 0.7932 0.6089
vn 0.4830 0.5235 0.7019
vn 0.0486 0.7930 0.6073
vn 0.3909 0.4697 0.7916
vn 0.5563 0.1651 0.8144
vn 0.3996 0.2023 0.8941
vn 0.5635 0.1534 0.8118
vn -0.1553 0.5339 0.8312
vn -0.7208 0.5112 0.4681
vn -0.6190 0.7588 0.2025
vn 0.3968 0.1851 0.8991
vn 0.5634 0.1373 0.8147
vn -0.1647 0.2736 0.9477
vn -0.8116 0.2358 0.5345
vn -0.9104 0.4138 -0.0026
vn -0.8740 0.4752 -0.1018
vn -0.5415 0.7848 0.3013
vn -0.9867 0.0862 -0.1375
vn -0.9915 0.1275 0.0276
vn -0.9909 0.0609 -0.1199
vn -0.9947 0.0954 0.0390
vn -0.9930 0.0332 -0.1129
vn -0.8135 0.1955 0.5478
vn -0.9969 0.0632 0.0462
vn -0.9944 0.0172 -0.1047
vn -0.1687 0.2388 0.9563
vn -0.8163 0.1543 0.5567
vn -0.9977 0.0416 0.0542
vn -0.9395 -0.3332 -0.0796
vn 0.4063 0.1629 0.8991
vn 0.5789 0.1070 0.8083
vn -0.1610 0.2041 0.9656
vn 0.4177 0.1257 0.8998
vn 0.5466 -0.2982 0.7825
vn -0.8181 0.1141 0.5637
vn -0.1621 0.1556 0.9744
vn 0.4276 -0.2531 0.8678
vn 0.0386 -0.6538 0.7557
vn -0.1802 -0.2534 0.9504
vn -0.7764 -0.2698 0.5696
vn -0.6920 -0.6503 0.3134
vn -0.9557 -0.2922 0.0370
vn -0.6527 -0.6715 0.3508
vn -0.5342 -0.3299 0.7783
vn -0.5324 -0.3193 0.7840
vn -0.0414 -0.6696 0.7416
vn -0.5404 0.1413 0.8295
vn -0.5397 0.1430 0.8296
vn -0.5400 0.1910 0.8197
vn -0.5402 0.1928 0.8192
vn -0.5450 0.2333 0.8053
vn -0.5454 0.2347 0.8047
vn -0.5523 0.2722 0.7880
vn -0.5528 0.2734 0.7872
vn -0.4798 0.5776 0.6604
vn -0.4690 0.5957 0.6521
vn -0.0502 0.7990 0.5992
vn 0.4694 0.5141 0.7179
vn 0.0496 0.7879 0.6138
vn 0.3853 0.4580 0.8011
vn 0.5538 0.1438 0.8201
vn 0.3915 0.1848 0.9014
vn 0.5470 0.1395 0.8254
vn -0.1515 0.5323 0.8329
vn -0.7127 0.5186 0.4723
vn -0.6080 0.7640 0.2159
vn 0.3875 0.1727 0.9055
vn 0.5440 0.1336 0.8284
vn -0.1709 0.2681 0.9481
vn -0.8072 0.2505 0.5344
vn -0.9023 0.4311 0.0071
vn -0.8671 0.4899 -0.0899
vn -0.5323 0.7891 0.3065
vn -0.9855 0.1137 -0.1256
vn -0.9877 0.1525 0.0332
vn -0.9894 0.0824 -0.1196
vn -0.9926 0.1147 0.0399
vn -0.9924 0.0426 -0.1151
vn -0.8123 0.2062 0.5456
vn -0.9965 0.0713 0.0429
vn -0.9940 0.0237 -0.1072
vn -0.1702 0.2355 0.9569
vn -0.8180 0.1579 0.5531
vn -0.9974 0.0477 0.0533
vn -0.9422 -0.3256 -0.0793
vn 0.3960 0.1581 0.9045
vn 0.5557 0.1064 0.8245
vn -0.1634 0.2013 0.9658
vn 0.4052 0.1233 0.9059
vn 0.5222 -0.2966 0.7996
vn -0.8199 0.1165 0.5605
vn -0.1652 0.1537 0.9742
vn 0.4135 -0.2536 0.8745
vn 0.0259 -0.6460 0.7629
vn -0.1814 -0.2508 0.9509
vn -0.7782 -0.2632 0.5702
vn -0.6971 -0.6429 0.3174
vn -0.9573 -0.2866 0.0374
vn -0.6533 -0.6679 0.3564
vn -0.0436 -0.6754 0.7362
vn -0.5184 -0.3167 0.7943
vn -0.5161 -0.3220 0.7937
vn -0.5444 0.1436 0.8265
vn -0.5454 0.1451 0.8255
vn -0.5724 0.1915 0.7973
vn -0.5728 0.1931 0.7966
vn -0.5584 0.2350 0.7956
vn -0.5576 0.2359 0.7959
vn -0.5341 0.2747 0.7995
vn -0.5337 0.2751 0.7997
vn -0.4551 0.5835 0.6726
vn -0.4498 0.5923 0.6685
vn -0.0483 0.7989 0.5995
vn -0.0120 0.8076 0.5896
vn 0.4680 0.5143 0.7187
vn 0.3588 0.4597 0.8124
vn 0.5655 0.1188 0.8161
vn 0.3655 0.1710 0.9150
vn 0.5543 0.1176 0.8240
vn -0.2435 0.5318 0.8111
vn -0.6629 0.5578 0.4994
vn -0.4907 0.7951 0.3564
vn 0.3779 0.1592 0.9121
vn 0.5566 0.1229 0.8216
vn -0.2738 0.2688 0.9235
vn -0.7368 0.2769 0.6168
vn -0.7839 0.5546 0.2792
vn -0.5824 0.7890 0.1956
vn -0.8762 0.2743 0.3963
vn -0.8237 0.5569 0.1070
vn -0.6099 0.7895 0.0685
vn -0.9451 0.2685 0.1865
vn -0.8287 0.5594 0.0169
vn -0.6151 0.7884 0.0099
vn -0.9644 0.2608 0.0441
vn -0.8247 0.5357 -0.1816
vn -0.6074 0.7821 -0.1392
vn -0.9457 0.2500 -0.2075
vn -0.6072 0.4816 -0.6320
vn -0.4404 0.7701 -0.4615
vn -0.3673 0.4808 -0.7962
vn -0.2787 0.7388 -0.6136
vn -0.4201 0.1128 -0.9004
vn -0.6971 0.1856 -0.6925
vn -0.4284 0.0795 -0.9001
vn -0.7132 0.1265 -0.6895
vn -0.4317 0.0317 -0.9015
vn -0.9626 0.1693 -0.2115
vn -0.7189 0.0508 -0.6932
vn -0.4334 0.0067 -0.9012
vn -0.9815 0.1826 0.0572
vn -0.9750 0.0671 -0.2118
vn -0.7194 0.0099 -0.6945
vn -0.6727 -0.3519 -0.6509
vn -0.4108 -0.3395 -0.8461
vn -0.3159 -0.6892 -0.6521
vn -0.5191 -0.7015 -0.4883
vn -0.9154 -0.3554 -0.1887
vn -0.7083 -0.6891 -0.1529
vn -0.9780 0.0116 -0.2082
vn -0.9947 0.0785 0.0665
vn -0.9974 0.0217 0.0687
vn -0.9315 -0.3586 0.0602
vn -0.7279 -0.6840 0.0481
vn -0.9527 0.2002 0.2288
vn -0.9638 0.1080 0.2438
vn -0.8663 0.2184 0.4493
vn -0.9703 0.0536 0.2360
vn -0.8728 0.1447 0.4661
vn -0.7211 0.2308 0.6532
vn -0.9188 -0.3338 0.2108
vn -0.7219 -0.6724 0.1635
vn -0.8885 0.0948 0.4490
vn -0.8554 -0.3081 0.4163
vn -0.6754 -0.6615 0.3260
vn -0.7251 0.1770 0.6655
vn -0.7425 0.1310 0.6569
vn -0.7198 -0.2847 0.6331
vn -0.5731 -0.6488 0.5005
vn -0.2497 0.2352 0.9393
vn -0.2503 0.2019 0.9469
vn 0.3807 0.1531 0.9119
vn 0.5589 0.1009 0.8231
vn 0.3843 0.1216 0.9152
vn 0.5157 -0.3115 0.7981
vn -0.2513 0.1560 0.9553
vn 0.3786 -0.2694 0.8855
vn -0.0442 -0.6706 0.7405
vn -0.2717 -0.2511 0.9290
vn 0.9206 -0.3574 -0.1571
vn 0.9191 0.3615 -0.1566
vn 0.9525 0.3045 -0.0000
vn 0.7200 0.6939 0.0068
vn 0.7101 0.6939 -0.1192
vn 0.5985 0.6951 -0.3983
vn 0.9230 -0.3848 -0.0000
vn 0.7757 0.3566 -0.5207
vn 0.3772 0.7050 -0.6006
vn 0.7142 -0.6885 -0.1257
vn 0.7270 -0.6866 -0.0000
vn 0.6001 -0.6951 -0.3957
vn 0.7759 -0.3563 -0.5206
vn 0.3758 -0.7080 -0.5979
vn 0.4849 0.3679 -0.7935
vn 0.3280 0.4060 -0.8530
vn 0.4463 0.7207 -0.5304
vn 0.4837 -0.3690 -0.7936
vn 0.3280 -0.4021 -0.8548
vn 0.4496 -0.7156 -0.5346
vn 0.3360 0.7534 -0.5653
vn 0.7896 0.4045 -0.4615
vn 0.8184 0.3184 -0.4783
vn 0.7909 -0.4004 -0.4628
vn 0.8189 -0.3160 -0.4791
vn 0.3384 -0.7486 -0.5702
vn -0.0000 0.3170 -0.9484
vn -0.0000 0.7133 -0.7008
vn -0.0000 0.3369 -0.9415
vn -0.0000 -0.3344 -0.9424
vn -0.0000 -0.3737 -0.9276
vn -0.0000 -0.7082 -0.7060
vn 0.7757 0.1576 0.6111
vn 0.6540 0.5251 0.5446
vn 0.5969 0.4684 0.6515
vn 0.2142 0.7937 0.5693
vn 0.1325 0.8054 0.5778
vn 0.6483 0.1939 0.7363
vn 0.7728 0.1392 0.6192
vn 0.0868 0.5312 0.8428
vn -0.5814 0.5029 0.6396
vn -0.5475 0.7618 0.3464
vn 0.6561 0.1701 0.7353
vn 0.7818 0.1195 0.6119
vn 0.1101 0.2663 0.9576
vn -0.6501 0.2229 0.7264
vn -0.8928 0.4003 0.2067
vn -0.8819 0.4617 0.0958
vn -0.4562 0.7833 0.4222
vn -0.9939 0.0627 0.0912
vn -0.2788 0.5867 0.7603
vn -0.2827 0.5704 0.7712
vn -0.3527 0.2627 0.8981
vn -0.3532 0.2612 0.8983
vn -0.3505 0.2310 0.9076
vn -0.3502 0.2301 0.9080
vn -0.3435 0.2009 0.9174
vn -0.3432 0.1999 0.9177
vn -0.3410 0.1536 0.9274
vn -0.3408 0.1524 0.9277
vn -0.3204 -0.3195 0.8918
vn -0.3226 -0.3269 0.8883
vn -0.5494 -0.6750 0.4924
vn -0.5919 -0.6608 0.4615
vn -0.9369 -0.3268 0.1246
vn -0.9254 -0.2849 0.2500
vn -0.6097 -0.2681 0.7459
vn -0.9596 0.0634 0.2742
vn -0.9931 0.0381 0.1106
vn -0.6511 0.1322 0.7474
vn 0.2463 -0.6548 0.7145
vn 0.1019 -0.2547 0.9616
vn -0.9589 0.0825 0.2715
vn -0.9932 0.0490 0.1052
vn -0.6487 0.1718 0.7414
vn 0.1263 0.1563 0.9796
vn 0.1172 0.2030 0.9721
vn -0.9595 0.0910 0.2668
vn -0.9937 0.0506 0.0995
vn -0.6511 0.1970 0.7330
vn 0.1195 0.2366 0.9642
vn -0.9596 0.1059 0.2606
vn 0.6564 0.1466 0.7400
vn 0.7815 0.0908 0.6173
vn 0.6635 0.1114 0.7399
vn 0.7384 -0.3014 0.6032
vn 0.6594 -0.2564 0.7067
vn 0.1871 -0.6732 0.7154
vn -0.5192 -0.6719 0.5281
vn -0.2582 -0.3170 0.9126
vn -0.2598 -0.3228 0.9101
vn -0.2418 0.1524 0.9583
vn -0.2418 0.1535 0.9581
vn -0.2754 0.2012 0.9401
vn -0.2757 0.2022 0.9397
vn -0.2486 0.2319 0.9404
vn -0.2489 0.2327 0.9402
vn -0.2837 0.2624 0.9223
vn -0.2840 0.2638 0.9218
vn -0.2215 0.5701 0.7912
vn -0.2199 0.5888 0.7778
vn -0.4266 0.7844 0.4503
vn -0.5647 0.7361 0.3732
vn -0.8807 0.4488 0.1516
vn -0.8880 0.3837 0.2534
vn -0.9853 0.0599 0.1598
vn -0.5869 0.4850 0.6484
vn -0.9475 0.0991 0.3041
vn -0.9840 0.0550 0.1692
vn 0.0036 0.8064 0.5914
vn -0.9465 0.0886 0.3102
vn -0.9827 0.0489 0.1784
vn -0.6511 0.2129 0.7285
vn 0.0044 0.5457 0.8380
vn 0.6722 0.4814 0.5625
vn 0.4856 0.7902 0.3737
vn 0.8541 0.4726 0.2169
vn 0.6697 0.7234 0.1676
vn 0.9669 0.0698 0.2456
vn 0.7315 0.1845 0.6564
vn 0.9687 0.0605 0.2406
vn 0.0033 0.2711 0.9626
vn 0.7319 0.1635 0.6615
vn 0.9697 0.0512 0.2388
vn -0.6498 0.1889 0.7362
vn 0.0024 0.2402 0.9707
vn 0.7346 0.1413 0.6637
vn 0.9712 0.0387 0.2353
vn -0.9451 0.0773 0.3175
vn -0.9824 0.0383 0.1827
vn -0.6505 0.1631 0.7418
vn -0.9438 0.0602 0.3250
vn -0.9281 -0.3200 0.1901
vn 0.0021 0.2080 0.9781
vn 0.7305 0.1082 0.6743
vn 0.9237 -0.3134 0.2203
vn -0.6474 0.1258 0.7517
vn -0.0024 0.1584 0.9874
vn 0.6916 -0.3109 0.6520
vn 0.5076 -0.7149 0.4809
vn 0.7165 -0.6766 0.1697
vn 0.0010 -0.2777 0.9607
vn 0.0017 -0.6736 0.7391
vn -0.6038 -0.2664 0.7513
vn -0.5992 -0.6425 0.4776
vn -0.9134 -0.2777 0.2976
vn 0.0008 1.0000 0.0005
vn -0.0014 0.9999 0.0112
vn -0.0003 1.0000 0.0062
vn 0.0027 1.0000 -0.0020
vn 0.0006 1.0000 -0.0054
vn -0.0031 1.0000 -0.0080
vn 0.0001 -1.0000 -0.0004
vn -0.0011 -1.0000 0.0003
vn -0.0009 -1.0000 -0.0004
vn -0.0024 -1.0000 0.0004
vn -0.0029 -1.0000 0.0011
vn -0.0033 -1.0000 0.0025
vn -0.0034 -1.0000 0.0039
vn 0.0005 -1.0000 0.0014
vn 0.0003 -1.0000 -0.0000
vn 0.0006 -1.0000 0.0017
vn -0.0000 -1.0000 0.0033
vn -0.1709 -0.6358 0.7527
vn -0.3283 -0.5699 0.7533
vn -0.4465 -0.7732 0.4503
vn -0.4661 -0.4654 0.7524
vn -0.1250 -0.2147 0.9686
vn -0.1746 -0.1758 0.9688
vn -0.0635 -0.2407 0.9685
vn 0.1671 0.2179 0.9616
vn -0.2153 -0.1233 0.9687
vn -0.6318 -0.6320 0.4488
vn -0.7739 -0.4467 0.4489
vn -0.6721 -0.6720 0.3109
vn -0.4758 -0.8226 0.3113
vn -0.8235 -0.4755 0.3095
vn -0.2458 -0.9176 0.3124
vn -0.9178 -0.2460 0.3116
vn -0.2308 -0.8623 0.4506
vn 0.0001 -0.9498 0.3128
vn 0.0008 -0.6580 0.7530
vn -0.0000 -0.8925 0.4511
vn 0.2458 -0.9176 0.3124
vn 0.2309 -0.8623 0.4507
vn 0.4464 -0.7732 0.4504
vn 0.4757 -0.8227 0.3113
vn 0.1697 -0.6358 0.7530
vn 0.3293 -0.5695 0.7532
vn 0.6320 -0.6318 0.4488
vn 0.6723 -0.6718 0.3110
vn 0.4656 -0.4665 0.7521
vn 0.7737 -0.4468 0.4491
vn 0.8232 -0.4750 0.3110
vn 0.0651 -0.2396 0.9687
vn -0.0007 -0.2488 0.9685
vn 0.1233 -0.2160 0.9686
vn 0.0358 0.2727 0.9614
vn -0.1048 0.2537 0.9616
vn 0.1764 -0.1752 0.9686
vn 0.0795 0.6089 0.7893
vn 0.3738 0.4874 0.7891
vn -0.2343 0.5671 0.7896
vn 0.5669 0.2351 0.7895
vn -0.2174 0.1669 0.9617
vn -0.4864 0.3734 0.7899
vn -0.6089 0.0797 0.7892
vn 0.2536 0.1049 0.9616
vn 0.6084 -0.0807 0.7895
vn -0.2725 0.0359 0.9615
vn -0.5672 -0.2346 0.7895
vn 0.2720 -0.0356 0.9616
vn -0.2394 -0.0653 0.9687
vn 0.2187 -0.1674 0.9613
vn 0.4877 -0.3744 0.7887
vn -0.2486 0.0009 0.9686
vn -0.6371 -0.1702 0.7517
vn -0.5700 -0.3296 0.7526
vn -0.8631 -0.2309 0.4491
vn -0.6588 -0.0008 0.7524
vn -0.2403 0.0634 0.9686
vn -0.8933 -0.0002 0.4495
vn -0.9503 -0.0001 0.3115
vn -0.6364 0.1708 0.7522
vn -0.8630 0.2309 0.4495
vn -0.9179 0.2458 0.3117
vn -0.8272 0.3419 0.4459
vn -0.8791 0.3643 0.3072
vn -0.5344 0.2615 0.8037
vn -0.2146 0.1250 0.9687
vn -0.1758 0.1742 0.9689
vn -0.3153 0.3171 0.8944
vn 0.1049 -0.2535 0.9616
vn -0.1235 0.2158 0.9686
vn -0.2256 0.3881 0.8936
vn -0.1145 0.4334 0.8939
vn 0.2343 -0.5672 0.7895
vn -0.0651 0.2396 0.9687
vn -0.0015 0.4489 0.8936
vn -0.0358 -0.2725 0.9615
vn 0.0007 0.2488 0.9685
vn -0.0796 -0.6091 0.7891
vn 0.0635 0.2407 0.9685
vn 0.1175 0.4333 0.8935
vn 0.2233 0.3890 0.8938
vn -0.1670 -0.2180 0.9616
vn 0.1253 0.2147 0.9686
vn -0.3735 -0.4877 0.7891
vn 0.1746 0.1760 0.9688
vn 0.3172 0.3157 0.8943
vn 0.2157 0.1233 0.9686
vn 0.5338 0.2634 0.8036
vn -0.2536 -0.1047 0.9616
vn 0.2395 0.0650 0.9687
vn 0.6366 0.1697 0.7523
vn 0.2481 -0.0008 0.9687
vn 0.8629 0.2313 0.4494
vn 0.8269 0.3420 0.4463
vn 0.8788 0.3637 0.3090
vn 0.9176 0.2462 0.3121
vn 0.9502 -0.0002 0.3115
vn 0.2404 -0.0636 0.9686
vn 0.6584 0.0007 0.7526
vn 0.8934 -0.0001 0.4493
vn 0.6367 -0.1716 0.7517
vn 0.2147 -0.1250 0.9687
vn 0.8632 -0.2313 0.4487
vn 0.9176 -0.2463 0.3121
vn 0.5706 -0.3288 0.7526
vn 0.3867 0.2388 0.8908
vn 0.2093 0.2977 0.9314
vn -0.2280 -0.3246 0.9180
vn 0.4395 0.5838 0.6826
vn 0.5050 0.4874 0.7123
vn 0.7354 0.4580 0.4995
vn 0.2561 0.2465 0.9347
vn 0.6061 0.3499 0.7143
vn 0.7216 0.1060 0.6842
vn 0.6775 0.0855 0.7306
vn 0.7554 0.4509 0.4754
vn 0.0270 -0.4519 0.8916
vn 0.4505 -0.5781 0.6803
vn -0.3980 -0.6017 0.6925
vn -0.0027 -0.8255 0.5644
vn 0.4249 -0.5547 0.7154
vn 0.2571 -0.7531 0.6056
vn -0.2893 -0.2792 0.9156
vn -0.5055 -0.4866 0.7125
vn 0.1259 -0.4961 0.8591
vn -0.0044 -0.8218 0.5697
vn -0.0722 -0.7539 0.6530
vn -0.3503 -0.2020 0.9146
vn -0.6060 -0.3497 0.7145
vn -0.6771 -0.1813 0.7132
vn 0.3032 0.1751 0.9367
vn -0.3913 -0.1048 0.9143
vn -0.6980 -0.0917 0.7102
vn -0.2746 -0.0361 0.9609
vn 0.3387 0.0909 0.9365
vn 0.6763 0.1815 0.7139
vn 0.3504 -0.0000 0.9366
vn 0.7001 0.0001 0.7141
vn 0.3387 -0.0908 0.9365
vn 0.6764 -0.1814 0.7139
vn 0.6061 -0.3497 0.7144
vn 0.3033 -0.1751 0.9367
vn 0.5573 -0.4274 0.7118
vn 0.2797 -0.2145 0.9358
vn -0.2797 -0.2146 0.9358
vn -0.3033 -0.1751 0.9367
vn -0.6061 -0.3496 0.7144
vn -0.5571 -0.4275 0.7119
vn -0.3387 -0.0908 0.9365
vn -0.6764 -0.1814 0.7139
vn -0.7001 0.0001 0.7141
vn -0.3504 -0.0000 0.9366
vn 0.2744 -0.0362 0.9609
vn -0.6763 0.1815 0.7139
vn -0.3387 0.0909 0.9365
vn -0.6060 0.3498 0.7144
vn 0.3903 -0.1044 0.9148
vn 0.6969 -0.0919 0.7112
vn 0.6757 -0.1808 0.7146
vn -0.3033 0.1751 0.9367
vn 0.3502 -0.2019 0.9147
vn 0.6060 -0.3497 0.7145
vn 0.5026 -0.4880 0.7136
vn 0.2881 -0.2804 0.9156
vn 0.3903 -0.6074 0.6919
vn -0.2542 0.2465 0.9352
vn -0.5021 0.4883 0.7138
vn 0.2247 -0.3265 0.9181
vn -0.2046 0.2980 0.9324
vn -0.4356 0.5856 0.6836
vn -0.3856 0.2401 0.8909
vn -0.7361 0.4573 0.4990
vn -0.0293 -0.4494 0.8929
vn -0.0260 -0.8267 0.5620
vn -0.7216 0.1060 0.6842
vn -0.6631 0.0882 0.7433
vn -0.4551 -0.5690 0.6849
vn -0.7470 0.4608 0.4791
vn -0.4187 -0.5533 0.7201
vn -0.2552 -0.7612 0.5962
vn -0.1082 -0.4921 0.8638
vn 0.0025 -0.8261 0.5635
vn -0.2948 0.3867 0.8738
vn -0.3260 0.8028 0.4992
vn 0.0732 -0.7534 0.6534
vn -0.0137 0.7865 0.6175
vn -0.0261 0.4067 0.9132
vn 0.0161 0.7872 0.6165
vn 0.0287 -0.4189 0.9076
vn -0.0286 -0.4189 0.9076
vn 0.0262 0.4067 0.9132
vn 0.3145 0.3768 0.8713
vn 0.3197 0.7980 0.5110
vn -0.2590 0.9659 -0.0000
vn -0.5006 0.8657 -0.0000
vn 0.2590 0.9659 -0.0000
vn -0.7074 0.7068 -0.0000
vn 0.5006 0.8657 -0.0000
vn -0.8660 0.5001 -0.0000
vn 0.7074 0.7068 -0.0000
vn -0.9658 0.2592 -0.0000
vn 0.8660 0.5001 -0.0000
vn -1.0000 0.0002 -0.0000
vn 0.9658 0.2592 -0.0000
vn -0.9659 -0.2590 -0.0000
vn 1.0000 0.0002 -0.0000
vn -0.9238 -0.3828 -0.0000
vn 0.9659 -0.2590 -0.0000
vn 0.9238 -0.3828 -0.0000
vn 0.3285 0.5700 0.7531
vn 0.4466 0.7730 0.4506
vn 0.2309 0.8623 0.4507
vn 0.2458 0.9176 0.3124
vn 0.4758 0.8226 0.3113
vn 0.6722 0.6719 0.3111
vn -0.0000 0.9498 0.3128
vn 0.6318 0.6319 0.4490
vn 0.7739 0.4469 0.4487
vn 0.8232 0.4750 0.3110
vn -0.0000 0.8925 0.4511
vn 0.8632 0.2312 0.4488
vn 0.9176 0.2463 0.3121
vn 0.9503 0.0003 0.3115
vn -0.2311 0.8623 0.4506
vn -0.2461 0.9175 0.3126
vn -0.0007 0.6581 0.7529
vn -0.4755 0.8227 0.3115
vn 0.1711 0.6358 0.7526
vn -0.1697 0.6360 0.7528
vn 0.0009 0.2488 0.9686
vn 0.1250 0.2147 0.9686
vn 0.4662 0.4657 0.7522
vn -0.1671 -0.2179 0.9616
vn 0.5703 0.3301 0.7522
vn 0.1746 0.1758 0.9688
vn 0.2153 0.1233 0.9687
vn 0.6370 0.1700 0.7518
vn -0.2536 -0.1048 0.9616
vn 0.2395 0.0652 0.9687
vn 0.6585 0.0010 0.7526
vn -0.5669 -0.2351 0.7895
vn -0.3738 -0.4874 0.7891
vn -0.6088 0.0802 0.7893
vn -0.0358 -0.2726 0.9615
vn -0.0794 -0.6090 0.7892
vn -0.2724 0.0361 0.9615
vn -0.4874 0.3752 0.7885
vn -0.0652 0.2395 0.9687
vn 0.1048 -0.2536 0.9616
vn 0.4863 -0.3736 0.7899
vn -0.1234 0.2159 0.9686
vn -0.3294 0.5695 0.7531
vn -0.1765 0.1752 0.9686
vn 0.2173 -0.1670 0.9617
vn 0.2719 -0.0358 0.9617
vn 0.6080 -0.0798 0.7899
vn -0.4463 0.7733 0.4503
vn -0.4656 0.4665 0.7520
vn -0.6318 0.6319 0.4489
vn -0.6721 0.6720 0.3108
vn -0.2145 0.1248 0.9687
vn -0.5704 0.3288 0.7527
vn -0.7738 0.4470 0.4488
vn -0.8235 0.4755 0.3095
vn -0.9178 0.2459 0.3117
vn -0.2400 0.0633 0.9687
vn -0.6367 0.1712 0.7519
vn -0.8633 0.2307 0.4489
vn -0.9503 0.0003 0.3115
vn -0.6588 -0.0004 0.7523
vn -0.2486 0.0008 0.9686
vn -0.8933 0.0002 0.4496
vn -0.9176 -0.2463 0.3120
vn -0.8633 -0.2309 0.4488
vn -0.8793 -0.3633 0.3080
vn -0.8275 -0.3420 0.4452
vn -0.6369 -0.1699 0.7520
vn -0.5333 -0.2633 0.8039
vn -0.2391 -0.0650 0.9688
vn -0.2155 -0.1232 0.9687
vn -0.3171 -0.3157 0.8943
vn -0.1746 -0.1760 0.9688
vn -0.2233 -0.3890 0.8938
vn 0.0358 0.2726 0.9614
vn -0.1253 -0.2147 0.9686
vn -0.1175 -0.4333 0.8935
vn 0.0016 -0.4489 0.8936
vn 0.1146 -0.4330 0.8941
vn 0.2253 -0.3880 0.8937
vn -0.1050 0.2533 0.9617
vn -0.2351 0.5672 0.7893
vn -0.2184 0.1675 0.9614
vn 0.1765 -0.1752 0.9686
vn 0.3161 -0.3181 0.8938
vn 0.2145 -0.1248 0.9687
vn 0.5348 -0.2620 0.8033
vn 0.2401 -0.0632 0.9687
vn 0.2481 -0.0009 0.9687
vn 0.6366 -0.1715 0.7519
vn 0.8632 -0.2312 0.4489
vn 0.8271 -0.3424 0.4457
vn 0.8933 0.0004 0.4494
vn 0.9177 -0.2461 0.3118
vn 0.8787 -0.3641 0.3087
vn -0.5919 -0.7729 0.2286
vn -0.5924 -0.7728 0.2276
vn -0.3703 -0.9023 0.2207
vn -0.3691 -0.9025 0.2218
vn -0.8996 -0.3721 0.2284
vn -0.9000 -0.3711 0.2285
vn -0.9653 0.1272 0.2281
vn -0.9655 0.1258 0.2279
vn -0.7716 0.5932 0.2297
vn -0.7721 0.5926 0.2297
vn -0.3718 0.8993 0.2302
vn -0.3725 0.8991 0.2298
vn 0.1259 0.9652 0.2294
vn 0.1261 0.9651 0.2297
vn 0.5921 0.7722 0.2305
vn 0.5929 0.7715 0.2308
vn 0.8992 0.3729 0.2290
vn 0.8993 0.3727 0.2289
vn 0.9654 -0.1271 0.2275
vn 0.9656 -0.1268 0.2272
vn 0.7727 -0.5929 0.2266
vn 0.7725 -0.5930 0.2271
vn 0.3706 -0.9009 0.2258
vn 0.3713 -0.9005 0.2264
vn 0.1250 -0.9675 0.2199
vn 0.1269 -0.9668 0.2217
vn -0.3867 -0.2388 0.8908
vn -0.2093 -0.2978 0.9314
vn 0.2280 0.3246 0.9180
vn -0.4395 -0.5838 0.6826
vn -0.5050 -0.4874 0.7123
vn -0.7354 -0.4580 0.4995
vn -0.2561 -0.2465 0.9347
vn -0.6061 -0.3499 0.7143
vn -0.7216 -0.1060 0.6842
vn -0.6775 -0.0855 0.7306
vn -0.7554 -0.4509 0.4754
vn -0.0270 0.4519 0.8916
vn -0.4505 0.5781 0.6803
vn 0.3980 0.6017 0.6925
vn 0.0031 0.8260 0.5637
vn -0.4243 0.5565 0.7143
vn -0.2555 0.7561 0.6026
vn 0.2893 0.2792 0.9156
vn 0.5055 0.4866 0.7125
vn -0.1248 0.4975 0.8584
vn 0.0071 0.8235 0.5672
vn 0.0728 0.7543 0.6524
vn 0.3502 0.2020 0.9146
vn 0.6059 0.3499 0.7145
vn -0.3032 -0.1751 0.9367
vn 0.6758 0.1809 0.7145
vn -0.3387 -0.0909 0.9365
vn -0.6763 -0.1815 0.7139
vn 0.3902 0.1045 0.9148
vn -0.7001 -0.0001 0.7141
vn 0.2743 0.0361 0.9610
vn 0.6971 0.0917 0.7111
vn -0.3387 0.0908 0.9365
vn -0.6764 0.1814 0.7139
vn -0.6061 0.3497 0.7144
vn -0.5573 0.4274 0.7118
vn -0.2797 0.2145 0.9358
vn 0.2797 0.2146 0.9358
vn 0.3033 0.1751 0.9367
vn 0.6061 0.3496 0.7144
vn 0.5571 0.4275 0.7119
vn 0.3387 0.0908 0.9365
vn 0.6763 0.1814 0.7139
vn -0.2747 0.0361 0.9609
vn 0.3504 -0.0001 0.9366
vn 0.7000 -0.0001 0.7141
vn 0.6763 -0.1815 0.7139
vn 0.3387 -0.0909 0.9365
vn 0.6061 -0.3498 0.7143
vn -0.3914 0.1048 0.9142
vn -0.6770 0.1812 0.7133
vn -0.6979 0.0918 0.7103
vn -0.3503 0.2021 0.9146
vn -0.6059 0.3499 0.7145
vn -0.5047 0.4889 0.7115
vn -0.2894 0.2812 0.9150
vn -0.3905 0.6083 0.6911
vn 0.2544 -0.2466 0.9351
vn 0.5027 -0.4884 0.7132
vn -0.2246 0.3265 0.9181
vn 0.2048 -0.2982 0.9323
vn 0.4357 -0.5859 0.6833
vn 0.3856 -0.2403 0.8909
vn 0.7360 -0.4574 0.4990
vn 0.0291 0.4505 0.8923
vn 0.0241 0.8280 0.5602
vn 0.7216 -0.1060 0.6842
vn 0.6631 -0.0881 0.7433
vn 0.4541 0.5705 0.6844
vn 0.7470 -0.4608 0.4791
vn 0.4181 0.5535 0.7203
vn 0.2544 0.7614 0.5962
vn 0.1081 0.4934 0.8631
vn -0.0039 0.8280 0.5608
vn 0.2946 -0.3866 0.8739
vn 0.3260 -0.8028 0.4992
vn -0.0740 0.7538 0.6529
vn 0.0137 -0.7865 0.6175
vn 0.0261 -0.4067 0.9132
vn -0.0161 -0.7872 0.6165
vn -0.0287 0.4189 0.9076
vn 0.0287 0.4189 0.9076
vn -0.0262 -0.4066 0.9132
vn -0.3145 -0.3768 0.8713
vn -0.3197 -0.7980 0.5110
vn 0.9915 0.1304 -0.0000
vn 0.9660 0.2585 -0.0000
vn 0.8660 0.5000 -0.0000
vn 0.7198 0.6942 -0.0000
vn 0.5709 0.8210 -0.0000
vn 0.5736 0.8192 -0.0000
vn 0.4574 0.8893 -0.0000
vn 0.4348 0.9005 0.0002
vn 0.3417 0.9398 0.0001
vn 0.3222 0.9467 0.0003
vn 0.2171 0.9762 0.0002
vn 0.2063 0.9785 -0.0000
vn 0.0678 0.9977 -0.0000
vn 0.0646 0.9979 -0.0000
vn -0.0647 0.9979 -0.0000
vn -0.0678 0.9977 -0.0000
vn -0.2169 0.9762 -0.0000
vn -0.2067 0.9784 -0.0000
vn -0.3230 0.9464 -0.0000
vn -0.3440 0.9390 -0.0000
vn -0.4276 0.9040 -0.0000
vn -0.4490 0.8935 -0.0000
vn -0.5610 0.8278 -0.0000
vn -0.5640 0.8257 -0.0000
vn -0.7173 0.6968 -0.0000
vn -0.8660 0.5000 -0.0000
vn -0.9661 0.2582 -0.0000
vn -0.9915 0.1304 -0.0000
vn 0.7154 0.6987 -0.0000
vn 0.5003 0.8658 -0.0000
vn -0.0211 0.9998 -0.0000
vn -0.5366 0.8438 -0.0000
vn -0.8979 0.4401 -0.0000
vn -0.9837 0.1796 -0.0000
vn -0.5454 -0.8382 -0.0000
vn -0.7508 -0.6605 -0.0000
vn -0.9847 -0.1745 -0.0000
vn -0.9320 0.3625 -0.0000
vn -0.6070 0.7947 -0.0000
vn -0.3686 0.9296 -0.0000
vn -0.8647 -0.5023 -0.0000
vn -0.6958 -0.7183 -0.0000
vn -0.9998 0.0214 -0.0000
vn -0.8428 0.5382 -0.0000
vn -0.4399 0.8980 -0.0000
vn -0.1819 0.9833 -0.0000
vn -0.8243 -0.5661 -0.0000
vn -0.9463 -0.3231 -0.0000
vn -0.9764 0.2159 -0.0000
vn -0.7227 0.6912 -0.0000
vn -0.2581 0.9661 -0.0000
vn 0.0140 0.9999 -0.0000
vn -0.9778 -0.2096 -0.0000
vn -0.9980 0.0633 -0.0000
vn -0.8200 0.5723 -0.0000
vn -0.4021 0.9156 -0.0000
vn 0.1325 0.9912 -0.0000
vn 0.3927 0.9197 -0.0000
vn -0.9999 -0.0146 -0.0000
vn -0.9667 0.2560 -0.0000
vn -0.6914 0.7225 -0.0000
vn -0.2157 0.9765 -0.0000
vn 0.3234 0.9463 -0.0000
vn 0.5689 0.8224 -0.0000
vn 0.2055 0.9787 -0.0000
vn -0.0639 0.9980 -0.0000
vn -0.5725 0.8199 -0.0000
vn -0.9158 0.4017 -0.0000
vn -0.9911 -0.1333 -0.0000
vn -0.9182 -0.3962 -0.0000
vn -0.9290 0.3700 -0.0000
vn -0.7942 0.6076 -0.0000
vn -0.3635 0.9316 -0.0000
vn 0.1740 0.9847 -0.0000
vn 0.1741 0.9847 -0.0000
vn 0.6618 0.7497 -0.0000
vn 0.8394 0.5435 -0.0000
vn -0.5253 -0.5287 -0.6668
vn -0.7400 -0.0801 -0.6678
vn -0.6496 -0.3130 -0.6928
vn -0.3857 -0.5940 -0.7060
vn -0.3853 -0.5939 -0.7063
vn -0.7106 0.2224 -0.6675
vn -0.5763 0.4331 -0.6930
vn -0.4105 0.6205 -0.6682
vn -0.2617 0.6578 -0.7063
vn -0.2620 0.6580 -0.7060
vn -0.6163 -0.4161 -0.6686
vn -0.7417 0.0659 -0.6675
vn -0.6979 -0.1800 -0.6933
vn -0.4934 -0.5077 -0.7062
vn -0.4940 -0.5077 -0.7058
vn -0.4807 0.5385 -0.6921
vn -0.6535 0.3575 -0.6672
vn -0.2826 0.6905 -0.6658
vn -0.1292 0.6980 -0.7044
vn -0.1293 0.6980 -0.7044
vn -0.6873 -0.2875 -0.6671
vn -0.7144 0.2093 -0.6677
vn -0.7196 -0.0404 -0.6932
vn -0.5830 -0.4014 -0.7064
vn -0.5826 -0.4015 -0.7067
vn -0.5718 0.4774 -0.6672
vn -0.3671 0.6203 -0.6931
vn -0.1428 0.7299 -0.6685
vn 0.0097 0.7071 -0.7071
vn 0.0097 0.7071 -0.7070
vn -0.7293 -0.1488 -0.6678
vn -0.6600 0.3443 -0.6677
vn -0.7140 0.1004 -0.6929
vn -0.6505 -0.2801 -0.7059
vn -0.6508 -0.2800 -0.7057
vn -0.2381 0.6807 -0.6928
vn -0.4666 0.5803 -0.6675
vn 0.0023 0.7461 -0.6659
vn 0.1475 0.6923 -0.7064
vn 0.1481 0.6914 -0.7071
vn -0.7445 -0.0034 -0.6676
vn -0.5819 0.4671 -0.6657
vn -0.6808 0.2387 -0.6925
vn -0.6927 -0.1478 -0.7059
vn -0.6930 -0.1476 -0.7057
vn -0.3440 0.6601 -0.6678
vn -0.1002 0.7136 -0.6934
vn 0.1480 0.7302 -0.6670
vn 0.2791 0.6500 -0.7069
vn 0.2795 0.6492 -0.7074
vn -0.7308 0.1417 -0.6677
vn -0.4765 0.5708 -0.6687
vn -0.6207 0.3660 -0.6934
vn -0.7081 -0.0101 -0.7060
vn -0.7082 -0.0100 -0.7059
vn -0.2093 0.7143 -0.6678
vn 0.0397 0.7192 -0.6937
vn 0.2873 0.6851 -0.6694
vn 0.4013 0.5827 -0.7067
vn 0.4011 0.5835 -0.7061
vn -0.6886 0.2815 -0.6683
vn -0.3565 0.6538 -0.6674
vn -0.5371 0.4809 -0.6930
vn -0.6967 0.1286 -0.7058
vn -0.6970 0.1292 -0.7053
vn -0.0659 0.7424 -0.6667
vn 0.1793 0.6987 -0.6926
vn 0.4153 0.6181 -0.6674
vn 0.5066 0.4935 -0.7070
vn 0.5066 0.4930 -0.7073
vn -0.6211 0.4118 -0.6668
vn -0.2239 0.7117 -0.6659
vn -0.4338 0.5767 -0.6923
vn -0.6582 0.2619 -0.7059
vn -0.6581 0.2617 -0.7059
vn 0.0805 0.7403 -0.6675
vn 0.3133 0.6491 -0.6932
vn 0.5292 0.5238 -0.6675
vn 0.5945 0.3850 -0.7060
vn 0.5945 0.3850 -0.7059
vn -0.6958 0.7183 -0.0000
vn -0.8647 0.5023 -0.0000
vn -0.9998 -0.0214 -0.0000
vn -0.8436 -0.5370 -0.0000
vn -0.4392 -0.8984 -0.0000
vn -0.4391 -0.8984 -0.0000
vn -0.1774 -0.9841 -0.0000
vn 0.2055 -0.9787 -0.0000
vn -0.0639 -0.9980 -0.0000
vn -0.5725 -0.8199 -0.0000
vn -0.9157 -0.4019 -0.0000
vn -0.9912 0.1321 -0.0000
vn -0.9189 0.3945 -0.0000
vn -0.2565 -0.9665 -0.0000
vn 0.0140 -0.9999 -0.0000
vn -0.7215 -0.6924 -0.0000
vn -0.9764 -0.2160 -0.0000
vn -0.9464 0.3230 -0.0000
vn -0.8243 0.5661 -0.0000
vn -0.9778 0.2096 -0.0000
vn -0.9980 -0.0627 -0.0000
vn -0.8195 -0.5731 -0.0000
vn -0.4007 -0.9162 -0.0000
vn 0.1325 -0.9912 -0.0000
vn 0.3927 -0.9197 -0.0000
vn -0.3686 -0.9296 -0.0000
vn -0.6070 -0.7947 -0.0000
vn -0.9320 -0.3625 -0.0000
vn -0.9847 0.1745 -0.0000
vn -0.7495 0.6620 -0.0000
vn -0.5421 0.8403 -0.0000
vn 0.0023 -0.7461 -0.6659
vn -0.4666 -0.5803 -0.6675
vn -0.2381 -0.6807 -0.6928
vn 0.1475 -0.6923 -0.7064
vn 0.1481 -0.6914 -0.7071
vn -0.6599 -0.3444 -0.6678
vn -0.7140 -0.1003 -0.6929
vn -0.7304 0.1477 -0.6668
vn -0.6510 0.2799 -0.7056
vn -0.6508 0.2800 -0.7057
vn -0.1419 -0.7298 -0.6688
vn -0.5701 -0.4776 -0.6685
vn -0.3660 -0.6198 -0.6942
vn 0.0098 -0.7071 -0.7071
vn 0.0097 -0.7071 -0.7070
vn -0.7195 0.0409 -0.6933
vn -0.7135 -0.2095 -0.6686
vn -0.6873 0.2874 -0.6671
vn -0.5830 0.4014 -0.7064
vn -0.5826 0.4015 -0.7067
vn -0.2805 -0.6886 -0.6687
vn -0.6536 -0.3567 -0.6675
vn -0.4805 -0.5374 -0.6931
vn -0.1282 -0.6973 -0.7052
vn -0.1293 -0.6980 -0.7044
vn -0.6979 0.1799 -0.6933
vn -0.7416 -0.0660 -0.6676
vn -0.6163 0.4161 -0.6686
vn -0.4934 0.5077 -0.7062
vn -0.4940 0.5077 -0.7058
vn -0.4105 -0.6205 -0.6682
vn -0.7107 -0.2226 -0.6673
vn -0.5763 -0.4332 -0.6930
vn -0.2617 -0.6578 -0.7063
vn -0.2620 -0.6580 -0.7060
vn -0.7401 0.0802 -0.6676
vn -0.6491 0.3137 -0.6930
vn -0.5238 0.5295 -0.6673
vn -0.3846 0.5953 -0.7055
vn -0.3848 0.5953 -0.7054
vn 0.5428 0.8399 -0.0000
vn 0.7498 0.6617 -0.0000
vn 0.9847 0.1745 -0.0000
vn 0.9320 -0.3625 -0.0000
vn 0.6072 -0.7945 -0.0000
vn 0.3691 -0.9294 -0.0000
vn 0.8647 0.5023 -0.0000
vn 0.6965 0.7176 -0.0000
vn 0.6965 0.7175 -0.0000
vn 0.9998 -0.0209 -0.0000
vn 0.8434 -0.5374 -0.0000
vn 0.8433 -0.5374 -0.0000
vn 0.4389 -0.8985 -0.0000
vn 0.1776 -0.9841 -0.0000
vn 0.8250 0.5651 -0.0000
vn 0.9466 0.3225 -0.0000
vn 0.9765 -0.2155 -0.0000
vn 0.7217 -0.6922 -0.0000
vn 0.2562 -0.9666 -0.0000
vn -0.0140 -0.9999 -0.0000
vn 0.9778 0.2096 -0.0000
vn 0.9981 -0.0621 -0.0000
vn 0.8196 -0.5729 -0.0000
vn 0.4004 -0.9163 -0.0000
vn -0.1324 -0.9912 -0.0000
vn -0.3927 -0.9197 -0.0000
vn -0.2055 -0.9787 -0.0000
vn 0.0637 -0.9980 -0.0000
vn 0.5723 -0.8200 -0.0000
vn 0.9157 -0.4019 -0.0000
vn 0.9912 0.1321 -0.0000
vn 0.9189 0.3945 -0.0000
vn 0.5243 0.5298 -0.6667
vn 0.7407 0.0801 -0.6671
vn 0.6499 0.3136 -0.6924
vn 0.3848 0.5953 -0.7054
vn 0.5764 -0.4333 -0.6929
vn 0.7107 -0.2226 -0.6673
vn 0.4107 -0.6204 -0.6681
vn 0.2618 -0.6577 -0.7063
vn 0.2621 -0.6578 -0.7061
vn 0.6168 0.4165 -0.6679
vn 0.7417 -0.0657 -0.6675
vn 0.6981 0.1801 -0.6930
vn 0.4937 0.5077 -0.7060
vn 0.4940 0.5077 -0.7058
vn 0.6531 -0.3569 -0.6679
vn 0.4800 -0.5376 -0.6933
vn 0.2804 -0.6886 -0.6687
vn 0.1282 -0.6972 -0.7053
vn 0.1292 -0.6978 -0.7045
vn 0.6882 0.2874 -0.6662
vn 0.7143 -0.2094 -0.6677
vn 0.7201 0.0409 -0.6926
vn 0.5830 0.4014 -0.7064
vn 0.5821 0.4016 -0.7070
vn 0.3661 -0.6200 -0.6940
vn 0.5702 -0.4777 -0.6684
vn 0.1416 -0.7299 -0.6687
vn -0.0098 -0.7071 -0.7071
vn -0.0097 -0.7071 -0.7070
vn 0.7304 0.1477 -0.6668
vn 0.6599 -0.3444 -0.6678
vn 0.7140 -0.1003 -0.6929
vn 0.6510 0.2799 -0.7056
vn 0.6508 0.2800 -0.7057
vn 0.2381 -0.6808 -0.6927
vn 0.4665 -0.5803 -0.6675
vn -0.0025 -0.7460 -0.6660
vn -0.1474 -0.6922 -0.7065
vn -0.1480 -0.6913 -0.7072
vn 0.6965 -0.7176 -0.0000
vn 0.8647 -0.5023 -0.0000
vn 0.6965 -0.7175 -0.0000
vn 0.9998 0.0209 -0.0000
vn 0.8426 0.5386 -0.0000
vn 0.4397 0.8981 -0.0000
vn 0.1822 0.9833 -0.0000
vn -0.8394 0.5435 -0.0000
vn -0.6616 0.7499 -0.0000
vn -0.1737 0.9848 -0.0000
vn 0.3632 0.9317 -0.0000
vn 0.7940 0.6079 -0.0000
vn 0.9290 0.3700 -0.0000
vn -0.7154 0.6987 -0.0000
vn -0.5003 0.8658 -0.0000
vn 0.0211 0.9998 -0.0000
vn 0.5370 0.8436 -0.0000
vn 0.8978 0.4404 -0.0000
vn 0.9835 0.1811 -0.0000
vn -0.5682 0.8229 -0.0000
vn 0.2160 0.9764 -0.0000
vn 0.6916 0.7223 -0.0000
vn 0.9665 0.2567 -0.0000
vn 0.9999 -0.0132 -0.0000
vn -0.2055 0.9787 -0.0000
vn 0.0637 0.9980 -0.0000
vn 0.5723 0.8200 -0.0000
vn 0.9158 0.4017 -0.0000
vn 0.9911 -0.1333 -0.0000
vn 0.9182 -0.3962 -0.0000
vn 0.2578 0.9662 -0.0000
vn -0.0140 0.9999 -0.0000
vn 0.7228 0.6910 -0.0000
vn 0.9765 0.2154 -0.0000
vn 0.9465 -0.3226 -0.0000
vn 0.8250 -0.5651 -0.0000
vn 0.9778 -0.2096 -0.0000
vn 0.9980 0.0627 -0.0000
vn 0.8201 0.5722 -0.0000
vn 0.4019 0.9157 -0.0000
vn -0.1324 0.9912 -0.0000
vn -0.3927 0.9197 -0.0000
vn 0.3691 0.9294 -0.0000
vn 0.6072 0.7945 -0.0000
vn 0.9320 0.3625 -0.0000
vn 0.9847 -0.1745 -0.0000
vn 0.7511 -0.6602 -0.0000
vn 0.5461 -0.8378 -0.0000
vn -0.5291 0.5239 -0.6674
vn -0.0793 0.7397 -0.6683
vn -0.3130 0.6495 -0.6930
vn -0.5945 0.3850 -0.7060
vn -0.5945 0.3850 -0.7059
vn 0.2228 0.7112 -0.6668
vn 0.4330 0.5770 -0.6925
vn 0.6205 0.4116 -0.6675
vn 0.6576 0.2616 -0.7065
vn 0.6575 0.2615 -0.7066
vn -0.4155 0.6185 -0.6669
vn 0.0658 0.7426 -0.6665
vn -0.1798 0.6988 -0.6924
vn -0.5069 0.4938 -0.7065
vn -0.5070 0.4934 -0.7068
vn 0.3570 0.6539 -0.6671
vn 0.5374 0.4808 -0.6929
vn 0.6892 0.2821 -0.6674
vn 0.6966 0.1286 -0.7058
vn 0.6967 0.1287 -0.7057
vn -0.2870 0.6857 -0.6689
vn 0.2094 0.7141 -0.6680
vn -0.0399 0.7193 -0.6936
vn -0.4012 0.5832 -0.7063
vn -0.4010 0.5838 -0.7059
vn 0.6206 0.3662 -0.6934
vn 0.4767 0.5707 -0.6687
vn 0.7308 0.1423 -0.6675
vn 0.7079 -0.0095 -0.7062
vn 0.7079 -0.0095 -0.7063
vn -0.1478 0.7305 -0.6668
vn 0.3438 0.6600 -0.6679
vn 0.1001 0.7136 -0.6934
vn -0.2793 0.6501 -0.7067
vn -0.2797 0.6493 -0.7072
vn 0.6805 0.2385 -0.6928
vn 0.5815 0.4666 -0.6664
vn 0.7444 -0.0036 -0.6677
vn 0.6927 -0.1478 -0.7059
vn 0.6930 -0.1476 -0.7057
vn -0.0025 0.7460 -0.6660
vn 0.4665 0.5803 -0.6675
vn 0.2381 0.6808 -0.6927
vn -0.1474 0.6922 -0.7065
vn -0.1480 0.6913 -0.7072
vn 0.6600 0.3443 -0.6677
vn 0.7140 0.1004 -0.6929
vn 0.7293 -0.1488 -0.6678
vn 0.6505 -0.2801 -0.7059
vn 0.6508 -0.2800 -0.7057
vn 0.1425 0.7300 -0.6684
vn 0.5719 0.4775 -0.6670
vn 0.3671 0.6205 -0.6930
vn -0.0098 0.7071 -0.7071
vn -0.0097 0.7071 -0.7070
vn 0.7203 -0.0405 -0.6925
vn 0.7153 0.2092 -0.6668
vn 0.6882 -0.2874 -0.6662
vn 0.5830 -0.4014 -0.7064
vn 0.5821 -0.4016 -0.7070
vn 0.2825 0.6905 -0.6659
vn 0.6529 0.3576 -0.6677
vn 0.4801 0.5387 -0.6923
vn 0.1293 0.6979 -0.7045
vn 0.1292 0.6979 -0.7045
vn 0.6981 -0.1801 -0.6930
vn 0.7417 0.0657 -0.6675
vn 0.6168 -0.4165 -0.6679
vn 0.4937 -0.5077 -0.7060
vn 0.4940 -0.5077 -0.7058
vn 0.4107 0.6204 -0.6681
vn 0.7108 0.2227 -0.6673
vn 0.5763 0.4333 -0.6929
vn 0.2618 0.6577 -0.7063
vn 0.2621 0.6578 -0.7061
vn 0.6503 -0.3130 -0.6922
vn 0.7407 -0.0801 -0.6670
vn 0.5258 -0.5289 -0.6661
vn 0.3859 -0.5940 -0.7059
vn 0.3853 -0.5939 -0.7063
vn -0.1868 -0.7558 0.6276
vn 0.1868 -0.7558 0.6276
vn 0.4494 -0.4493 0.7721
vn 0.7556 -0.1860 0.6281
vn -0.4494 -0.4493 0.7721
vn -0.7556 -0.1860 0.6281
vn 0.3773 0.2564 0.8899
vn 0.6879 0.2213 0.6913
vn 0.1387 0.4896 0.8609
vn -0.1399 0.4866 0.8623
vn -0.3802 0.2581 0.8882
vn -0.6922 0.2154 0.6888
vn -0.4466 0.4162 0.7921
vn -0.0812 0.3513 0.9327
vn -0.0987 -0.0986 0.9902
vn -0.1611 0.6803 0.7150
vn -0.4579 0.7324 0.5039
vn -0.0016 0.7021 0.7121
vn -0.7403 0.4540 0.4958
vn -0.4349 -0.1409 0.8894
vn -0.7724 -0.2426 0.5870
vn -0.0007 0.3519 0.9360
vn 0.0802 0.3503 0.9332
vn 0.1595 0.6796 0.7160
vn 0.0987 -0.0987 0.9902
vn 0.4463 0.4157 0.7925
vn 0.4574 0.7321 0.5048
vn 0.7404 0.4538 0.4959
vn 0.4349 -0.1409 0.8894
vn 0.7724 -0.2426 0.5870
vn -0.1042 -0.5895 0.8010
vn 0.1043 -0.5895 0.8010
vn -0.5883 -0.1041 0.8019
vn 0.5890 -0.1041 0.8014
vn -0.3384 -0.1507 0.9289
vn 0.3388 -0.1507 0.9287
vn 0.6142 -0.3010 0.7295
vn -0.6136 -0.3012 0.7299
vn 0.3399 -0.5482 0.7641
vn 0.5911 -0.4843 0.6450
vn -0.3395 -0.5483 0.7643
vn -0.5905 -0.4846 0.6453
vn -0.4347 -0.5278 0.7297
vn -0.1053 -0.6266 0.7722
vn -0.1042 -0.0789 0.9914
vn 0.1043 -0.0789 0.9914
vn -0.4346 -0.7290 0.5289
vn -0.7823 -0.5172 0.3473
vn -0.3807 -0.8545 0.3534
vn 0.1054 -0.6265 0.7722
vn 0.4346 -0.7290 0.5289
vn 0.3807 -0.8545 0.3534
vn 0.7822 -0.5172 0.3473
vn 0.4347 -0.5278 0.7297
vn 0.9765 0.0785 -0.2006
vn 0.8684 0.2707 -0.4154
vn 0.8066 0.0648 -0.5875
vn 0.9300 -0.0012 -0.3676
vn 0.9764 0.1664 -0.1377
vn 0.8878 0.3412 -0.3087
vn 0.8233 0.5121 -0.2449
vn 0.9339 -0.3576 -0.0000
vn 0.9538 0.2749 -0.1210
vn 0.8350 0.5238 -0.1686
vn 0.9655 0.2530 -0.0622
vn 0.9578 0.2851 -0.0365
vn 0.8789 0.4737 -0.0570
vn 0.9239 -0.3826 -0.0000
vn -0.3958 0.7480 0.5328
vn -0.4354 0.7335 0.5219
vn 0.4358 0.7329 0.5225
vn 0.3958 0.7472 0.5338
vn -0.9371 0.2845 0.2025
vn 0.9370 0.2845 0.2029
vn -0.9688 0.2021 0.1436
vn 0.9693 0.2005 0.1425
vn -0.9241 -0.3823 -0.0000
vn 0.9241 -0.3823 -0.0000
vn -0.7078 -0.7065 -0.0000
vn 0.3831 -0.9237 -0.0000
vn 0.4607 0.5785 -0.6731
vn 0.3777 0.6393 -0.6698
vn 0.4847 0.7019 -0.5219
vn 0.6072 0.6561 -0.4481
vn 0.2749 0.8152 -0.5098
vn 0.2979 0.6871 -0.6626
vn 0.1380 0.7653 -0.6288
vn 0.1246 0.8631 -0.4894
vn 0.0752 0.7637 -0.6412
vn 0.1532 0.9716 -0.1801
vn 0.3076 0.9334 -0.1849
vn 0.1556 0.9878 -0.0000
vn 0.3121 0.9500 -0.0000
vn 0.5667 0.8031 -0.1840
vn 0.5789 0.8154 -0.0000
vn 0.6793 0.7205 -0.1396
vn 0.6860 0.7276 -0.0000
vn 0.4579 -0.8890 -0.0000
vn 0.3827 -0.9239 -0.0000
vn -0.3827 -0.9239 -0.0000
vn -0.4579 -0.8890 -0.0000
vn -0.4848 0.7019 -0.5219
vn -0.3777 0.6393 -0.6698
vn -0.4608 0.5784 -0.6731
vn -0.6072 0.6561 -0.4481
vn -0.2752 0.8149 -0.5101
vn -0.2978 0.6872 -0.6626
vn -0.5668 0.8031 -0.1840
vn -0.1383 0.7645 -0.6296
vn -0.6793 0.7205 -0.1396
vn -0.1253 0.8621 -0.4910
vn -0.0751 0.7627 -0.6424
vn -0.1546 0.9714 -0.1802
vn -0.3083 0.9331 -0.1850
vn -0.5789 0.8154 -0.0000
vn -0.6860 0.7276 -0.0000
vn -0.3128 0.9498 -0.0000
vn -0.1569 0.9876 -0.0000
vn 0.1755 0.6192 -0.7654
vn 0.4320 -0.0636 -0.8997
vn 0.3469 0.4709 -0.8111
vn 0.2558 0.8897 -0.3781
vn 0.3459 0.9140 -0.2123
vn 0.8897 0.3901 -0.2372
vn 0.3460 0.9143 0.2108
vn 0.9237 -0.1383 -0.3572
vn 0.2178 0.9717 -0.0916
vn 0.2611 0.8887 0.3770
vn 0.2507 0.6627 0.7057
vn 0.1375 0.9167 0.3753
vn 0.0586 0.3913 0.9184
vn 0.1297 0.5997 0.7896
vn -0.0000 0.4000 0.9165
vn -0.0000 0.9267 0.3757
vn -0.0587 0.3913 0.9184
vn -0.1749 0.6247 0.7610
vn -0.1374 0.9167 0.3752
vn -0.2611 0.8887 0.3770
vn -0.3460 0.9143 0.2108
vn -0.3459 0.9140 -0.2123
vn -0.2558 0.8897 -0.3781
vn -0.1755 0.6191 -0.7654
vn -0.2178 0.9717 -0.0916
vn -0.3464 0.4705 -0.8116
vn -0.4323 -0.0641 -0.8995
vn -0.8894 0.3907 -0.2371
vn -0.9240 -0.1367 -0.3571
vn -0.0000 0.9267 -0.3759
vn -0.4579 0.8060 -0.3752
vn -0.9199 0.2093 -0.3318
vn -0.9066 -0.1340 -0.4002
vn -0.3629 0.2831 -0.8878
vn -0.3319 -0.0488 -0.9421
vn -0.0000 0.4004 -0.9164
vn 0.3316 -0.0492 -0.9421
vn 0.3631 0.2828 -0.8878
vn 0.9063 -0.1354 -0.4003
vn 0.4579 0.8060 -0.3752
vn 0.9200 0.2085 -0.3318
vn 0.2590 -0.9659 -0.0000
vn 0.5006 -0.8657 -0.0000
vn -0.2590 -0.9659 -0.0000
vn 0.7074 -0.7068 -0.0000
vn -0.5006 -0.8657 -0.0000
vn 0.8660 -0.5001 -0.0000
vn -0.7074 -0.7068 -0.0000
vn 0.9658 -0.2592 -0.0000
vn -0.8660 -0.5001 -0.0000
vn 1.0000 -0.0002 -0.0000
vn -0.9658 -0.2592 -0.0000
vn 0.9659 0.2590 -0.0000
vn -1.0000 -0.0002 -0.0000
vn -0.9659 0.2590 -0.0000
vn -0.9238 0.3828 -0.0000
vn 0.3726 0.9019 0.2187
vn 0.5935 0.7718 0.2281
vn 0.5930 0.7726 0.2269
vn 0.3715 0.9026 0.2175
vn 0.8996 0.3725 0.2280
vn 0.8998 0.3715 0.2289
vn 0.9654 -0.1261 0.2283
vn 0.9653 -0.1275 0.2278
vn 0.7719 -0.5930 0.2294
vn 0.7724 -0.5921 0.2298
vn 0.3727 -0.8991 0.2297
vn 0.3716 -0.8996 0.2296
vn -0.1259 -0.9652 0.2293
vn -0.1262 -0.9650 0.2297
vn -0.5920 -0.7724 0.2302
vn -0.5926 -0.7716 0.2311
vn -0.8994 -0.3723 0.2292
vn -0.8993 -0.3727 0.2287
vn -0.9654 0.1273 0.2274
vn -0.9655 0.1269 0.2273
vn -0.7723 0.5934 0.2268
vn -0.7725 0.5930 0.2271
vn -0.3727 0.9000 0.2258
vn -0.3728 0.9000 0.2260
vn -0.1276 0.9676 0.2178
vn -0.1270 0.9678 0.2172
vn -0.9915 -0.1304 -0.0000
vn -0.9661 -0.2582 -0.0000
vn -0.8662 -0.4997 -0.0000
vn -0.7198 -0.6942 -0.0000
vn -0.5709 -0.8210 -0.0000
vn -0.5736 -0.8192 -0.0000
vn -0.4588 -0.8885 -0.0000
vn -0.4351 -0.9004 -0.0002
vn -0.3450 -0.9386 -0.0002
vn -0.3241 -0.9460 -0.0003
vn -0.2163 -0.9763 -0.0003
vn -0.2067 -0.9784 -0.0000
vn -0.0659 -0.9978 -0.0000
vn -0.0629 -0.9980 -0.0000
vn 0.0628 -0.9980 -0.0000
vn 0.0659 -0.9978 -0.0000
vn 0.2178 -0.9760 -0.0000
vn 0.2071 -0.9783 -0.0000
vn 0.3227 -0.9465 -0.0000
vn 0.3416 -0.9399 -0.0000
vn 0.4264 -0.9045 -0.0000
vn 0.4492 -0.8934 -0.0000
vn 0.5613 -0.8276 -0.0000
vn 0.5643 -0.8256 -0.0000
vn 0.7171 -0.6970 -0.0000
vn 0.8662 -0.4996 -0.0000
vn 0.9660 -0.2585 -0.0000
vn 0.9915 -0.1304 -0.0000
vn 0.8394 -0.5435 -0.0000
vn 0.6618 -0.7497 -0.0000
vn 0.6616 -0.7499 -0.0000
vn 0.1737 -0.9848 -0.0000
vn 0.1741 -0.9847 -0.0000
vn -0.3635 -0.9316 -0.0000
vn -0.7942 -0.6076 -0.0000
vn -0.9290 -0.3700 -0.0000
vn 0.7154 -0.6987 -0.0000
vn 0.5019 -0.8649 -0.0000
vn -0.0212 -0.9998 -0.0000
vn -0.5383 -0.8428 -0.0000
vn -0.8979 -0.4401 -0.0000
vn -0.9837 -0.1796 -0.0000
vn 0.5689 -0.8224 -0.0000
vn 0.3234 -0.9463 -0.0000
vn -0.2157 -0.9765 -0.0000
vn -0.6914 -0.7225 -0.0000
vn -0.9667 -0.2560 -0.0000
vn -0.9999 0.0146 -0.0000
vn 0.5291 -0.5239 -0.6675
vn 0.0793 -0.7397 -0.6683
vn 0.3130 -0.6495 -0.6930
vn 0.5945 -0.3850 -0.7060
vn 0.5945 -0.3850 -0.7059
vn -0.2230 -0.7112 -0.6667
vn -0.4335 -0.5771 -0.6922
vn -0.6211 -0.4118 -0.6668
vn -0.6582 -0.2619 -0.7059
vn -0.6581 -0.2617 -0.7059
vn 0.4159 -0.6173 -0.6677
vn -0.0653 -0.7409 -0.6684
vn 0.1802 -0.6971 -0.6939
vn 0.5066 -0.4935 -0.7070
vn 0.5066 -0.4930 -0.7073
vn -0.5374 -0.4804 -0.6931
vn -0.3581 -0.6535 -0.6669
vn -0.6886 -0.2815 -0.6683
vn -0.6967 -0.1286 -0.7058
vn -0.6970 -0.1292 -0.7053
vn 0.2873 -0.6851 -0.6694
vn -0.2089 -0.7150 -0.6672
vn 0.0400 -0.7191 -0.6937
vn 0.4013 -0.5828 -0.7067
vn 0.4011 -0.5835 -0.7061
vn -0.4773 -0.5708 -0.6681
vn -0.6208 -0.3657 -0.6935
vn -0.7308 -0.1417 -0.6677
vn -0.7081 0.0101 -0.7060
vn -0.7082 0.0100 -0.7059
vn 0.1480 -0.7302 -0.6670
vn -0.3434 -0.6597 -0.6685
vn -0.1003 -0.7136 -0.6934
vn 0.2791 -0.6500 -0.7069
vn 0.2795 -0.6492 -0.7074
vn -0.5795 -0.4669 -0.6680
vn -0.6804 -0.2382 -0.6930
vn -0.7444 0.0037 -0.6677
vn -0.6927 0.1478 -0.7059
vn -0.6930 0.1476 -0.7057
vn -0.7154 -0.6987 -0.0000
vn -0.5019 -0.8649 -0.0000
vn 0.0212 -0.9998 -0.0000
vn 0.5386 -0.8425 -0.0000
vn 0.8978 -0.4404 -0.0000
vn 0.9835 -0.1811 -0.0000
vn 0.9999 0.0132 -0.0000
vn 0.9665 -0.2567 -0.0000
vn 0.6916 -0.7223 -0.0000
vn 0.2160 -0.9764 -0.0000
vn -0.3230 -0.9464 -0.0000
vn -0.5682 -0.8229 -0.0000
vn 0.9290 -0.3700 -0.0000
vn 0.7940 -0.6079 -0.0000
vn 0.3632 -0.9317 -0.0000
vn -0.1737 -0.9848 -0.0000
vn -0.6616 -0.7499 -0.0000
vn -0.8394 -0.5435 -0.0000
vn 0.7443 0.0040 -0.6678
vn 0.5793 -0.4664 -0.6684
vn 0.6802 -0.2379 -0.6934
vn 0.6927 0.1478 -0.7059
vn 0.6930 0.1476 -0.7057
vn 0.3432 -0.6599 -0.6684
vn 0.1001 -0.7136 -0.6934
vn -0.1478 -0.7305 -0.6668
vn -0.2793 -0.6501 -0.7067
vn -0.2797 -0.6493 -0.7072
vn 0.7308 -0.1423 -0.6675
vn 0.4773 -0.5707 -0.6682
vn 0.6207 -0.3659 -0.6935
vn 0.7079 0.0095 -0.7062
vn 0.7079 0.0095 -0.7063
vn -0.0401 -0.7192 -0.6936
vn 0.2092 -0.7146 -0.6675
vn -0.2871 -0.6857 -0.6689
vn -0.4012 -0.5832 -0.7064
vn -0.4010 -0.5838 -0.7059
vn 0.6892 -0.2821 -0.6674
vn 0.3584 -0.6534 -0.6668
vn 0.5376 -0.4804 -0.6930
vn 0.6966 -0.1286 -0.7058
vn 0.6967 -0.1287 -0.7057
vn 0.0653 -0.7409 -0.6684
vn -0.1806 -0.6973 -0.6937
vn -0.4161 -0.6178 -0.6672
vn -0.5069 -0.4938 -0.7065
vn -0.5070 -0.4934 -0.7068
vn 0.6205 -0.4116 -0.6675
vn 0.2228 -0.7112 -0.6668
vn 0.4330 -0.5770 -0.6925
vn 0.6576 -0.2616 -0.7065
vn 0.6575 -0.2615 -0.7066
vn -0.3130 -0.6495 -0.6930
vn -0.0793 -0.7396 -0.6683
vn -0.5291 -0.5239 -0.6675
vn -0.5945 -0.3850 -0.7060
vn -0.5945 -0.3850 -0.7059
vn -0.6974 0.2321 -0.6780
vn -0.7154 0.1436 -0.6838
vn -0.8459 0.1751 -0.5038
vn -0.8226 0.2732 -0.4986
vn -0.7750 0.3786 -0.5060
vn -0.8576 0.0827 -0.5077
vn -0.6582 0.3192 -0.6818
vn -0.5264 0.1753 -0.8320
vn -0.5412 0.1039 -0.8345
vn -0.4956 0.2381 -0.8353
vn -0.7178 0.4935 -0.4911
vn -0.4618 0.3143 -0.8294
vn -0.6130 0.4193 -0.6696
vn -0.5255 0.5258 -0.6689
vn -0.6163 0.6163 -0.4902
vn -0.3985 0.3983 -0.8261
vn -0.4842 0.7249 -0.4900
vn -0.3132 0.4687 -0.8259
vn -0.4130 0.6183 -0.6686
vn -0.2157 0.5211 -0.8258
vn -0.2845 0.6868 -0.6688
vn -0.3335 0.8051 -0.4904
vn -0.1100 0.5530 -0.8259
vn -0.1699 0.8546 -0.4906
vn -0.1450 0.7290 -0.6689
vn -0.0000 0.8718 -0.4899
vn -0.0000 0.7436 -0.6686
vn -0.0000 0.5634 -0.8262
vn 0.1100 0.5530 -0.8259
vn 0.1450 0.7291 -0.6689
vn 0.1698 0.8547 -0.4906
vn 0.2843 0.6869 -0.6689
vn 0.2156 0.5211 -0.8258
vn 0.3334 0.8052 -0.4904
vn 0.4131 0.6182 -0.6687
vn 0.3132 0.4686 -0.8260
vn 0.4843 0.7248 -0.4899
vn 0.5255 0.5258 -0.6689
vn 0.3985 0.3983 -0.8261
vn 0.6163 0.6163 -0.4902
vn 0.4618 0.3144 -0.8294
vn 0.7177 0.4935 -0.4913
vn 0.6128 0.4194 -0.6698
vn 0.6581 0.3192 -0.6819
vn 0.4956 0.2381 -0.8353
vn 0.7750 0.3786 -0.5060
vn 0.5263 0.1752 -0.8321
vn 0.6974 0.2319 -0.6781
vn 0.8227 0.2730 -0.4986
vn 0.8459 0.1749 -0.5038
vn 0.7154 0.1434 -0.6839
vn 0.5412 0.1039 -0.8345
vn 0.8576 0.0829 -0.5076
vn 0.7235 0.0720 -0.6865
vn 0.5489 0.0578 -0.8339
vn 0.5545 -0.0000 -0.8322
vn 0.7324 -0.0000 -0.6809
vn 0.8662 -0.0000 -0.4996
vn 0.8576 -0.0829 -0.5076
vn 0.7235 -0.0720 -0.6865
vn 0.5489 -0.0579 -0.8339
vn 0.5412 -0.1039 -0.8345
vn 0.7154 -0.1434 -0.6839
vn 0.8459 -0.1749 -0.5038
vn 0.5263 -0.1752 -0.8321
vn 0.6974 -0.2318 -0.6782
vn 0.8228 -0.2728 -0.4986
vn 0.7746 -0.3787 -0.5066
vn 0.6579 -0.3192 -0.6821
vn 0.4956 -0.2380 -0.8353
vn 0.7175 -0.4936 -0.4915
vn 0.4618 -0.3144 -0.8294
vn 0.6128 -0.4194 -0.6698
vn 0.5255 -0.5258 -0.6689
vn 0.6163 -0.6163 -0.4902
vn 0.3985 -0.3984 -0.8261
vn 0.4842 -0.7249 -0.4900
vn 0.4130 -0.6182 -0.6687
vn 0.3132 -0.4687 -0.8260
vn 0.2844 -0.6869 -0.6688
vn 0.3334 -0.8052 -0.4904
vn 0.2157 -0.5211 -0.8258
vn 0.1698 -0.8547 -0.4906
vn 0.1449 -0.7290 -0.6690
vn 0.1099 -0.5531 -0.8258
vn -0.0000 -0.8718 -0.4899
vn -0.0000 -0.5636 -0.8261
vn -0.0000 -0.7435 -0.6687
vn -0.1450 -0.7290 -0.6689
vn -0.1099 -0.5531 -0.8258
vn -0.1699 -0.8546 -0.4906
vn -0.2157 -0.5211 -0.8258
vn -0.2845 -0.6869 -0.6688
vn -0.3335 -0.8051 -0.4904
vn -0.4842 -0.7249 -0.4899
vn -0.4130 -0.6183 -0.6687
vn -0.3132 -0.4687 -0.8259
vn -0.6164 -0.6163 -0.4902
vn -0.5255 -0.5257 -0.6689
vn -0.3985 -0.3983 -0.8261
vn -0.7177 -0.4936 -0.4912
vn -0.4618 -0.3143 -0.8294
vn -0.6130 -0.4193 -0.6696
vn -0.6580 -0.3192 -0.6821
vn -0.4956 -0.2381 -0.8353
vn -0.7746 -0.3787 -0.5066
vn -0.5264 -0.1753 -0.8320
vn -0.6974 -0.2320 -0.6781
vn -0.8227 -0.2730 -0.4986
vn -0.8459 -0.1751 -0.5038
vn -0.7154 -0.1436 -0.6838
vn -0.5412 -0.1039 -0.8345
vn -0.8576 -0.0828 -0.5077
vn -0.7236 -0.0719 -0.6865
vn -0.5489 -0.0579 -0.8339
vn -0.5546 -0.0000 -0.8321
vn -0.7323 -0.0000 -0.6809
vn -0.8660 -0.0000 -0.5001
vn -0.7236 0.0718 -0.6865
vn -0.5489 0.0578 -0.8339
vn -0.6870 0.1429 -0.7124
vn -0.2805 0.6435 -0.7122
vn -0.3532 0.2872 -0.8904
vn -0.6904 -0.2680 -0.6720
vn 0.1157 0.7306 -0.6729
vn -0.4161 -0.3249 -0.8493
vn -0.4275 -0.6044 -0.6722
vn -0.3064 -0.6342 -0.7099
vn 0.1893 0.4456 -0.8750
vn 0.3398 0.4766 -0.8108
vn 0.4595 0.6000 -0.6549
vn 0.4074 0.5755 -0.7091
vn 0.2217 0.6704 -0.7081
vn 0.2190 0.6712 -0.7082
vn 0.1107 0.7026 -0.7029
vn 0.1106 0.7025 -0.7030
vn 0.4320 0.0636 -0.8996
vn 0.1755 -0.6192 -0.7654
vn 0.3469 -0.4709 -0.8111
vn 0.8897 -0.3901 -0.2372
vn 0.9237 0.1383 -0.3572
vn 0.2558 -0.8897 -0.3781
vn 0.3458 -0.9140 -0.2123
vn 0.2178 -0.9717 -0.0916
vn 0.9200 -0.2085 -0.3318
vn 0.9063 0.1354 -0.4003
vn 0.4579 -0.8060 -0.3752
vn 0.3631 -0.2828 -0.8878
vn 0.3316 0.0492 -0.9421
vn -0.0000 -0.9267 -0.3759
vn -0.0000 -0.4003 -0.9164
vn -0.3319 0.0488 -0.9421
vn -0.3629 -0.2831 -0.8878
vn -0.9066 0.1340 -0.4002
vn -0.9199 -0.2093 -0.3318
vn -0.9240 0.1367 -0.3571
vn -0.4579 -0.8060 -0.3752
vn -0.8894 -0.3907 -0.2371
vn -0.4323 0.0641 -0.8995
vn -0.2178 -0.9717 -0.0916
vn -0.3464 -0.4705 -0.8116
vn -0.1755 -0.6191 -0.7654
vn -0.2558 -0.8897 -0.3781
vn -0.3458 -0.9140 -0.2123
vn -0.0000 -0.9267 0.3757
vn -0.1374 -0.9167 0.3752
vn -0.2611 -0.8887 0.3770
vn -0.3460 -0.9143 0.2108
vn -0.1749 -0.6248 0.7610
vn -0.0587 -0.3913 0.9184
vn -0.0000 -0.4000 0.9165
vn 0.1375 -0.9167 0.3753
vn 0.0586 -0.3913 0.9184
vn 0.1297 -0.5997 0.7896
vn 0.2611 -0.8887 0.3770
vn 0.3460 -0.9143 0.2108
vn 0.2507 -0.6627 0.7057
vt 0.985840 0.257080
vt 0.984863 0.256592
vt 0.986328 0.255859
vt 0.986816 0.256592
vt 0.984863 0.254395
vt 0.984863 0.257812
vt 0.982910 0.256348
vt 0.982422 0.258301
vt 0.983398 0.252441
vt 0.980957 0.258545
vt 0.980957 0.252441
vt 0.982422 0.251465
vt 0.981445 0.250000
vt 0.980469 0.256104
vt 0.978516 0.251953
vt 0.979004 0.249268
vt 0.978027 0.255859
vt 0.980957 0.248901
vt 0.979492 0.247314
vt 0.981445 0.247803
vt 0.977539 0.259766
vt 0.980469 0.260498
vt 0.980469 0.262695
vt 0.977539 0.263672
vt 0.980469 0.264648
vt 0.977539 0.266602
vt 0.980957 0.266846
vt 0.981445 0.268311
vt 0.977539 0.268555
vt 0.982422 0.267090
vt 0.978027 0.270508
vt 0.984863 0.267822
vt 0.984863 0.267578
vt 0.985352 0.267822
vt 0.981445 0.270020
vt 0.978516 0.272461
vt 0.984863 0.269531
vt 0.985840 0.269287
vt 0.986816 0.268799
vt 0.985840 0.270020
vt 0.984863 0.270752
vt 0.981934 0.271729
vt 0.983398 0.271729
vt 0.980957 0.272949
vt 0.978027 0.273682
vt 0.761719 0.766113
vt 0.761719 0.783691
vt 0.759766 0.783203
vt 0.759766 0.766113
vt 0.763672 0.783691
vt 0.764648 0.766113
vt 0.765625 0.783691
vt 0.768555 0.766113
vt 0.767578 0.783691
vt 0.769531 0.783691
vt 0.772461 0.766113
vt 0.771484 0.783691
vt 0.773438 0.783691
vt 0.776367 0.766113
vt 0.775391 0.783691
vt 0.777344 0.783691
vt 0.779297 0.766113
vt 0.779297 0.783691
vt 0.781250 0.766113
vt 0.781250 0.783691
vt 0.783203 0.766113
vt 0.783203 0.783691
vt 0.785156 0.766113
vt 0.785156 0.783691
vt 0.786621 0.766602
vt 0.788086 0.783691
vt 0.789062 0.766602
vt 0.791016 0.783691
vt 0.791016 0.766602
vt 0.793457 0.766602
vt 0.794434 0.783691
vt 0.795898 0.766602
vt 0.796875 0.783691
vt 0.797852 0.766113
vt 0.798828 0.783691
vt 0.800781 0.783691
vt 0.801758 0.766113
vt 0.802734 0.783691
vt 0.805664 0.766113
vt 0.804688 0.783691
vt 0.806641 0.783691
vt 0.808594 0.783691
vt 0.809570 0.766113
vt 0.811035 0.783691
vt 0.813477 0.766113
vt 0.812988 0.783691
vt 0.814941 0.783691
vt 0.816895 0.783691
vt 0.817383 0.766113
vt 0.818848 0.783691
vt 0.820312 0.766113
vt 0.820801 0.783691
vt 0.822754 0.783203
vt 0.822266 0.766113
vt 0.106995 0.308594
vt 0.149780 0.308594
vt 0.146484 0.311279
vt 0.106995 0.311279
vt 0.105103 0.311279
vt 0.105103 0.308105
vt 0.106995 0.306152
vt 0.105225 0.305176
vt 0.106995 0.302246
vt 0.105164 0.302246
vt 0.153076 0.306152
vt 0.106995 0.299072
vt 0.105103 0.298828
vt 0.155273 0.302246
vt 0.155273 0.304199
vt 0.155273 0.299072
vt 0.106995 0.295166
vt 0.105103 0.295166
vt 0.106262 0.292480
vt 0.107666 0.293457
vt 0.108887 0.291260
vt 0.109314 0.292725
vt 0.141602 0.291260
vt 0.141968 0.292725
vt 0.143555 0.290527
vt 0.144531 0.291748
vt 0.145020 0.289062
vt 0.146606 0.289551
vt 0.145508 0.287109
vt 0.147217 0.286865
vt 0.155273 0.275635
vt 0.145508 0.275635
vt 0.147217 0.275635
vt 0.155273 0.273193
vt 0.147217 0.273193
vt 0.145508 0.272949
vt 0.147217 0.268066
vt 0.145508 0.268311
vt 0.145020 0.266113
vt 0.155273 0.256104
vt 0.146606 0.265381
vt 0.144531 0.263428
vt 0.143555 0.264893
vt 0.140747 0.263672
vt 0.141113 0.261719
vt 0.106934 0.256104
vt 0.109253 0.261719
vt 0.108887 0.263672
vt 0.155273 0.253418
vt 0.107666 0.261230
vt 0.106262 0.262451
vt 0.105164 0.260010
vt 0.106934 0.259521
vt 0.105225 0.255859
vt 0.105713 0.253418
vt 0.155273 0.247925
vt 0.104248 0.254883
vt 0.005905 0.247925
vt 0.005905 0.253418
vt 0.005909 0.255127
vt 0.155273 0.245605
vt 0.005905 0.245605
vt 0.155273 0.242920
vt 0.005905 0.234741
vt 0.220581 0.234741
vt 0.005905 0.232666
vt 0.221069 0.232666
vt 0.221069 0.230225
vt 0.005905 0.230225
vt 0.220581 0.229004
vt 0.005905 0.229004
vt 0.220215 0.227783
vt 0.005905 0.227783
vt 0.219849 0.226318
vt 0.005905 0.226318
vt 0.005905 0.223877
vt 0.219971 0.223877
vt 0.005905 0.222046
vt 0.220459 0.222046
vt 0.005905 0.215942
vt 0.222290 0.215942
vt 0.221558 0.218872
vt 0.187134 0.302246
vt 0.190308 0.302246
vt 0.190308 0.304199
vt 0.190308 0.299072
vt 0.187134 0.299072
vt 0.187134 0.275635
vt 0.190308 0.275635
vt 0.190308 0.273193
vt 0.187134 0.273193
vt 0.190308 0.256104
vt 0.187134 0.256104
vt 0.190308 0.253418
vt 0.187134 0.253418
vt 0.187134 0.247925
vt 0.190308 0.247925
vt 0.190308 0.245605
vt 0.187134 0.245605
vt 0.187134 0.242920
vt 0.190308 0.242920
vt 0.187134 0.304199
vt 0.188232 0.306152
vt 0.178711 0.304199
vt 0.185791 0.302979
vt 0.179932 0.302979
vt 0.180786 0.275879
vt 0.185059 0.275879
vt 0.184937 0.273438
vt 0.180786 0.273438
vt 0.185425 0.244629
vt 0.180420 0.244629
vt 0.178711 0.242920
vt 0.175537 0.242920
vt 0.198730 0.242920
vt 0.167114 0.242920
vt 0.168701 0.244629
vt 0.173828 0.244629
vt 0.163696 0.242920
vt 0.169189 0.273438
vt 0.173340 0.273438
vt 0.169189 0.275879
vt 0.173340 0.275879
vt 0.168335 0.302979
vt 0.174194 0.302979
vt 0.161987 0.244629
vt 0.156616 0.244507
vt 0.157471 0.273682
vt 0.161621 0.273438
vt 0.157471 0.275879
vt 0.161621 0.275879
vt 0.156616 0.302979
vt 0.162476 0.302979
vt 0.163696 0.304199
vt 0.175537 0.304199
vt 0.167114 0.304199
vt 0.167114 0.302246
vt 0.163696 0.302246
vt 0.167114 0.299072
vt 0.163696 0.299072
vt 0.163696 0.275635
vt 0.167114 0.275635
vt 0.167114 0.273193
vt 0.163696 0.273193
vt 0.167114 0.256104
vt 0.163696 0.256104
vt 0.166992 0.253418
vt 0.163696 0.253418
vt 0.163696 0.247925
vt 0.166992 0.247925
vt 0.163696 0.245605
vt 0.166992 0.245605
vt 0.166992 0.242920
vt 0.984863 0.120422
vt 0.986328 0.121338
vt 0.985840 0.123047
vt 0.987305 0.120056
vt 0.982422 0.121399
vt 0.983398 0.124512
vt 0.985840 0.124390
vt 0.984375 0.126587
vt 0.986328 0.125732
vt 0.980957 0.117432
vt 0.986816 0.118408
vt 0.988770 0.117432
vt 0.984863 0.116394
vt 0.987793 0.115173
vt 0.983887 0.112976
vt 0.979980 0.113403
vt 0.989746 0.115417
vt 0.983887 0.109619
vt 0.979980 0.109375
vt 0.980469 0.105408
vt 0.988770 0.114502
vt 0.986816 0.112488
vt 0.988281 0.112305
vt 0.986816 0.109802
vt 0.987793 0.109924
vt 0.989746 0.105713
vt 0.988770 0.107605
vt 0.987305 0.107178
vt 0.988770 0.103882
vt 0.984375 0.106262
vt 0.981934 0.101501
vt 0.985352 0.102905
vt 0.987305 0.102295
vt 0.984863 0.100586
vt 0.982422 0.099121
vt 0.956055 0.290527
vt 0.953613 0.287598
vt 0.964844 0.288330
vt 0.964844 0.291260
vt 0.964844 0.285645
vt 0.955078 0.291260
vt 0.952148 0.288086
vt 0.957520 0.292969
vt 0.952637 0.285400
vt 0.964844 0.282715
vt 0.951172 0.285645
vt 0.959473 0.292725
vt 0.961426 0.297363
vt 0.964844 0.293945
vt 0.952148 0.282715
vt 0.950684 0.282715
vt 0.951172 0.279785
vt 0.962891 0.296875
vt 0.964844 0.297363
vt 0.952637 0.280029
vt 0.952148 0.277344
vt 0.964844 0.279785
vt 0.953613 0.277832
vt 0.955078 0.274170
vt 0.964844 0.277100
vt 0.956055 0.274658
vt 0.957520 0.272461
vt 0.964844 0.274170
vt 0.959473 0.272705
vt 0.961426 0.268066
vt 0.964844 0.271484
vt 0.963379 0.268555
vt 0.963379 0.263916
vt 0.964844 0.268066
vt 0.964355 0.264404
vt 0.964844 0.264404
vt 0.175537 0.302246
vt 0.178711 0.302246
vt 0.175537 0.299072
vt 0.178711 0.299072
vt 0.178711 0.275635
vt 0.175537 0.275635
vt 0.178711 0.273193
vt 0.175537 0.273193
vt 0.178711 0.256104
vt 0.175537 0.256104
vt 0.178711 0.253418
vt 0.175537 0.253418
vt 0.175537 0.247925
vt 0.178711 0.247925
vt 0.175537 0.245605
vt 0.178711 0.245605
vt 0.737305 0.940918
vt 0.737305 0.938965
vt 0.754883 0.939453
vt 0.754883 0.941406
vt 0.737305 0.941895
vt 0.754883 0.943848
vt 0.737305 0.943359
vt 0.737305 0.945801
vt 0.754883 0.946777
vt 0.737305 0.947754
vt 0.754883 0.949707
vt 0.737305 0.949707
vt 0.737793 0.937988
vt 0.738770 0.937500
vt 0.751465 0.937500
vt 0.752441 0.937012
vt 0.754883 0.937500
vt 0.752930 0.936523
vt 0.754883 0.935547
vt 0.753418 0.935547
vt 0.753418 0.933594
vt 0.754883 0.933105
vt 0.753418 0.932617
vt 0.754883 0.931152
vt 0.753418 0.931152
vt 0.753418 0.928711
vt 0.754883 0.928711
vt 0.753418 0.928223
vt 0.754883 0.926758
vt 0.752930 0.927246
vt 0.752441 0.926270
vt 0.754883 0.924805
vt 0.751465 0.925781
vt 0.737305 0.924316
vt 0.738770 0.925781
vt 0.737793 0.925293
vt 0.754883 0.922363
vt 0.737305 0.922363
vt 0.754883 0.920410
vt 0.737305 0.920410
vt 0.739258 0.919922
vt 0.737793 0.919922
vt 0.739746 0.919434
vt 0.754883 0.918457
vt 0.739746 0.918457
vt 0.739746 0.916504
vt 0.754883 0.916504
vt 0.644531 0.547363
vt 0.643555 0.546387
vt 0.644531 0.544922
vt 0.642578 0.548340
vt 0.645508 0.545898
vt 0.644043 0.548828
vt 0.646484 0.543457
vt 0.642090 0.550781
vt 0.646973 0.544434
vt 0.643555 0.550781
vt 0.648926 0.543457
vt 0.642090 0.552734
vt 0.647949 0.541992
vt 0.643555 0.552734
vt 0.650879 0.542480
vt 0.642578 0.555176
vt 0.651367 0.541016
vt 0.643555 0.554688
vt 0.654297 0.542480
vt 0.643066 0.557129
vt 0.654297 0.541016
vt 0.644531 0.556641
vt 0.657715 0.541992
vt 0.644531 0.559082
vt 0.657227 0.543457
vt 0.645508 0.558105
vt 0.660156 0.543457
vt 0.645996 0.560547
vt 0.659180 0.544434
vt 0.646973 0.559570
vt 0.661621 0.544922
vt 0.647949 0.561523
vt 0.660645 0.545898
vt 0.648438 0.560547
vt 0.661621 0.547363
vt 0.649902 0.562500
vt 0.663086 0.546875
vt 0.649902 0.561035
vt 0.664062 0.548828
vt 0.651855 0.562988
vt 0.662598 0.549316
vt 0.651855 0.561523
vt 0.664062 0.550781
vt 0.653809 0.561523
vt 0.662598 0.551270
vt 0.653809 0.562988
vt 0.664062 0.553223
vt 0.655762 0.561523
vt 0.662598 0.553223
vt 0.656250 0.562500
vt 0.663574 0.555664
vt 0.657715 0.560547
vt 0.662598 0.555176
vt 0.658203 0.562012
vt 0.663086 0.557617
vt 0.659180 0.559570
vt 0.661621 0.556641
vt 0.660156 0.560547
vt 0.661621 0.559082
vt 0.660645 0.558105
vt 0.697754 0.545898
vt 0.699219 0.545898
vt 0.699219 0.547363
vt 0.701172 0.547363
vt 0.701172 0.545898
vt 0.697754 0.547363
vt 0.695801 0.546387
vt 0.695801 0.547363
vt 0.693848 0.547363
vt 0.693848 0.545898
vt 0.692383 0.547363
vt 0.692383 0.545898
vt 0.690430 0.545898
vt 0.690430 0.547363
vt 0.688477 0.547363
vt 0.688477 0.545898
vt 0.687012 0.547363
vt 0.687012 0.545898
vt 0.685059 0.545898
vt 0.685059 0.547363
vt 0.683105 0.545898
vt 0.683105 0.547363
vt 0.681641 0.545898
vt 0.681641 0.547363
vt 0.679688 0.545898
vt 0.679688 0.547363
vt 0.307373 0.990234
vt 0.307373 0.987793
vt 0.308105 0.989258
vt 0.307861 0.989746
vt 0.309326 0.988770
vt 0.307861 0.988281
vt 0.307617 0.988281
vt 0.309082 0.987793
vt 0.309814 0.988770
vt 0.309570 0.987793
vt 0.309570 0.990234
vt 0.308350 0.987305
vt 0.308594 0.986816
vt 0.307617 0.986816
vt 0.307617 0.986328
vt 0.285889 0.986328
vt 0.309082 0.990234
vt 0.308594 0.991211
vt 0.285889 0.986816
vt 0.284668 0.986816
vt 0.286133 0.987793
vt 0.285156 0.987305
vt 0.283936 0.987793
vt 0.285889 0.988281
vt 0.284424 0.987793
vt 0.283691 0.988770
vt 0.284180 0.988770
vt 0.285645 0.988281
vt 0.283936 0.990234
vt 0.285400 0.989258
vt 0.286133 0.990234
vt 0.285645 0.989746
vt 0.284424 0.990234
vt 0.284668 0.991211
vt 0.285889 0.989746
vt 0.284912 0.990723
vt 0.285889 0.991699
vt 0.285889 0.991211
vt 0.307617 0.991211
vt 0.307617 0.991699
vt 0.307617 0.989746
vt 0.308350 0.990723
vt 0.323242 0.988770
vt 0.323975 0.987793
vt 0.323975 0.989746
vt 0.323242 0.988281
vt 0.321777 0.988770
vt 0.323242 0.989258
vt 0.323486 0.989746
vt 0.323486 0.991211
vt 0.322266 0.990234
vt 0.322754 0.990723
vt 0.321289 0.988770
vt 0.321777 0.990234
vt 0.321533 0.987793
vt 0.322510 0.991211
vt 0.323486 0.991699
vt 0.322021 0.987793
vt 0.322510 0.986816
vt 0.345215 0.991211
vt 0.345459 0.991699
vt 0.346436 0.991211
vt 0.323486 0.987793
vt 0.322754 0.986816
vt 0.323486 0.986328
vt 0.323486 0.986816
vt 0.345215 0.986816
vt 0.345215 0.986328
vt 0.346191 0.986816
vt 0.346436 0.986816
vt 0.346680 0.987793
vt 0.347168 0.987793
vt 0.345215 0.987793
vt 0.346924 0.988770
vt 0.347412 0.988770
vt 0.345459 0.988281
vt 0.344971 0.987793
vt 0.345703 0.988770
vt 0.344971 0.989746
vt 0.345459 0.989258
vt 0.345215 0.989746
vt 0.346680 0.990234
vt 0.347168 0.990234
vt 0.345947 0.990723
vt 0.364014 0.983398
vt 0.376221 0.983398
vt 0.376221 0.985840
vt 0.377197 0.985840
vt 0.377197 0.983887
vt 0.379150 0.985840
vt 0.379150 0.983887
vt 0.375977 0.982422
vt 0.377197 0.982910
vt 0.376953 0.981445
vt 0.378418 0.981445
vt 0.364258 0.982422
vt 0.363281 0.981445
vt 0.363037 0.982910
vt 0.361816 0.981445
vt 0.364014 0.985840
vt 0.362793 0.983887
vt 0.362793 0.985840
vt 0.361084 0.983887
vt 0.361084 0.985840
vt 0.364258 0.986816
vt 0.363037 0.986328
vt 0.375977 0.986816
vt 0.377441 0.986328
vt 0.363281 0.988281
vt 0.361816 0.987793
vt 0.376953 0.988281
vt 0.378418 0.987793
vt 0.969238 0.613770
vt 0.970703 0.621094
vt 0.967773 0.612793
vt 0.971191 0.620117
vt 0.970215 0.614258
vt 0.969238 0.612793
vt 0.971680 0.622559
vt 0.967285 0.610840
vt 0.966797 0.612305
vt 0.966797 0.639160
vt 0.967773 0.639160
vt 0.969727 0.639160
vt 0.970703 0.639160
vt 0.970215 0.641602
vt 0.969238 0.641602
vt 0.963379 0.664062
vt 0.967285 0.641602
vt 0.966309 0.641602
vt 0.962402 0.664062
vt 0.961426 0.666016
vt 0.961914 0.666992
vt 0.960449 0.667480
vt 0.960938 0.668945
vt 0.967773 0.393799
vt 0.969238 0.401367
vt 0.966309 0.392822
vt 0.969727 0.399902
vt 0.968750 0.394531
vt 0.967285 0.392578
vt 0.969727 0.402344
vt 0.965332 0.390869
vt 0.965332 0.392578
vt 0.965332 0.418945
vt 0.966309 0.418945
vt 0.968262 0.419189
vt 0.969238 0.419189
vt 0.968750 0.421631
vt 0.967773 0.421631
vt 0.961914 0.444336
vt 0.965820 0.421631
vt 0.964844 0.421387
vt 0.960938 0.443848
vt 0.959961 0.446289
vt 0.958496 0.447266
vt 0.960449 0.447266
vt 0.959473 0.448975
vt 0.858398 0.604004
vt 0.854980 0.604004
vt 0.854980 0.602051
vt 0.857910 0.606445
vt 0.854492 0.606445
vt 0.861816 0.605957
vt 0.852051 0.605957
vt 0.861816 0.604004
vt 0.852051 0.603516
vt 0.849121 0.605469
vt 0.865234 0.605957
vt 0.848633 0.602539
vt 0.845703 0.603516
vt 0.851562 0.602051
vt 0.847168 0.602051
vt 0.848145 0.601074
vt 0.846191 0.600098
vt 0.843750 0.600586
vt 0.847656 0.599121
vt 0.844727 0.595703
vt 0.842773 0.596191
vt 0.853027 0.598633
vt 0.843750 0.592285
vt 0.841797 0.592773
vt 0.847168 0.595215
vt 0.842773 0.588867
vt 0.840820 0.589355
vt 0.846680 0.591797
vt 0.846191 0.588379
vt 0.841797 0.585938
vt 0.839844 0.586426
vt 0.840820 0.584473
vt 0.845215 0.583496
vt 0.845703 0.584961
vt 0.850586 0.583008
vt 0.851074 0.584473
vt 0.851074 0.587891
vt 0.855469 0.583984
vt 0.855469 0.582520
vt 0.857422 0.582520
vt 0.856934 0.583984
vt 0.858398 0.583984
vt 0.856934 0.587402
vt 0.858887 0.587402
vt 0.855469 0.587402
vt 0.857422 0.590820
vt 0.858887 0.590820
vt 0.855957 0.590820
vt 0.851562 0.591309
vt 0.852051 0.594727
vt 0.856934 0.594238
vt 0.858398 0.597656
vt 0.858398 0.593750
vt 0.859863 0.593750
vt 0.860352 0.596680
vt 0.861816 0.595703
vt 0.858398 0.602051
vt 0.861816 0.600098
vt 0.862793 0.598145
vt 0.863770 0.597168
vt 0.861816 0.602051
vt 0.865723 0.599609
vt 0.866211 0.598145
vt 0.865234 0.602051
vt 0.868652 0.598633
vt 0.865234 0.604004
vt 0.868652 0.605957
vt 0.868652 0.602051
vt 0.868652 0.604004
vt 0.872070 0.604004
vt 0.872070 0.605957
vt 0.868652 0.600098
vt 0.871582 0.599609
vt 0.871094 0.598145
vt 0.873535 0.597168
vt 0.875488 0.604004
vt 0.872070 0.602051
vt 0.875488 0.605957
vt 0.875488 0.602051
vt 0.874512 0.598145
vt 0.875977 0.595703
vt 0.875488 0.600098
vt 0.876953 0.596680
vt 0.877441 0.593750
vt 0.878906 0.602051
vt 0.878906 0.604004
vt 0.879395 0.606445
vt 0.878906 0.598145
vt 0.882324 0.602051
vt 0.882324 0.604004
vt 0.882812 0.605957
vt 0.885254 0.605957
vt 0.885254 0.603516
vt 0.888184 0.605469
vt 0.888672 0.603027
vt 0.891602 0.603516
vt 0.885254 0.602051
vt 0.889648 0.602051
vt 0.884277 0.598633
vt 0.889160 0.601562
vt 0.889160 0.599609
vt 0.891113 0.600098
vt 0.893066 0.600586
vt 0.892578 0.596191
vt 0.894531 0.596680
vt 0.893555 0.592773
vt 0.895996 0.593262
vt 0.890137 0.595703
vt 0.895508 0.587891
vt 0.897461 0.588379
vt 0.891113 0.592285
vt 0.896973 0.582520
vt 0.899414 0.583496
vt 0.901367 0.578125
vt 0.892090 0.586914
vt 0.892578 0.582031
vt 0.899414 0.576172
vt 0.901855 0.575684
vt 0.894043 0.575684
vt 0.899414 0.571289
vt 0.901855 0.571289
vt 0.901855 0.566406
vt 0.899414 0.566406
vt 0.901855 0.561523
vt 0.894531 0.570801
vt 0.888184 0.570312
vt 0.899414 0.561035
vt 0.902344 0.557129
vt 0.895020 0.565918
vt 0.899902 0.555664
vt 0.901855 0.554199
vt 0.900391 0.548340
vt 0.895508 0.561035
vt 0.897949 0.548340
vt 0.898926 0.546387
vt 0.895508 0.555664
vt 0.895996 0.547363
vt 0.895996 0.545410
vt 0.889160 0.555176
vt 0.891113 0.545410
vt 0.891602 0.542969
vt 0.887207 0.543457
vt 0.887207 0.541504
vt 0.888672 0.560547
vt 0.883301 0.555176
vt 0.883789 0.541992
vt 0.885742 0.539551
vt 0.885742 0.537109
vt 0.888672 0.565430
vt 0.883789 0.535156
vt 0.883301 0.560547
vt 0.886719 0.536133
vt 0.883301 0.564941
vt 0.880371 0.560059
vt 0.880371 0.554688
vt 0.880371 0.533203
vt 0.878418 0.554688
vt 0.878906 0.532715
vt 0.878906 0.560547
vt 0.880371 0.531250
vt 0.880371 0.564941
vt 0.878906 0.564941
vt 0.883789 0.532715
vt 0.883789 0.531250
vt 0.880371 0.569824
vt 0.878906 0.569824
vt 0.886230 0.532715
vt 0.886719 0.531250
vt 0.888184 0.532227
vt 0.886719 0.534668
vt 0.888672 0.534668
vt 0.887695 0.535645
vt 0.880371 0.574219
vt 0.878906 0.574707
vt 0.882812 0.569824
vt 0.880371 0.580566
vt 0.882812 0.574707
vt 0.878906 0.581055
vt 0.887695 0.574707
vt 0.882812 0.581055
vt 0.887207 0.581055
vt 0.882324 0.585938
vt 0.880371 0.587402
vt 0.878906 0.587402
vt 0.886230 0.586426
vt 0.885742 0.591309
vt 0.879883 0.590820
vt 0.881836 0.590820
vt 0.878418 0.590820
vt 0.885254 0.594727
vt 0.880859 0.594238
vt 0.878906 0.593750
vt 0.212036 0.321289
vt 0.204834 0.315430
vt 0.211548 0.318115
vt 0.212158 0.324463
vt 0.210693 0.314453
vt 0.204834 0.333740
vt 0.212036 0.327881
vt 0.211548 0.331055
vt 0.210693 0.334717
vt 0.199219 0.314453
vt 0.209839 0.311279
vt 0.203857 0.317871
vt 0.203003 0.316650
vt 0.203857 0.331299
vt 0.203003 0.332275
vt 0.201050 0.332275
vt 0.199341 0.315430
vt 0.201050 0.316650
vt 0.200317 0.317871
vt 0.200317 0.331299
vt 0.199341 0.333740
vt 0.199219 0.334717
vt 0.209839 0.337891
vt 0.190186 0.318604
vt 0.190918 0.316162
vt 0.190308 0.313965
vt 0.189453 0.316162
vt 0.188965 0.317871
vt 0.187866 0.319092
vt 0.188965 0.314697
vt 0.188477 0.320312
vt 0.186279 0.319336
vt 0.188354 0.312256
vt 0.187866 0.313477
vt 0.199097 0.311279
vt 0.186279 0.312988
vt 0.208862 0.308594
vt 0.186279 0.311768
vt 0.188232 0.311279
vt 0.184692 0.313477
vt 0.198975 0.308594
vt 0.207886 0.306152
vt 0.183960 0.312500
vt 0.183472 0.314697
vt 0.182251 0.313965
vt 0.183105 0.316162
vt 0.188232 0.308594
vt 0.198853 0.306152
vt 0.198730 0.304199
vt 0.206909 0.302246
vt 0.191650 0.302979
vt 0.198730 0.302246
vt 0.197388 0.302979
vt 0.192383 0.275879
vt 0.196655 0.275879
vt 0.196533 0.273438
vt 0.192383 0.273438
vt 0.197510 0.244507
vt 0.192139 0.244629
vt 0.198730 0.299072
vt 0.207153 0.299072
vt 0.208008 0.294922
vt 0.208618 0.291260
vt 0.203857 0.284424
vt 0.209229 0.287598
vt 0.198730 0.275635
vt 0.209717 0.284424
vt 0.206543 0.283203
vt 0.210449 0.282959
vt 0.205444 0.282227
vt 0.203857 0.275635
vt 0.198730 0.273193
vt 0.205566 0.274414
vt 0.203857 0.273193
vt 0.205444 0.266113
vt 0.203857 0.263672
vt 0.198730 0.256104
vt 0.206543 0.265137
vt 0.213501 0.256104
vt 0.198730 0.253418
vt 0.213501 0.259521
vt 0.213745 0.253418
vt 0.213135 0.263672
vt 0.213623 0.265381
vt 0.198730 0.247925
vt 0.214600 0.247925
vt 0.198730 0.245605
vt 0.215332 0.245605
vt 0.216797 0.243286
vt 0.218994 0.239014
vt 0.121094 0.316895
vt 0.112976 0.333984
vt 0.112976 0.314941
vt 0.121948 0.317871
vt 0.122681 0.316895
vt 0.122192 0.316162
vt 0.123169 0.318359
vt 0.123413 0.317139
vt 0.144653 0.317139
vt 0.120789 0.315430
vt 0.121948 0.315430
vt 0.121094 0.313965
vt 0.122131 0.314453
vt 0.121948 0.312988
vt 0.122620 0.313721
vt 0.123169 0.312500
vt 0.123413 0.313721
vt 0.144897 0.312500
vt 0.144653 0.313477
vt 0.145386 0.313721
vt 0.146118 0.312988
vt 0.145874 0.314453
vt 0.146973 0.313965
vt 0.145996 0.315430
vt 0.147217 0.315430
vt 0.145874 0.316162
vt 0.181519 0.316162
vt 0.146973 0.316895
vt 0.145386 0.316895
vt 0.182373 0.318604
vt 0.183472 0.317871
vt 0.184692 0.319092
vt 0.146118 0.317871
vt 0.183960 0.320312
vt 0.144897 0.318359
vt 0.158569 0.331055
vt 0.136841 0.331055
vt 0.135620 0.331543
vt 0.136353 0.332520
vt 0.137085 0.332275
vt 0.158325 0.332275
vt 0.159058 0.332520
vt 0.134766 0.332764
vt 0.135864 0.333252
vt 0.134521 0.333984
vt 0.135620 0.333984
vt 0.134766 0.335449
vt 0.135864 0.334961
vt 0.135620 0.336426
vt 0.136353 0.335693
vt 0.136841 0.336914
vt 0.137085 0.335938
vt 0.106995 0.337891
vt 0.158569 0.336914
vt 0.158325 0.335938
vt 0.159058 0.335693
vt 0.158203 0.337891
vt 0.159790 0.336426
vt 0.159546 0.334961
vt 0.160645 0.335449
vt 0.159790 0.333984
vt 0.199097 0.337891
vt 0.161011 0.333984
vt 0.159546 0.333252
vt 0.160645 0.332764
vt 0.159790 0.331543
vt 0.186279 0.320801
vt 0.208862 0.340576
vt 0.198975 0.340576
vt 0.207886 0.343262
vt 0.198853 0.343262
vt 0.157104 0.340576
vt 0.206909 0.346924
vt 0.106995 0.340576
vt 0.105103 0.337646
vt 0.156006 0.343262
vt 0.105103 0.341064
vt 0.106995 0.333984
vt 0.105286 0.333740
vt 0.106689 0.332520
vt 0.110229 0.332275
vt 0.111389 0.331299
vt 0.111389 0.317871
vt 0.110229 0.316650
vt 0.106995 0.314941
vt 0.106689 0.316650
vt 0.105286 0.315186
vt 0.963867 0.301025
vt 0.964844 0.301270
vt 0.962402 0.301514
vt 0.963379 0.304199
vt 0.961914 0.303955
vt 0.964844 0.304443
vt 0.962891 0.305664
vt 0.963867 0.306396
vt 0.005997 0.418945
vt 0.005997 0.416504
vt 0.221069 0.416504
vt 0.221069 0.418945
vt 0.220703 0.420166
vt 0.005997 0.420166
vt 0.220215 0.421387
vt 0.005997 0.421387
vt 0.219849 0.422852
vt 0.005997 0.422852
vt 0.006001 0.425293
vt 0.219971 0.425293
vt 0.006001 0.427246
vt 0.220459 0.427002
vt 0.006001 0.433105
vt 0.222290 0.433105
vt 0.221313 0.429688
vt 0.220581 0.414307
vt 0.005997 0.414307
vt 0.155273 0.406250
vt 0.005993 0.403564
vt 0.155273 0.403564
vt 0.155273 0.401367
vt 0.005993 0.401367
vt 0.105713 0.395508
vt 0.005993 0.395508
vt 0.155273 0.395508
vt 0.104309 0.394287
vt 0.005993 0.394043
vt 0.105286 0.393066
vt 0.106995 0.393066
vt 0.155273 0.393066
vt 0.106995 0.389648
vt 0.105225 0.389160
vt 0.107666 0.387939
vt 0.106323 0.386719
vt 0.108887 0.385498
vt 0.109314 0.387207
vt 0.140747 0.385498
vt 0.141113 0.387207
vt 0.144653 0.385742
vt 0.143555 0.384277
vt 0.145020 0.382812
vt 0.146606 0.383789
vt 0.147339 0.381104
vt 0.145508 0.380859
vt 0.155273 0.375977
vt 0.145508 0.376221
vt 0.147339 0.375977
vt 0.145508 0.373535
vt 0.147339 0.373535
vt 0.155273 0.373535
vt 0.147339 0.362305
vt 0.145508 0.362061
vt 0.155273 0.350098
vt 0.146606 0.359619
vt 0.145020 0.360107
vt 0.144653 0.357666
vt 0.143555 0.358643
vt 0.141724 0.356201
vt 0.141602 0.357666
vt 0.106995 0.350098
vt 0.109192 0.356201
vt 0.108887 0.357910
vt 0.155273 0.346924
vt 0.107727 0.355713
vt 0.106323 0.356689
vt 0.106995 0.353760
vt 0.105103 0.354004
vt 0.105103 0.350342
vt 0.105164 0.346924
vt 0.106995 0.346924
vt 0.105225 0.343994
vt 0.155273 0.344727
vt 0.106995 0.343262
vt 0.156616 0.345947
vt 0.162476 0.345947
vt 0.157471 0.373291
vt 0.161621 0.373291
vt 0.161499 0.375488
vt 0.157471 0.375488
vt 0.162354 0.404541
vt 0.156738 0.404541
vt 0.163696 0.344727
vt 0.163696 0.406250
vt 0.167114 0.344727
vt 0.167114 0.346924
vt 0.163696 0.346924
vt 0.167114 0.350098
vt 0.163696 0.350098
vt 0.163696 0.373535
vt 0.167114 0.373535
vt 0.163696 0.375977
vt 0.167114 0.375977
vt 0.163696 0.393066
vt 0.167114 0.393066
vt 0.167114 0.395508
vt 0.163696 0.395508
vt 0.163696 0.401367
vt 0.167114 0.401367
vt 0.167114 0.403564
vt 0.163696 0.403564
vt 0.167114 0.406250
vt 0.168457 0.404541
vt 0.174072 0.404541
vt 0.169312 0.375488
vt 0.173340 0.375488
vt 0.169189 0.373291
vt 0.173340 0.373291
vt 0.168335 0.345947
vt 0.174194 0.345947
vt 0.175537 0.406250
vt 0.175537 0.344727
vt 0.178711 0.344727
vt 0.178711 0.346924
vt 0.175537 0.346924
vt 0.175537 0.350098
vt 0.178711 0.350098
vt 0.178711 0.373535
vt 0.175537 0.373535
vt 0.175537 0.375977
vt 0.178711 0.375977
vt 0.178711 0.393066
vt 0.175537 0.393066
vt 0.175537 0.395508
vt 0.178711 0.395508
vt 0.178711 0.401367
vt 0.175537 0.401367
vt 0.175537 0.403564
vt 0.178711 0.403564
vt 0.178711 0.406250
vt 0.187134 0.406250
vt 0.180176 0.404541
vt 0.185669 0.404541
vt 0.180908 0.375488
vt 0.184937 0.375488
vt 0.180786 0.373291
vt 0.185059 0.373291
vt 0.179932 0.345947
vt 0.185791 0.345947
vt 0.187134 0.344727
vt 0.190308 0.344727
vt 0.187134 0.346924
vt 0.190308 0.346924
vt 0.190308 0.350098
vt 0.187134 0.350098
vt 0.190308 0.373535
vt 0.187134 0.373535
vt 0.187134 0.375977
vt 0.190308 0.375977
vt 0.190308 0.393066
vt 0.187134 0.393066
vt 0.190308 0.395508
vt 0.187134 0.395508
vt 0.190308 0.401367
vt 0.187134 0.401367
vt 0.187134 0.403564
vt 0.190308 0.403564
vt 0.190308 0.406250
vt 0.198730 0.406250
vt 0.218994 0.410156
vt 0.216797 0.405762
vt 0.215332 0.403564
vt 0.197388 0.404541
vt 0.198730 0.403564
vt 0.191772 0.404541
vt 0.214600 0.401367
vt 0.192505 0.375488
vt 0.198730 0.401367
vt 0.196533 0.375488
vt 0.213745 0.395508
vt 0.192383 0.373291
vt 0.198730 0.395508
vt 0.196655 0.373291
vt 0.213501 0.393066
vt 0.191650 0.345947
vt 0.198730 0.393066
vt 0.197510 0.345947
vt 0.213379 0.389160
vt 0.213013 0.384277
vt 0.198730 0.344727
vt 0.198730 0.346924
vt 0.198730 0.375977
vt 0.212158 0.379639
vt 0.211182 0.375977
vt 0.210815 0.373535
vt 0.198730 0.350098
vt 0.207153 0.350098
vt 0.208008 0.354248
vt 0.208618 0.357666
vt 0.198730 0.373535
vt 0.210205 0.368164
vt 0.209473 0.363037
vt 0.392578 0.584473
vt 0.388428 0.584473
vt 0.390137 0.577637
vt 0.387939 0.577637
vt 0.389404 0.575684
vt 0.386475 0.583496
vt 0.386230 0.585938
vt 0.392334 0.576660
vt 0.392090 0.574707
vt 0.388428 0.589355
vt 0.386230 0.589355
vt 0.392578 0.589355
vt 0.396973 0.584473
vt 0.396973 0.574707
vt 0.396729 0.572754
vt 0.388184 0.593262
vt 0.385986 0.593750
vt 0.387451 0.595215
vt 0.392578 0.595215
vt 0.392578 0.593262
vt 0.400879 0.573242
vt 0.400879 0.571289
vt 0.396973 0.593262
vt 0.396973 0.589355
vt 0.396973 0.595215
vt 0.400879 0.584473
vt 0.400879 0.589355
vt 0.401123 0.593262
vt 0.401123 0.595215
vt 0.404053 0.584473
vt 0.404297 0.593262
vt 0.405029 0.595215
vt 0.404053 0.589355
vt 0.407471 0.593262
vt 0.407471 0.595215
vt 0.408936 0.593750
vt 0.409180 0.589355
vt 0.407471 0.589355
vt 0.409180 0.584473
vt 0.407471 0.584473
vt 0.404053 0.571777
vt 0.407471 0.562988
vt 0.408936 0.562500
vt 0.402100 0.569336
vt 0.407471 0.561035
vt 0.402100 0.567383
vt 0.404053 0.564941
vt 0.401123 0.566895
vt 0.404053 0.562988
vt 0.404053 0.561035
vt 0.400879 0.562988
vt 0.400391 0.561035
vt 0.398926 0.562500
vt 0.400635 0.564941
vt 0.398682 0.565430
vt 0.399658 0.566406
vt 0.987305 0.396240
vt 0.991699 0.400879
vt 0.987305 0.401123
vt 0.989746 0.393555
vt 0.985840 0.401123
vt 0.985352 0.405762
vt 0.985840 0.395752
vt 0.986816 0.406006
vt 0.991211 0.408936
vt 0.986816 0.393311
vt 0.989746 0.392090
vt 0.983887 0.391113
vt 0.986328 0.391113
vt 0.985840 0.409180
vt 0.991699 0.410645
vt 0.983398 0.410400
vt 0.985352 0.410889
vt 0.617676 0.878418
vt 0.522461 0.876465
vt 0.620605 0.876465
vt 0.522461 0.878418
vt 0.615723 0.880859
vt 0.522461 0.880859
vt 0.618164 0.881836
vt 0.620605 0.882324
vt 0.621094 0.887207
vt 0.622559 0.876465
vt 0.622559 0.884766
vt 0.626465 0.881836
vt 0.626465 0.876465
vt 0.628906 0.880859
vt 0.628906 0.876465
vt 0.631348 0.880371
vt 0.631348 0.876465
vt 0.663086 0.880371
vt 0.663086 0.876465
vt 0.666504 0.879883
vt 0.666504 0.876465
vt 0.668457 0.879395
vt 0.668457 0.876465
vt 0.670898 0.878418
vt 0.670898 0.876465
vt 0.675293 0.877930
vt 0.675781 0.876465
vt 0.677734 0.877930
vt 0.678223 0.876465
vt 0.681641 0.878418
vt 0.688965 0.879883
vt 0.687012 0.879883
vt 0.688965 0.880859
vt 0.690918 0.880371
vt 0.690918 0.882324
vt 0.693359 0.880859
vt 0.693359 0.883301
vt 0.695801 0.881348
vt 0.695801 0.883789
vt 0.728027 0.881348
vt 0.728027 0.883789
vt 0.502930 0.520020
vt 0.502930 0.516113
vt 0.505859 0.516113
vt 0.505859 0.520020
vt 0.507812 0.516602
vt 0.507812 0.520020
vt 0.509766 0.517090
vt 0.514648 0.517578
vt 0.521484 0.520020
vt 0.520020 0.517090
vt 0.521484 0.516602
vt 0.523438 0.520020
vt 0.523438 0.516113
vt 0.526855 0.520020
vt 0.526855 0.516113
vt 0.714355 0.988770
vt 0.709961 0.983887
vt 0.716309 0.987305
vt 0.711914 0.989746
vt 0.708984 0.990723
vt 0.713867 0.981445
vt 0.705566 0.986328
vt 0.717773 0.984375
vt 0.705566 0.990723
vt 0.703613 0.986816
vt 0.703613 0.990723
vt 0.718750 0.981445
vt 0.716309 0.979004
vt 0.719238 0.979004
vt 0.716797 0.976074
vt 0.719727 0.976074
vt 0.894531 0.905762
vt 0.892578 0.912109
vt 0.892090 0.912109
vt 0.891602 0.885254
vt 0.895996 0.898926
vt 0.896973 0.894531
vt 0.897461 0.889648
vt 0.897461 0.885254
vt 0.897461 0.879883
vt 0.890137 0.886230
vt 0.890625 0.911133
vt 0.887207 0.882812
vt 0.888184 0.880859
vt 0.886230 0.879395
vt 0.883301 0.880371
vt 0.897461 0.857910
vt 0.876465 0.875488
vt 0.876953 0.877930
vt 0.872559 0.875000
vt 0.870117 0.876953
vt 0.872559 0.866211
vt 0.867188 0.860840
vt 0.682129 0.857910
vt 0.682129 0.860840
vt 0.897461 0.856445
vt 0.682129 0.856445
vt 0.983398 0.612793
vt 0.981934 0.611328
vt 0.982422 0.609375
vt 0.983887 0.615234
vt 0.979980 0.605957
vt 0.985352 0.615723
vt 0.984375 0.616699
vt 0.985840 0.612305
vt 0.987305 0.614746
vt 0.984863 0.609863
vt 0.985840 0.604004
vt 0.983398 0.603516
vt 0.979004 0.601562
vt 0.984375 0.601074
vt 0.987305 0.599609
vt 0.981445 0.598633
vt 0.968262 0.804199
vt 0.960938 0.781738
vt 0.962891 0.781738
vt 0.967285 0.804199
vt 0.959961 0.781738
vt 0.968750 0.806152
vt 0.968750 0.807617
vt 0.969727 0.809082
vt 0.970215 0.807617
vt 0.963867 0.781738
vt 0.963867 0.779297
vt 0.962891 0.779297
vt 0.960449 0.779297
vt 0.959473 0.779297
vt 0.958984 0.762695
vt 0.959961 0.761230
vt 0.958984 0.760254
vt 0.962891 0.752930
vt 0.963867 0.752441
vt 0.963379 0.750977
vt 0.961426 0.752930
vt 0.960938 0.753906
vt 0.959961 0.754395
vt 0.969727 0.513672
vt 0.962402 0.491699
vt 0.964355 0.491455
vt 0.968750 0.514160
vt 0.961426 0.491699
vt 0.970215 0.516113
vt 0.970215 0.517090
vt 0.971191 0.519043
vt 0.971680 0.517090
vt 0.965332 0.491455
vt 0.964844 0.489014
vt 0.964355 0.489014
vt 0.961914 0.489014
vt 0.960938 0.489258
vt 0.960449 0.472412
vt 0.961426 0.471191
vt 0.960449 0.469971
vt 0.964355 0.462646
vt 0.965332 0.462402
vt 0.964844 0.460938
vt 0.962891 0.462646
vt 0.962402 0.463867
vt 0.961426 0.464355
vt 0.970703 0.373779
vt 0.963867 0.351562
vt 0.965820 0.351562
vt 0.970215 0.374268
vt 0.962891 0.351562
vt 0.971680 0.376221
vt 0.971191 0.377197
vt 0.972168 0.378906
vt 0.973145 0.377441
vt 0.966797 0.351562
vt 0.966309 0.348877
vt 0.965332 0.348877
vt 0.963379 0.349121
vt 0.962402 0.349121
vt 0.961914 0.332520
vt 0.962402 0.331299
vt 0.961914 0.329834
vt 0.965332 0.322754
vt 0.966309 0.322510
vt 0.966309 0.321045
vt 0.964355 0.322510
vt 0.963867 0.323730
vt 0.962891 0.324463
vt 0.954102 0.738770
vt 0.953125 0.741211
vt 0.959473 0.716797
vt 0.955078 0.739258
vt 0.953613 0.742188
vt 0.952637 0.744141
vt 0.952148 0.742188
vt 0.958496 0.716309
vt 0.958496 0.713867
vt 0.961426 0.716797
vt 0.962402 0.716797
vt 0.959473 0.713867
vt 0.961914 0.714355
vt 0.962891 0.714355
vt 0.963379 0.697266
vt 0.959473 0.687988
vt 0.958496 0.687500
vt 0.962402 0.696289
vt 0.958984 0.686035
vt 0.963379 0.694824
vt 0.960938 0.687500
vt 0.960938 0.688965
vt 0.962402 0.689453
vt 0.078125 0.353760
vt 0.077271 0.356201
vt 0.083191 0.331543
vt 0.078979 0.354004
vt 0.077637 0.357178
vt 0.076599 0.358887
vt 0.075989 0.357178
vt 0.082275 0.331299
vt 0.082581 0.328857
vt 0.085205 0.331543
vt 0.086182 0.331543
vt 0.083496 0.328857
vt 0.085693 0.329102
vt 0.086548 0.329102
vt 0.087219 0.312256
vt 0.083496 0.302734
vt 0.082581 0.302246
vt 0.082886 0.300781
vt 0.084839 0.302490
vt 0.086426 0.311035
vt 0.087097 0.309814
vt 0.085083 0.303711
vt 0.086121 0.304443
vt 0.961914 0.563965
vt 0.960938 0.546387
vt 0.963867 0.563965
vt 0.959961 0.547363
vt 0.960938 0.563965
vt 0.960449 0.544922
vt 0.961426 0.566406
vt 0.962402 0.566406
vt 0.968262 0.589355
vt 0.962402 0.538574
vt 0.961426 0.539551
vt 0.962402 0.537598
vt 0.963867 0.537598
vt 0.964355 0.536133
vt 0.964844 0.537598
vt 0.964844 0.563965
vt 0.964355 0.566406
vt 0.965332 0.566406
vt 0.969238 0.588867
vt 0.970215 0.591309
vt 0.971191 0.592285
vt 0.969727 0.592285
vt 0.970703 0.593750
vt 0.992188 0.583984
vt 0.988770 0.587402
vt 0.987793 0.583008
vt 0.986816 0.582031
vt 0.988281 0.581055
vt 0.988770 0.582031
vt 0.990234 0.581055
vt 0.986816 0.583984
vt 0.985840 0.583984
vt 0.985840 0.585938
vt 0.990234 0.582031
vt 0.992188 0.582031
vt 0.986816 0.585449
vt 0.986816 0.587402
vt 0.987793 0.586426
vt 0.988770 0.588379
vt 0.991211 0.583008
vt 0.993164 0.583496
vt 0.992188 0.585449
vt 0.993164 0.585449
vt 0.990234 0.587402
vt 0.990723 0.588379
vt 0.991211 0.586426
vt 0.992188 0.587402
vt 0.987793 0.172241
vt 0.980469 0.168457
vt 0.986816 0.166260
vt 0.979004 0.173218
vt 0.983887 0.178833
vt 0.988770 0.174683
vt 0.989746 0.171631
vt 0.991211 0.176025
vt 0.988770 0.165894
vt 0.981934 0.164429
vt 0.989258 0.164062
vt 0.987793 0.161987
vt 0.983887 0.161011
vt 0.991211 0.160889
vt 0.985840 0.157715
vt 0.989746 0.159912
vt 0.991211 0.158936
vt 0.986816 0.156128
vt 0.987793 0.154663
vt 1.967773 0.612793
vt 1.967773 0.639160
vt 1.970703 0.621094
vt 1.966797 0.610840
vt 1.966797 0.612305
vt 1.968750 0.612793
vt 1.966797 0.639160
vt 1.968750 0.613770
vt 1.969727 0.614258
vt 1.970703 0.620117
vt 1.971680 0.622559
vt 1.969727 0.639160
vt 1.970703 0.639160
vt 1.969727 0.641602
vt 1.968750 0.641602
vt 1.962891 0.664062
vt 1.966797 0.641602
vt 1.965820 0.641602
vt 1.961914 0.664062
vt 1.960938 0.666016
vt 1.961914 0.666992
vt 1.959961 0.667480
vt 1.960938 0.668945
vt 1.965820 0.392822
vt 1.965820 0.418945
vt 1.968750 0.401367
vt 1.964844 0.390869
vt 1.964844 0.392578
vt 1.966797 0.392578
vt 1.964844 0.418945
vt 1.967773 0.393799
vt 1.968750 0.394531
vt 1.969727 0.399902
vt 1.969727 0.402344
vt 1.967773 0.419189
vt 1.968750 0.419189
vt 1.968750 0.421631
vt 1.967773 0.421631
vt 1.961914 0.444336
vt 1.965820 0.421631
vt 1.964844 0.421387
vt 1.960938 0.443848
vt 1.959961 0.446289
vt 1.959961 0.447266
vt 1.958008 0.447266
vt 1.958984 0.448975
vt 1.962891 0.781738
vt 1.960938 0.781738
vt 1.967773 0.804199
vt 1.966797 0.804199
vt 1.968750 0.806152
vt 1.959961 0.781738
vt 1.968750 0.807617
vt 1.969727 0.809082
vt 1.969727 0.807617
vt 1.963867 0.781738
vt 1.963867 0.779297
vt 1.959961 0.779297
vt 1.958984 0.779297
vt 1.958984 0.762695
vt 1.962891 0.779297
vt 1.959961 0.761230
vt 1.958984 0.760254
vt 1.962891 0.752930
vt 1.963867 0.752441
vt 1.962891 0.750977
vt 1.960938 0.752930
vt 1.960938 0.753906
vt 1.959961 0.754395
vt 1.963867 0.491455
vt 1.961914 0.491699
vt 1.969727 0.513672
vt 1.968750 0.514160
vt 1.969727 0.516113
vt 1.960938 0.491699
vt 1.969727 0.517090
vt 1.970703 0.519043
vt 1.971680 0.517090
vt 1.964844 0.491455
vt 1.964844 0.489014
vt 1.961914 0.489014
vt 1.960938 0.489258
vt 1.959961 0.472412
vt 1.963867 0.489014
vt 1.960938 0.471191
vt 1.959961 0.469971
vt 1.963867 0.462646
vt 1.964844 0.462402
vt 1.964844 0.460938
vt 1.962891 0.462646
vt 1.961914 0.463867
vt 1.960938 0.464355
vt 1.965820 0.351562
vt 1.963867 0.351562
vt 1.970703 0.373779
vt 1.969727 0.374268
vt 1.971680 0.376221
vt 1.962891 0.351562
vt 1.970703 0.377197
vt 1.971680 0.378906
vt 1.972656 0.377441
vt 1.966797 0.351562
vt 1.965820 0.348877
vt 1.962891 0.349121
vt 1.961914 0.349121
vt 1.961914 0.332520
vt 1.964844 0.348877
vt 1.961914 0.331299
vt 1.961914 0.329834
vt 1.964844 0.322754
vt 1.965820 0.322510
vt 1.965820 0.321045
vt 1.963867 0.322510
vt 1.963867 0.323730
vt 1.962891 0.324463
vt 1.958984 0.716797
vt 1.953125 0.741211
vt 1.954102 0.738770
vt 1.955078 0.739258
vt 1.953125 0.742188
vt 1.952148 0.744141
vt 1.952148 0.742188
vt 1.958008 0.716309
vt 1.958008 0.713867
vt 1.960938 0.716797
vt 1.961914 0.716797
vt 1.958984 0.713867
vt 1.961914 0.714355
vt 1.962891 0.714355
vt 1.962891 0.697266
vt 1.958984 0.687988
vt 1.958008 0.687500
vt 1.958984 0.686035
vt 1.960938 0.687500
vt 1.961914 0.696289
vt 1.962891 0.694824
vt 1.960938 0.688965
vt 1.961914 0.689453
vt 1.083008 0.331543
vt 1.077148 0.356201
vt 1.078125 0.353760
vt 1.078125 0.354004
vt 1.077148 0.357178
vt 1.076172 0.358887
vt 1.075195 0.357178
vt 1.082031 0.331299
vt 1.082031 0.328857
vt 1.084961 0.331543
vt 1.085938 0.331543
vt 1.083008 0.328857
vt 1.084961 0.329102
vt 1.085938 0.329102
vt 1.086914 0.312256
vt 1.083008 0.302734
vt 1.082031 0.302246
vt 1.082031 0.300781
vt 1.083984 0.302490
vt 1.085938 0.311035
vt 1.086914 0.309814
vt 1.084961 0.303711
vt 1.085938 0.304443
vt 1.961914 0.563965
vt 1.963867 0.563965
vt 1.960938 0.546387
vt 1.959961 0.547363
vt 1.960938 0.563965
vt 1.959961 0.544922
vt 1.960938 0.566406
vt 1.961914 0.566406
vt 1.967773 0.589355
vt 1.961914 0.538574
vt 1.960938 0.539551
vt 1.961914 0.537598
vt 1.963867 0.537598
vt 1.963867 0.536133
vt 1.964844 0.537598
vt 1.964844 0.563965
vt 1.963867 0.566406
vt 1.964844 0.566406
vt 1.968750 0.588867
vt 1.969727 0.591309
vt 1.970703 0.592285
vt 1.969727 0.592285
vt 1.970703 0.593750
vt 1.754883 0.939453
vt 1.737305 0.938965
vt 1.737305 0.940918
vt 1.754883 0.941406
vt 1.737305 0.941895
vt 1.754883 0.943848
vt 1.737305 0.943359
vt 1.737305 0.945801
vt 1.754883 0.946777
vt 1.737305 0.947754
vt 1.754883 0.949707
vt 1.737305 0.949707
vt 1.737305 0.937988
vt 1.738281 0.937500
vt 1.750977 0.937500
vt 1.751953 0.937012
vt 1.754883 0.937500
vt 1.752930 0.936523
vt 1.754883 0.935547
vt 1.752930 0.935547
vt 1.752930 0.933594
vt 1.754883 0.933105
vt 1.752930 0.932617
vt 1.754883 0.931152
vt 1.752930 0.931152
vt 1.752930 0.928711
vt 1.754883 0.928711
vt 1.752930 0.928223
vt 1.754883 0.926758
vt 1.752930 0.927246
vt 1.751953 0.926270
vt 1.754883 0.924805
vt 1.750977 0.925781
vt 1.737305 0.924316
vt 1.738281 0.925781
vt 1.737305 0.925293
vt 1.754883 0.922363
vt 1.737305 0.922363
vt 1.754883 0.920410
vt 1.737305 0.920410
vt 1.739258 0.919922
vt 1.737305 0.919922
vt 1.739258 0.919434
vt 1.754883 0.918457
vt 1.739258 0.918457
vt 1.754883 0.916504
vt 1.739258 0.916504
vt 1.620117 0.882324
vt 1.620117 0.876465
vt 1.617188 0.878418
vt 1.522461 0.876465
vt 1.522461 0.878418
vt 1.622070 0.876465
vt 1.615234 0.880859
vt 1.522461 0.880859
vt 1.618164 0.881836
vt 1.621094 0.887207
vt 1.622070 0.884766
vt 1.625977 0.881836
vt 1.625977 0.876465
vt 1.628906 0.880859
vt 1.628906 0.876465
vt 1.630859 0.880371
vt 1.630859 0.876465
vt 1.663086 0.880371
vt 1.663086 0.876465
vt 1.666016 0.879883
vt 1.666016 0.876465
vt 1.667969 0.879395
vt 1.667969 0.876465
vt 1.670898 0.878418
vt 1.670898 0.876465
vt 1.674805 0.877930
vt 1.675781 0.876465
vt 1.677734 0.877930
vt 1.677734 0.876465
vt 1.681641 0.878418
vt 1.688477 0.879883
vt 1.686523 0.879883
vt 1.688477 0.880859
vt 1.690430 0.880371
vt 1.690430 0.882324
vt 1.693359 0.880859
vt 1.693359 0.883301
vt 1.695312 0.881348
vt 1.695312 0.883789
vt 1.727539 0.881348
vt 1.727539 0.883789
vt 1.705078 0.990723
vt 1.708984 0.990723
vt 1.705078 0.986328
vt 1.703125 0.986816
vt 1.703125 0.990723
vt 1.709961 0.983887
vt 1.711914 0.989746
vt 1.713867 0.988770
vt 1.715820 0.987305
vt 1.713867 0.981445
vt 1.717773 0.984375
vt 1.718750 0.981445
vt 1.715820 0.979004
vt 1.718750 0.979004
vt 1.716797 0.976074
vt 1.719727 0.976074
vt 0.626465 0.476562
vt 0.630371 0.476562
vt 0.626465 0.479248
vt 0.626465 0.473877
vt 0.625488 0.476562
vt 0.625000 0.478027
vt 0.621582 0.478027
vt 0.625000 0.473877
vt 0.630371 0.481201
vt 0.625000 0.471680
vt 0.630371 0.471680
vt 0.620117 0.479248
vt 0.626465 0.471680
vt 0.626465 0.469727
vt 0.625000 0.469727
vt 0.630371 0.467041
vt 0.625488 0.467041
vt 0.626465 0.467041
vt 0.626465 0.464111
vt 0.625000 0.465576
vt 0.630371 0.462402
vt 0.621582 0.465576
vt 0.620117 0.464111
vt 0.621094 0.467041
vt 0.561035 0.462402
vt 0.630371 0.457520
vt 0.620117 0.467041
vt 0.621094 0.468750
vt 0.561035 0.467041
vt 0.561035 0.457520
vt 0.620117 0.468994
vt 0.620117 0.469727
vt 0.617676 0.469727
vt 0.616211 0.468994
vt 0.617188 0.470459
vt 0.559082 0.462402
vt 0.616211 0.471680
vt 0.616699 0.471680
vt 0.617188 0.472900
vt 0.561035 0.471680
vt 0.616211 0.474609
vt 0.617676 0.473633
vt 0.620117 0.474609
vt 0.620117 0.473633
vt 0.621094 0.474609
vt 0.620117 0.476562
vt 0.621094 0.476562
vt 0.561035 0.476562
vt 0.559082 0.471680
vt 0.561035 0.481201
vt 0.630371 0.485840
vt 0.559082 0.467041
vt 0.555176 0.467041
vt 0.559082 0.476562
vt 0.555176 0.471680
vt 0.555176 0.476562
vt 0.559082 0.481201
vt 0.559082 0.485840
vt 0.561035 0.485840
vt 0.561035 0.490723
vt 0.555176 0.481201
vt 0.559082 0.490723
vt 0.555176 0.485840
vt 0.553711 0.481201
vt 0.553711 0.485840
vt 0.553711 0.490723
vt 0.541016 0.485840
vt 0.541016 0.481201
vt 0.541016 0.476562
vt 0.541016 0.490723
vt 0.553711 0.476562
vt 0.541016 0.471680
vt 0.553711 0.471680
vt 0.553711 0.467041
vt 0.541016 0.467041
vt 0.553711 0.462402
vt 0.541016 0.462402
vt 0.555176 0.462402
vt 0.553711 0.457520
vt 0.541016 0.457520
vt 0.553711 0.452881
vt 0.541016 0.452881
vt 0.555176 0.457520
vt 0.559082 0.457520
vt 0.555176 0.452881
vt 0.561035 0.452881
vt 0.559082 0.452881
vt 0.555664 0.447998
vt 0.553711 0.448242
vt 0.541016 0.448242
vt 0.555176 0.443359
vt 0.553711 0.443359
vt 0.541016 0.443604
vt 0.553711 0.439941
vt 0.541016 0.439941
vt 0.555176 0.439941
vt 0.553711 0.437012
vt 0.541016 0.437012
vt 0.553711 0.433838
vt 0.541016 0.433838
vt 0.541016 0.430908
vt 0.555176 0.437012
vt 0.559082 0.439941
vt 0.553711 0.430908
vt 0.541016 0.427979
vt 0.555176 0.433838
vt 0.553711 0.427979
vt 0.541016 0.424316
vt 0.555176 0.430908
vt 0.555176 0.427979
vt 0.553711 0.424561
vt 0.541016 0.419678
vt 0.559082 0.436768
vt 0.553711 0.419678
vt 0.541016 0.414795
vt 0.555176 0.424561
vt 0.553711 0.415039
vt 0.541016 0.410156
vt 0.561035 0.439941
vt 0.553711 0.410156
vt 0.541016 0.405518
vt 0.555664 0.419678
vt 0.555176 0.410156
vt 0.555176 0.415039
vt 0.559082 0.419678
vt 0.553711 0.405518
vt 0.541016 0.400635
vt 0.555176 0.405518
vt 0.553711 0.400879
vt 0.541016 0.395996
vt 0.553711 0.395996
vt 0.555176 0.395996
vt 0.555176 0.400879
vt 0.559082 0.395996
vt 0.559082 0.405518
vt 0.559082 0.400879
vt 0.561035 0.395996
vt 0.561035 0.405518
vt 0.561035 0.400879
vt 0.616211 0.398926
vt 0.616211 0.395996
vt 0.616699 0.395996
vt 0.616699 0.397217
vt 0.617676 0.397949
vt 0.619629 0.398926
vt 0.620117 0.397949
vt 0.621094 0.398926
vt 0.619629 0.400879
vt 0.621094 0.400635
vt 0.619629 0.403564
vt 0.621094 0.402344
vt 0.630371 0.405518
vt 0.626465 0.403564
vt 0.625000 0.402344
vt 0.625488 0.400879
vt 0.630371 0.400879
vt 0.630371 0.410156
vt 0.626465 0.400879
vt 0.625000 0.400879
vt 0.626465 0.398193
vt 0.630371 0.395996
vt 0.625000 0.398193
vt 0.626465 0.395996
vt 0.625000 0.395996
vt 0.561035 0.410400
vt 0.561035 0.415039
vt 0.559082 0.410400
vt 0.559082 0.415039
vt 0.561035 0.419678
vt 0.630371 0.415039
vt 0.561035 0.424561
vt 0.579102 0.419434
vt 0.559082 0.424561
vt 0.559082 0.427979
vt 0.561035 0.427979
vt 0.559082 0.430908
vt 0.559082 0.433838
vt 0.561035 0.430908
vt 0.561035 0.433838
vt 0.561035 0.436768
vt 0.570801 0.433838
vt 0.570801 0.431396
vt 0.572266 0.433838
vt 0.570801 0.436523
vt 0.572266 0.431641
vt 0.572266 0.436279
vt 0.571289 0.428955
vt 0.572754 0.429443
vt 0.573242 0.425781
vt 0.574219 0.426514
vt 0.571289 0.438965
vt 0.572754 0.438477
vt 0.574707 0.423096
vt 0.576172 0.424072
vt 0.576660 0.421143
vt 0.577637 0.422607
vt 0.580078 0.420654
vt 0.582520 0.419678
vt 0.582031 0.418213
vt 0.585449 0.417725
vt 0.585449 0.419189
vt 0.613281 0.419189
vt 0.613281 0.417480
vt 0.614258 0.419434
vt 0.615234 0.417969
vt 0.616699 0.419189
vt 0.630371 0.419678
vt 0.615723 0.420410
vt 0.617676 0.421631
vt 0.616699 0.422607
vt 0.618652 0.424072
vt 0.630371 0.423340
vt 0.617188 0.424561
vt 0.618652 0.426514
vt 0.630371 0.426270
vt 0.617676 0.426758
vt 0.619141 0.428955
vt 0.617676 0.429199
vt 0.630371 0.428955
vt 0.617676 0.431641
vt 0.619141 0.431641
vt 0.630371 0.431641
vt 0.617676 0.433838
vt 0.619141 0.433838
vt 0.630371 0.433838
vt 0.630371 0.436279
vt 0.619141 0.436279
vt 0.617676 0.436279
vt 0.630371 0.438965
vt 0.619141 0.438721
vt 0.617676 0.438721
vt 0.630371 0.441650
vt 0.617676 0.441162
vt 0.618652 0.441162
vt 0.630371 0.444580
vt 0.617188 0.443115
vt 0.618652 0.443604
vt 0.630371 0.447998
vt 0.616699 0.445312
vt 0.617676 0.446289
vt 0.615723 0.447266
vt 0.616699 0.448486
vt 0.614258 0.448486
vt 0.630371 0.452881
vt 0.615234 0.449707
vt 0.613281 0.450195
vt 0.613281 0.448730
vt 0.585449 0.450195
vt 0.585449 0.448730
vt 0.582520 0.448242
vt 0.582031 0.449707
vt 0.579102 0.448486
vt 0.580078 0.447021
vt 0.561035 0.447998
vt 0.576660 0.446533
vt 0.577637 0.445312
vt 0.576172 0.443848
vt 0.574707 0.444580
vt 0.574219 0.441162
vt 0.559082 0.447998
vt 0.561035 0.443359
vt 0.559082 0.443359
vt 0.573242 0.442139
vt 0.555176 0.506348
vt 0.555176 0.503418
vt 0.559082 0.503418
vt 0.555176 0.500000
vt 0.553711 0.506348
vt 0.559082 0.506348
vt 0.553711 0.503418
vt 0.541016 0.503418
vt 0.541016 0.506348
vt 0.541016 0.500000
vt 0.553711 0.509277
vt 0.541016 0.509277
vt 0.553711 0.500000
vt 0.541016 0.495361
vt 0.541016 0.512695
vt 0.553711 0.495361
vt 0.553711 0.512207
vt 0.541016 0.515625
vt 0.555176 0.490723
vt 0.555664 0.495361
vt 0.553711 0.515625
vt 0.541016 0.519043
vt 0.559082 0.495361
vt 0.561035 0.495361
vt 0.559082 0.500000
vt 0.561035 0.500000
vt 0.561035 0.503418
vt 0.574707 0.498779
vt 0.561035 0.506348
vt 0.571289 0.504395
vt 0.573242 0.501465
vt 0.574219 0.501953
vt 0.572754 0.504883
vt 0.576172 0.499756
vt 0.572266 0.507324
vt 0.576660 0.496826
vt 0.577637 0.498047
vt 0.580078 0.496338
vt 0.570801 0.506836
vt 0.572266 0.509277
vt 0.579102 0.495117
vt 0.582520 0.495361
vt 0.582031 0.493896
vt 0.585449 0.493408
vt 0.585449 0.494873
vt 0.613281 0.494873
vt 0.613281 0.493408
vt 0.614258 0.495117
vt 0.630371 0.490723
vt 0.615234 0.493652
vt 0.616699 0.494873
vt 0.615723 0.496094
vt 0.630371 0.495361
vt 0.617676 0.497314
vt 0.616699 0.498291
vt 0.618652 0.499756
vt 0.630371 0.499023
vt 0.617188 0.500488
vt 0.618652 0.502441
vt 0.630371 0.501953
vt 0.617676 0.502441
vt 0.619141 0.504883
vt 0.617676 0.504883
vt 0.630371 0.504395
vt 0.617676 0.507324
vt 0.619141 0.507324
vt 0.630371 0.507324
vt 0.617676 0.509277
vt 0.619141 0.509277
vt 0.630371 0.509277
vt 0.630371 0.511719
vt 0.619141 0.511719
vt 0.617676 0.511719
vt 0.630371 0.514648
vt 0.619141 0.514160
vt 0.617676 0.514160
vt 0.630371 0.517090
vt 0.617676 0.516602
vt 0.618652 0.516602
vt 0.630371 0.520020
vt 0.617188 0.518555
vt 0.618652 0.519531
vt 0.630371 0.523926
vt 0.616699 0.520996
vt 0.617676 0.521973
vt 0.615723 0.522949
vt 0.616699 0.523926
vt 0.614258 0.523926
vt 0.630371 0.528320
vt 0.615234 0.525391
vt 0.613281 0.525879
vt 0.613281 0.524414
vt 0.585449 0.525879
vt 0.585449 0.524414
vt 0.582520 0.523926
vt 0.561035 0.528320
vt 0.582031 0.525391
vt 0.579102 0.523926
vt 0.580078 0.522461
vt 0.630371 0.533203
vt 0.576660 0.521973
vt 0.577637 0.520996
vt 0.576172 0.519531
vt 0.561035 0.523438
vt 0.574707 0.520020
vt 0.574219 0.516602
vt 0.561035 0.533203
vt 0.573242 0.517578
vt 0.572754 0.514160
vt 0.561035 0.519043
vt 0.571289 0.514648
vt 0.572266 0.511719
vt 0.559082 0.528320
vt 0.570801 0.512207
vt 0.561035 0.515625
vt 0.559082 0.523438
vt 0.559082 0.519043
vt 0.570801 0.509277
vt 0.561035 0.512207
vt 0.561035 0.509277
vt 0.559082 0.509277
vt 0.559082 0.512207
vt 0.555176 0.509277
vt 0.555176 0.512207
vt 0.559082 0.515625
vt 0.555176 0.515625
vt 0.555176 0.519043
vt 0.553711 0.519043
vt 0.541016 0.523926
vt 0.553711 0.523438
vt 0.541016 0.528320
vt 0.555664 0.523438
vt 0.553711 0.528320
vt 0.555176 0.528320
vt 0.541016 0.533203
vt 0.555176 0.533203
vt 0.553711 0.533203
vt 0.541016 0.538086
vt 0.559082 0.533203
vt 0.553711 0.538086
vt 0.541016 0.542480
vt 0.555176 0.538086
vt 0.559082 0.538086
vt 0.561035 0.538086
vt 0.630371 0.538086
vt 0.555176 0.542480
vt 0.553711 0.542480
vt 0.541016 0.547363
vt 0.553711 0.547363
vt 0.555176 0.547363
vt 0.559082 0.547363
vt 0.559082 0.542480
vt 0.561035 0.542480
vt 0.561035 0.547363
vt 0.619629 0.540039
vt 0.616211 0.544434
vt 0.616211 0.547363
vt 0.616699 0.545898
vt 0.616699 0.547363
vt 0.617676 0.545410
vt 0.619629 0.542480
vt 0.619629 0.544434
vt 0.620117 0.545410
vt 0.621094 0.544434
vt 0.621094 0.542480
vt 0.621094 0.541016
vt 0.626465 0.540039
vt 0.625000 0.541016
vt 0.625488 0.542480
vt 0.630371 0.542480
vt 0.626465 0.542480
vt 0.626465 0.545410
vt 0.630371 0.547363
vt 0.625000 0.542480
vt 0.626465 0.547363
vt 0.625000 0.545410
vt 0.625000 0.547363
vt 0.739258 0.031342
vt 0.739258 0.058563
vt 0.736816 0.057617
vt 0.736816 0.032257
vt 0.742676 0.030914
vt 0.734375 0.033783
vt 0.742676 0.058990
vt 0.734375 0.056091
vt 0.771484 0.058990
vt 0.732422 0.035217
vt 0.771484 0.030914
vt 0.732422 0.054688
vt 0.772461 0.058716
vt 0.730469 0.052246
vt 0.772461 0.031174
vt 0.773926 0.032104
vt 0.773926 0.057800
vt 0.775391 0.055939
vt 0.775391 0.033966
vt 0.730469 0.037628
vt 0.776855 0.053986
vt 0.776855 0.035919
vt 0.729004 0.044952
vt 0.729004 0.049500
vt 0.729004 0.040405
vt 0.728516 0.047241
vt 0.728516 0.042633
vt 0.728027 0.044952
vt 0.778320 0.044952
vt 0.778320 0.042603
vt 0.777344 0.037872
vt 0.777832 0.040192
vt 0.778320 0.047302
vt 0.777344 0.052002
vt 0.777832 0.049683
vt 0.894043 0.520996
vt 0.895996 0.522949
vt 0.895020 0.523926
vt 0.893555 0.521973
vt 0.891602 0.519531
vt 0.897461 0.525391
vt 0.897461 0.518555
vt 0.892578 0.519043
vt 0.890625 0.517090
vt 0.898438 0.520020
vt 0.895996 0.517090
vt 0.897949 0.524414
vt 0.900391 0.520996
vt 0.902344 0.522461
vt 0.891602 0.516602
vt 0.895020 0.515137
vt 0.894043 0.512695
vt 0.900391 0.525879
vt 0.905273 0.523438
vt 0.899902 0.526855
vt 0.890625 0.514160
vt 0.893555 0.509766
vt 0.889160 0.514160
vt 0.904297 0.527344
vt 0.904297 0.528320
vt 0.908203 0.527832
vt 0.908691 0.523926
vt 0.908203 0.529297
vt 0.912109 0.523926
vt 0.912598 0.527832
vt 0.912598 0.529297
vt 0.916504 0.526855
vt 0.915039 0.523438
vt 0.916504 0.528320
vt 0.917969 0.521973
vt 0.919922 0.525391
vt 0.920410 0.526367
vt 0.923828 0.523926
vt 0.923340 0.522949
vt 0.920898 0.520020
vt 0.926758 0.520996
vt 0.922852 0.518066
vt 0.925781 0.520508
vt 0.929199 0.517578
vt 0.928223 0.517090
vt 0.924805 0.515137
vt 0.930664 0.513672
vt 0.925781 0.512207
vt 0.929688 0.513184
vt 0.931641 0.509277
vt 0.930664 0.509277
vt 0.926758 0.508789
vt 0.926758 0.505859
vt 0.930664 0.505371
vt 0.931641 0.505371
vt 0.930664 0.500977
vt 0.929688 0.501465
vt 0.925781 0.502441
vt 0.929688 0.498047
vt 0.928711 0.498535
vt 0.924805 0.500000
vt 0.923828 0.498535
vt 0.927246 0.496338
vt 0.928223 0.495850
vt 0.922852 0.496826
vt 0.925781 0.494385
vt 0.926758 0.493652
vt 0.924805 0.491699
vt 0.924316 0.492432
vt 0.921387 0.495361
vt 0.922852 0.489990
vt 0.921875 0.490967
vt 0.919922 0.494141
vt 0.917969 0.492920
vt 0.919434 0.489502
vt 0.919922 0.488281
vt 0.914551 0.491699
vt 0.915527 0.488037
vt 0.916016 0.486816
vt 0.911621 0.486084
vt 0.911621 0.487305
vt 0.911621 0.491211
vt 0.907715 0.486328
vt 0.907715 0.487305
vt 0.908203 0.491455
vt 0.903809 0.488281
vt 0.905273 0.491943
vt 0.903320 0.487061
vt 0.901855 0.493408
vt 0.900391 0.489990
vt 0.899414 0.488770
vt 0.895996 0.491211
vt 0.896973 0.492188
vt 0.899414 0.495117
vt 0.893066 0.494385
vt 0.896973 0.497559
vt 0.894043 0.495117
vt 0.890625 0.497803
vt 0.892090 0.498291
vt 0.895508 0.500000
vt 0.889160 0.501465
vt 0.894043 0.502930
vt 0.890625 0.501953
vt 0.888672 0.505859
vt 0.893555 0.506348
vt 0.889648 0.505859
vt 0.888672 0.510254
vt 0.889648 0.509766
vt 1.777344 0.049683
vt 1.778320 0.047302
vt 1.777344 0.052002
vt 1.776367 0.053986
vt 1.778320 0.044952
vt 1.776367 0.035919
vt 1.778320 0.042603
vt 1.777344 0.037872
vt 1.777344 0.040192
vt 1.775391 0.033966
vt 1.775391 0.055939
vt 1.773438 0.032104
vt 1.773438 0.057800
vt 1.772461 0.058716
vt 1.772461 0.031174
vt 1.771484 0.030914
vt 1.771484 0.058990
vt 1.742188 0.030914
vt 1.742188 0.058990
vt 1.739258 0.058563
vt 1.739258 0.031342
vt 1.736328 0.057617
vt 1.736328 0.032257
vt 1.734375 0.033783
vt 1.734375 0.056091
vt 1.732422 0.035217
vt 1.732422 0.054688
vt 1.730469 0.052246
vt 1.730469 0.037628
vt 1.728516 0.044952
vt 1.728516 0.040405
vt 1.728516 0.049500
vt 1.728516 0.042633
vt 1.728516 0.047241
vt 1.727539 0.044952
vt 0.950684 0.866211
vt 0.964844 0.866211
vt 0.964844 0.880859
vt 0.950684 0.880859
vt 0.950684 0.883301
vt 0.948242 0.881836
vt 0.954102 0.884277
vt 0.958008 0.884766
vt 0.961426 0.884277
vt 0.964844 0.883301
vt 0.967285 0.881836
vt 0.610352 0.930664
vt 0.609863 0.937988
vt 0.606445 0.936523
vt 0.605469 0.940918
vt 0.601562 0.935547
vt 0.600586 0.939453
vt 0.610352 0.941406
vt 0.595703 0.938477
vt 0.615723 0.938477
vt 0.615234 0.942383
vt 0.620117 0.942871
vt 0.612305 0.937012
vt 0.611328 0.936035
vt 0.615723 0.937500
vt 0.620605 0.938965
vt 0.620605 0.937500
vt 0.625488 0.942871
vt 0.625488 0.937500
vt 0.611816 0.930176
vt 0.625488 0.938965
vt 0.630371 0.937500
vt 0.630371 0.942871
vt 0.630371 0.938965
vt 0.634766 0.937500
vt 0.635742 0.942383
vt 0.635254 0.938477
vt 0.638672 0.937012
vt 0.640625 0.941406
vt 0.640625 0.937988
vt 0.639160 0.936035
vt 0.645508 0.940918
vt 0.640137 0.930664
vt 0.638672 0.930176
vt 0.644531 0.936523
vt 0.648926 0.935547
vt 0.649902 0.939453
vt 0.643555 0.930176
vt 0.654785 0.938477
vt 0.642578 0.925293
vt 0.639648 0.925293
vt 0.638184 0.925781
vt 0.638672 0.922852
vt 0.637207 0.922852
vt 0.641602 0.922852
vt 0.645508 0.921875
vt 0.647461 0.929688
vt 0.645996 0.924316
vt 0.649902 0.923340
vt 0.648926 0.920898
vt 0.651367 0.928223
vt 0.653320 0.934082
vt 0.659180 0.936523
vt 0.657715 0.932617
vt 0.663574 0.934570
vt 0.662109 0.930664
vt 0.655273 0.926758
vt 0.659180 0.924805
vt 0.653320 0.921875
vt 0.656250 0.920410
vt 0.652344 0.919434
vt 0.655273 0.917969
vt 0.934570 0.562012
vt 0.934082 0.561035
vt 0.935059 0.562500
vt 0.934082 0.562988
vt 0.933105 0.562012
vt 0.934570 0.563477
vt 0.932617 0.561523
vt 0.939453 0.564453
vt 0.938965 0.565918
vt 0.940430 0.565430
vt 0.941895 0.562500
vt 0.942871 0.563477
vt 0.933105 0.560547
vt 0.944336 0.560059
vt 0.945312 0.560547
vt 0.947266 0.557617
vt 0.931641 0.561035
vt 0.945801 0.557129
vt 0.948242 0.554199
vt 0.932129 0.559570
vt 0.946777 0.554199
vt 0.948730 0.550781
vt 0.931152 0.561035
vt 0.946777 0.550781
vt 0.946777 0.547852
vt 0.948242 0.547363
vt 0.932129 0.542480
vt 0.931152 0.559570
vt 0.929688 0.559570
vt 0.930176 0.561035
vt 0.945801 0.544922
vt 0.947266 0.544434
vt 0.933105 0.541504
vt 0.944336 0.541992
vt 0.945312 0.541504
vt 0.942871 0.538574
vt 0.931641 0.541016
vt 0.932617 0.540527
vt 0.931152 0.541016
vt 0.934082 0.541016
vt 0.933105 0.540039
vt 0.941895 0.539551
vt 0.940430 0.536621
vt 0.934570 0.540039
vt 0.934082 0.539062
vt 0.935059 0.539551
vt 0.934570 0.538574
vt 0.939453 0.537598
vt 0.938965 0.536133
vt 0.931152 0.542480
vt 0.929688 0.542480
vt 0.930176 0.541016
vt 0.928711 0.541504
vt 0.929199 0.540527
vt 0.915039 0.550781
vt 0.927734 0.541016
vt 0.928711 0.540039
vt 0.915527 0.547852
vt 0.927246 0.540039
vt 0.928223 0.539062
vt 0.926758 0.539551
vt 0.927246 0.538574
vt 0.913574 0.550781
vt 0.922363 0.537598
vt 0.922852 0.536133
vt 0.921387 0.536621
vt 0.919922 0.539551
vt 0.918945 0.538574
vt 0.917480 0.541992
vt 0.916504 0.541504
vt 0.914551 0.544434
vt 0.916016 0.544922
vt 0.913574 0.547363
vt 0.915527 0.554199
vt 0.913574 0.554199
vt 0.928711 0.560547
vt 0.916016 0.557129
vt 0.914551 0.557617
vt 0.929199 0.561523
vt 0.917480 0.560059
vt 0.916504 0.560547
vt 0.918945 0.563477
vt 0.927734 0.561035
vt 0.928711 0.562012
vt 0.919922 0.562500
vt 0.921387 0.565430
vt 0.927246 0.562012
vt 0.928223 0.562988
vt 0.926758 0.562500
vt 0.927246 0.563477
vt 0.922363 0.564453
vt 0.922852 0.565918
vt 0.963379 0.897461
vt 0.969238 0.896484
vt 0.969238 0.897949
vt 0.970215 0.896484
vt 0.970215 0.899414
vt 0.968750 0.899414
vt 0.963867 0.899414
vt 0.962402 0.897949
vt 0.958984 0.898926
vt 0.962402 0.900391
vt 0.961426 0.900391
vt 0.962402 0.900879
vt 0.960938 0.901855
vt 0.959473 0.901855
vt 0.958008 0.900391
vt 0.957031 0.900879
vt 0.958496 0.902832
vt 0.957520 0.906250
vt 0.958496 0.906250
vt 0.956055 0.905762
vt 0.958496 0.906738
vt 0.957031 0.906738
vt 0.956055 0.906738
vt 0.958008 0.907715
vt 0.957031 0.907715
vt 0.956055 0.907715
vt 0.958008 0.908691
vt 0.957031 0.908691
vt 0.955566 0.908691
vt 0.957520 0.909668
vt 0.956543 0.909668
vt 0.955566 0.909668
vt 0.957520 0.910645
vt 0.956543 0.910645
vt 0.955566 0.910645
vt 0.955566 0.911621
vt 0.956543 0.911621
vt 0.957520 0.911621
vt 0.955566 0.912598
vt 0.957031 0.912598
vt 0.958008 0.912598
vt 0.956055 0.913574
vt 0.957031 0.913574
vt 0.958008 0.913574
vt 0.956055 0.914551
vt 0.957031 0.914551
vt 0.958496 0.914551
vt 0.956055 0.915527
vt 0.957520 0.915527
vt 0.958496 0.915039
vt 0.957031 0.920410
vt 0.958496 0.918945
vt 0.958008 0.920898
vt 0.958984 0.922363
vt 0.959473 0.919922
vt 0.961426 0.920898
vt 0.960938 0.919434
vt 0.962402 0.920410
vt 0.962402 0.920898
vt 0.962402 0.923340
vt 0.963379 0.923828
vt 0.963867 0.921875
vt 0.969238 0.923340
vt 0.969238 0.924805
vt 0.968750 0.921875
vt 0.970215 0.924805
vt 0.970215 0.921875
vt 0.607422 0.930176
vt 0.603027 0.929688
vt 0.597168 0.934082
vt 0.591309 0.936523
vt 0.592773 0.932617
vt 0.586914 0.934570
vt 0.588867 0.930664
vt 0.595215 0.926758
vt 0.591309 0.924805
vt 0.597656 0.921875
vt 0.599121 0.928223
vt 0.594238 0.920410
vt 0.598633 0.919434
vt 0.595703 0.917969
vt 0.601562 0.920898
vt 0.601074 0.923340
vt 0.604980 0.921875
vt 0.604492 0.924316
vt 0.608398 0.925293
vt 0.608887 0.922852
vt 0.611328 0.925293
vt 0.611816 0.922852
vt 0.612305 0.925781
vt 0.613770 0.922852
vt 0.473145 0.766113
vt 0.473145 0.778320
vt 0.472656 0.778320
vt 0.472656 0.766113
vt 0.474365 0.766113
vt 0.471436 0.777832
vt 0.474365 0.778809
vt 0.471436 0.766113
vt 0.478027 0.766113
vt 0.470703 0.777344
vt 0.478027 0.779785
vt 0.479004 0.766113
vt 0.479004 0.780762
vt 0.470703 0.766113
vt 0.469727 0.776855
vt 0.469727 0.766113
vt 0.466309 0.774902
vt 0.467285 0.775879
vt 0.467041 0.775391
vt 0.465820 0.773926
vt 0.464844 0.773926
vt 0.464111 0.773438
vt 0.458252 0.766113
vt 0.463135 0.773926
vt 0.462158 0.773926
vt 0.461670 0.774902
vt 0.458252 0.776855
vt 0.457520 0.766113
vt 0.460693 0.775879
vt 0.461182 0.775391
vt 0.457520 0.777344
vt 0.456543 0.766113
vt 0.456543 0.777832
vt 0.455322 0.766113
vt 0.455322 0.778320
vt 0.454834 0.766113
vt 0.454834 0.778320
vt 0.453613 0.766113
vt 0.453613 0.778809
vt 0.449951 0.766113
vt 0.449951 0.779785
vt 0.448975 0.766113
vt 0.448975 0.780762
vt 1.950195 0.866211
vt 1.964844 0.866211
vt 1.964844 0.880859
vt 1.950195 0.880859
vt 1.950195 0.883301
vt 1.948242 0.881836
vt 1.954102 0.884277
vt 1.958008 0.884766
vt 1.960938 0.884277
vt 1.964844 0.883301
vt 1.966797 0.881836
vt 1.610352 0.930664
vt 1.609375 0.937988
vt 1.606445 0.936523
vt 1.605469 0.940918
vt 1.601562 0.935547
vt 1.600586 0.939453
vt 1.610352 0.941406
vt 1.595703 0.938477
vt 1.615234 0.938477
vt 1.615234 0.942383
vt 1.620117 0.942871
vt 1.612305 0.937012
vt 1.611328 0.936035
vt 1.615234 0.937500
vt 1.620117 0.938965
vt 1.620117 0.937500
vt 1.625000 0.942871
vt 1.625000 0.937500
vt 1.611328 0.930176
vt 1.625000 0.938965
vt 1.629883 0.937500
vt 1.629883 0.942871
vt 1.629883 0.938965
vt 1.634766 0.937500
vt 1.635742 0.942383
vt 1.634766 0.938477
vt 1.638672 0.937012
vt 1.640625 0.941406
vt 1.640625 0.937988
vt 1.638672 0.936035
vt 1.645508 0.940918
vt 1.639648 0.930664
vt 1.638672 0.930176
vt 1.644531 0.936523
vt 1.648438 0.935547
vt 1.649414 0.939453
vt 1.643555 0.930176
vt 1.654297 0.938477
vt 1.642578 0.925293
vt 1.639648 0.925293
vt 1.637695 0.925781
vt 1.638672 0.922852
vt 1.636719 0.922852
vt 1.641602 0.922852
vt 1.645508 0.921875
vt 1.647461 0.929688
vt 1.645508 0.924316
vt 1.649414 0.923340
vt 1.648438 0.920898
vt 1.651367 0.928223
vt 1.653320 0.934082
vt 1.659180 0.936523
vt 1.657227 0.932617
vt 1.663086 0.934570
vt 1.662109 0.930664
vt 1.655273 0.926758
vt 1.659180 0.924805
vt 1.653320 0.921875
vt 1.656250 0.920410
vt 1.652344 0.919434
vt 1.655273 0.917969
vt 1.962891 0.897461
vt 1.968750 0.896484
vt 1.968750 0.897949
vt 1.969727 0.896484
vt 1.969727 0.899414
vt 1.968750 0.899414
vt 1.963867 0.899414
vt 1.961914 0.897949
vt 1.958984 0.898926
vt 1.961914 0.900391
vt 1.960938 0.900391
vt 1.961914 0.900879
vt 1.960938 0.901855
vt 1.958984 0.901855
vt 1.958008 0.900391
vt 1.957031 0.900879
vt 1.958008 0.902832
vt 1.957031 0.906250
vt 1.958008 0.906250
vt 1.956055 0.905762
vt 1.958008 0.906738
vt 1.957031 0.906738
vt 1.956055 0.906738
vt 1.958008 0.907715
vt 1.957031 0.907715
vt 1.956055 0.907715
vt 1.958008 0.908691
vt 1.957031 0.908691
vt 1.955078 0.908691
vt 1.957031 0.909668
vt 1.956055 0.909668
vt 1.955078 0.909668
vt 1.957031 0.910645
vt 1.956055 0.910645
vt 1.955078 0.910645
vt 1.955078 0.911621
vt 1.956055 0.911621
vt 1.957031 0.911621
vt 1.955078 0.912598
vt 1.957031 0.912598
vt 1.958008 0.912598
vt 1.956055 0.913574
vt 1.957031 0.913574
vt 1.958008 0.913574
vt 1.956055 0.914551
vt 1.957031 0.914551
vt 1.958008 0.914551
vt 1.956055 0.915527
vt 1.957031 0.915527
vt 1.958008 0.915039
vt 1.957031 0.920410
vt 1.958008 0.918945
vt 1.958008 0.920898
vt 1.958984 0.922363
vt 1.958984 0.919922
vt 1.960938 0.920898
vt 1.960938 0.919434
vt 1.961914 0.920410
vt 1.961914 0.920898
vt 1.961914 0.923340
vt 1.962891 0.923828
vt 1.963867 0.921875
vt 1.968750 0.923340
vt 1.968750 0.924805
vt 1.968750 0.921875
vt 1.969727 0.924805
vt 1.969727 0.921875
vt 1.607422 0.930176
vt 1.602539 0.929688
vt 1.596680 0.934082
vt 1.590820 0.936523
vt 1.592773 0.932617
vt 1.586914 0.934570
vt 1.588867 0.930664
vt 1.594727 0.926758
vt 1.590820 0.924805
vt 1.597656 0.921875
vt 1.598633 0.928223
vt 1.593750 0.920410
vt 1.598633 0.919434
vt 1.595703 0.917969
vt 1.601562 0.920898
vt 1.600586 0.923340
vt 1.604492 0.921875
vt 1.604492 0.924316
vt 1.608398 0.925293
vt 1.608398 0.922852
vt 1.611328 0.925293
vt 1.611328 0.922852
vt 1.612305 0.925781
vt 1.613281 0.922852
vt 1.472656 0.766113
vt 1.472656 0.778320
vt 1.473633 0.766113
vt 1.470703 0.777832
vt 1.473633 0.778809
vt 1.470703 0.766113
vt 1.477539 0.766113
vt 1.470703 0.777344
vt 1.477539 0.779785
vt 1.478516 0.766113
vt 1.478516 0.780762
vt 1.469727 0.776855
vt 1.469727 0.766113
vt 1.465820 0.774902
vt 1.466797 0.775879
vt 1.466797 0.775391
vt 1.465820 0.773926
vt 1.464844 0.773926
vt 1.463867 0.773438
vt 1.458008 0.766113
vt 1.462891 0.773926
vt 1.461914 0.773926
vt 1.460938 0.774902
vt 1.458008 0.776855
vt 1.457031 0.766113
vt 1.459961 0.775879
vt 1.460938 0.775391
vt 1.457031 0.777344
vt 1.456055 0.766113
vt 1.456055 0.777832
vt 1.455078 0.766113
vt 1.455078 0.778320
vt 1.454102 0.766113
vt 1.454102 0.778320
vt 1.453125 0.766113
vt 1.453125 0.778809
vt 1.449219 0.766113
vt 1.449219 0.779785
vt 1.448242 0.766113
vt 1.448242 0.780762
vt 0.934082 0.678711
vt 0.935059 0.678223
vt 0.934570 0.682129
vt 0.934082 0.682129
vt 0.934570 0.674805
vt 0.934570 0.685547
vt 0.933594 0.686035
vt 0.934082 0.688965
vt 0.933594 0.689453
vt 0.934570 0.689453
vt 0.933594 0.689941
vt 0.934570 0.688965
vt 0.935547 0.689453
vt 0.935059 0.685547
vt 0.935059 0.682129
vt 0.935547 0.688965
vt 0.936035 0.685547
vt 0.935547 0.678223
vt 0.936035 0.688965
vt 0.936523 0.689453
vt 0.936523 0.690430
vt 0.937012 0.686035
vt 0.936523 0.686035
vt 0.937500 0.682617
vt 0.936035 0.682129
vt 0.936523 0.682129
vt 0.937988 0.678711
vt 0.937012 0.678711
vt 0.937988 0.675293
vt 0.936523 0.678223
vt 0.937500 0.674805
vt 0.938477 0.671875
vt 0.935547 0.674805
vt 0.937012 0.674805
vt 0.937500 0.671875
vt 0.937012 0.671387
vt 0.938477 0.671387
vt 0.937012 0.671875
vt 0.936035 0.671875
vt 0.935547 0.671387
vt 0.935547 0.671875
vt 0.934570 0.671875
vt 0.934570 0.671387
vt 0.935059 0.674805
vt 0.934082 0.671387
vt 0.934082 0.671875
vt 0.934082 0.674805
vt 0.933594 0.682129
vt 0.933105 0.689453
vt 0.933105 0.689941
vt 0.932129 0.689453
vt 0.932617 0.688965
vt 0.932617 0.685547
vt 0.932129 0.688965
vt 0.931152 0.688965
vt 0.931152 0.689453
vt 0.933105 0.682129
vt 0.932129 0.685547
vt 0.931152 0.685547
vt 0.930664 0.688965
vt 0.930176 0.689453
vt 0.930176 0.689941
vt 0.930176 0.686035
vt 0.930664 0.685547
vt 0.930176 0.682129
vt 0.930664 0.682129
vt 0.930176 0.678223
vt 0.931152 0.682129
vt 0.931152 0.678223
vt 0.930176 0.674805
vt 0.932617 0.682129
vt 0.931641 0.678223
vt 0.931152 0.674805
vt 0.930664 0.671875
vt 0.933105 0.678223
vt 0.932617 0.678223
vt 0.933105 0.674805
vt 0.931641 0.674805
vt 0.932617 0.674805
vt 0.933594 0.671875
vt 0.933105 0.671387
vt 0.933105 0.671875
vt 0.931641 0.671875
vt 0.931641 0.671387
vt 0.931152 0.671875
vt 0.930664 0.670898
vt 0.930176 0.671387
vt 0.930176 0.671875
vt 0.929688 0.678223
vt 0.929688 0.682129
vt 0.929688 0.686035
vt 0.929688 0.689453
vt 0.929688 0.689941
vt 0.928711 0.689453
vt 0.928711 0.688965
vt 0.929199 0.685547
vt 0.928223 0.688965
vt 0.927734 0.688965
vt 0.927246 0.689453
vt 0.929199 0.682129
vt 0.928223 0.685547
vt 0.927246 0.685547
vt 0.927246 0.688965
vt 0.926270 0.689453
vt 0.926270 0.689941
vt 0.926270 0.686035
vt 0.926758 0.685547
vt 0.926270 0.682129
vt 0.926758 0.682129
vt 0.926270 0.678711
vt 0.927246 0.682129
vt 0.926758 0.678223
vt 0.926270 0.674805
vt 0.928711 0.682129
vt 0.927246 0.678223
vt 0.926758 0.674805
vt 0.926270 0.671875
vt 0.929199 0.678223
vt 0.928711 0.678223
vt 0.929199 0.674805
vt 0.927246 0.674805
vt 0.928711 0.674805
vt 0.929199 0.671875
vt 0.928711 0.671387
vt 0.928711 0.671875
vt 0.927734 0.671875
vt 0.927246 0.671387
vt 0.927246 0.671875
vt 0.926270 0.670898
vt 0.925781 0.671875
vt 0.925781 0.671387
vt 0.925781 0.674805
vt 0.925781 0.678711
vt 0.925781 0.682129
vt 0.925781 0.686035
vt 0.924805 0.689453
vt 0.925293 0.689453
vt 0.925293 0.686035
vt 0.924805 0.688965
vt 0.923828 0.688965
vt 0.923828 0.689941
vt 0.925293 0.682129
vt 0.924805 0.685547
vt 0.923828 0.686035
vt 0.923340 0.689453
vt 0.922852 0.689941
vt 0.922852 0.690430
vt 0.922363 0.686035
vt 0.923340 0.686035
vt 0.922363 0.682617
vt 0.922852 0.682129
vt 0.922363 0.678711
vt 0.923340 0.682129
vt 0.922852 0.678711
vt 0.921875 0.675293
vt 0.924805 0.682129
vt 0.923340 0.678223
vt 0.922852 0.674805
vt 0.921875 0.671875
vt 0.925293 0.678223
vt 0.924316 0.678223
vt 0.925293 0.674805
vt 0.923340 0.674805
vt 0.924316 0.674805
vt 0.924805 0.671875
vt 0.924805 0.671387
vt 0.924316 0.671875
vt 0.923340 0.671875
vt 0.923340 0.671387
vt 0.922852 0.671875
vt 0.921875 0.671387
vt 0.921387 0.671387
vt 0.921387 0.671875
vt 0.921875 0.678711
vt 0.921875 0.682617
vt 0.922363 0.689941
vt 0.922363 0.690430
vt 0.921387 0.689941
vt 0.921875 0.689453
vt 0.921387 0.686035
vt 0.921387 0.689453
vt 0.920410 0.689453
vt 0.920898 0.690430
vt 0.921387 0.682617
vt 0.920898 0.686035
vt 0.919922 0.686035
vt 0.919434 0.689941
vt 0.919922 0.690430
vt 0.918945 0.686523
vt 0.918457 0.689941
vt 0.918945 0.690918
vt 0.917969 0.686523
vt 0.917480 0.690430
vt 0.917480 0.690918
vt 0.916992 0.687012
vt 0.916016 0.690918
vt 0.916016 0.691895
vt 0.915039 0.687500
vt 0.914551 0.691406
vt 0.915039 0.692383
vt 0.913574 0.692383
vt 0.914062 0.692871
vt 0.912109 0.688965
vt 0.913574 0.688477
vt 0.911133 0.685547
vt 0.912598 0.684570
vt 0.909668 0.681641
vt 0.913574 0.684082
vt 0.911133 0.681152
vt 0.908691 0.678223
vt 0.916016 0.683594
vt 0.912598 0.680664
vt 0.910156 0.677734
vt 0.909180 0.674805
vt 0.907715 0.674805
vt 0.907715 0.674316
vt 0.909180 0.674316
vt 0.910645 0.674316
vt 0.910156 0.673828
vt 0.911621 0.677246
vt 0.915527 0.679688
vt 0.915527 0.676270
vt 0.915039 0.672852
vt 0.915039 0.672363
vt 0.917480 0.683105
vt 0.916992 0.679199
vt 0.918457 0.682617
vt 0.916504 0.675781
vt 0.917969 0.679199
vt 0.919922 0.682617
vt 0.916504 0.672363
vt 0.916504 0.671875
vt 0.917969 0.675293
vt 0.917480 0.672363
vt 0.917480 0.671875
vt 0.919434 0.678711
vt 0.919434 0.675293
vt 0.918945 0.672363
vt 0.918945 0.671387
vt 0.920898 0.682617
vt 0.920410 0.678711
vt 0.920898 0.678711
vt 0.920898 0.675293
vt 0.920410 0.675293
vt 0.920410 0.671875
vt 0.920410 0.671387
vt 0.919922 0.671875
vt 0.944336 0.200439
vt 0.945801 0.186646
vt 0.945801 0.203735
vt 0.945312 0.203857
vt 0.943359 0.196899
vt 0.945801 0.204346
vt 0.946289 0.204346
vt 0.947266 0.204224
vt 0.942871 0.193115
vt 0.941895 0.189575
vt 0.941895 0.186646
vt 0.947266 0.203735
vt 0.948730 0.204224
vt 0.946289 0.186035
vt 0.941895 0.186035
vt 0.947266 0.186157
vt 0.947266 0.186646
vt 0.948730 0.186157
vt 0.948730 0.203735
vt 0.955078 0.203735
vt 0.955078 0.204346
vt 0.948730 0.186646
vt 0.955078 0.186646
vt 0.955078 0.186035
vt 0.963867 0.204224
vt 0.963867 0.203735
vt 0.963867 0.186646
vt 0.963867 0.186157
vt 0.966797 0.203735
vt 0.966797 0.204346
vt 0.968262 0.200195
vt 0.968750 0.196899
vt 0.969238 0.193115
vt 0.969727 0.189575
vt 0.969238 0.186646
vt 0.969238 0.186035
vt 0.940918 0.686523
vt 0.939941 0.689941
vt 0.939453 0.689453
vt 0.938965 0.689941
vt 0.939941 0.690430
vt 0.939941 0.686523
vt 0.941406 0.683105
vt 0.938965 0.689453
vt 0.937988 0.689453
vt 0.937988 0.689941
vt 0.940430 0.682617
vt 0.941895 0.679199
vt 0.939453 0.686035
vt 0.938477 0.686035
vt 0.937500 0.689453
vt 0.937012 0.689453
vt 0.937012 0.690430
vt 0.937500 0.686035
vt 0.937988 0.682617
vt 0.938477 0.675293
vt 0.939941 0.671875
vt 0.939453 0.671875
vt 0.939941 0.672363
vt 0.938965 0.675293
vt 0.939453 0.675293
vt 0.941406 0.671875
vt 0.940918 0.672363
vt 0.938965 0.678711
vt 0.939453 0.678711
vt 0.940918 0.675293
vt 0.940430 0.678711
vt 0.938477 0.682617
vt 0.938965 0.682617
vt 0.939941 0.682617
vt 0.937988 0.686035
vt 0.940918 0.678711
vt 0.942383 0.675293
vt 0.941406 0.675293
vt 0.942383 0.672363
vt 0.941406 0.672363
vt 0.942383 0.671875
vt 0.942871 0.671875
vt 0.942871 0.672363
vt 0.942383 0.679199
vt 0.941895 0.683105
vt 0.940430 0.689941
vt 0.940430 0.690430
vt 0.941406 0.690430
vt 0.940918 0.689941
vt 0.941406 0.689941
vt 0.941895 0.686523
vt 0.942383 0.690430
vt 0.942383 0.683105
vt 0.942383 0.686523
vt 0.942383 0.689941
vt 0.943359 0.689941
vt 0.942871 0.690918
vt 0.943848 0.690918
vt 0.943848 0.691406
vt 0.945312 0.687500
vt 0.944336 0.687012
vt 0.946289 0.683594
vt 0.943359 0.686523
vt 0.945312 0.683105
vt 0.946777 0.679688
vt 0.942871 0.682617
vt 0.944336 0.683105
vt 0.945801 0.679199
vt 0.947266 0.675781
vt 0.942871 0.678711
vt 0.943359 0.678711
vt 0.943359 0.675293
vt 0.944824 0.678711
vt 0.945801 0.675293
vt 0.946777 0.672363
vt 0.943848 0.675293
vt 0.944824 0.675293
vt 0.945801 0.672363
vt 0.945801 0.671875
vt 0.946777 0.671875
vt 0.944824 0.672363
vt 0.945312 0.671875
vt 0.943848 0.672363
vt 0.943848 0.671875
vt 0.943359 0.672363
vt 0.823242 0.717285
vt 0.825195 0.718750
vt 0.824707 0.719238
vt 0.825684 0.719727
vt 0.826660 0.719727
vt 0.827148 0.718262
vt 0.822754 0.719238
vt 0.824219 0.720215
vt 0.823242 0.720215
vt 0.822266 0.719238
vt 0.830078 0.711914
vt 0.819824 0.719238
vt 0.821777 0.720215
vt 0.820312 0.720215
vt 0.816895 0.717285
vt 0.819336 0.719238
vt 0.827637 0.718262
vt 0.817383 0.719238
vt 0.818848 0.720215
vt 0.817871 0.720215
vt 0.816895 0.719238
vt 0.815918 0.717773
vt 0.814941 0.718750
vt 0.816406 0.720215
vt 0.815430 0.720215
vt 0.814941 0.719727
vt 0.829590 0.719238
vt 0.828613 0.719238
vt 0.829590 0.717773
vt 0.830078 0.717773
vt 0.833008 0.716309
vt 0.832520 0.712891
vt 0.833496 0.714844
vt 0.833496 0.713379
vt 0.833008 0.716797
vt 0.832520 0.717773
vt 0.831543 0.718262
vt 0.831055 0.718750
vt 0.775391 0.977051
vt 0.774902 0.986816
vt 0.770996 0.984863
vt 0.770020 0.979004
vt 0.769531 0.980469
vt 0.769531 0.979492
vt 0.771484 0.985840
vt 0.771973 0.986816
vt 0.772949 0.987305
vt 0.773926 0.987793
vt 0.775391 0.987305
vt 0.782227 0.982422
vt 0.777832 0.987793
vt 0.775879 0.988281
vt 0.776855 0.988281
vt 0.778320 0.987793
vt 0.780273 0.988281
vt 0.778320 0.988770
vt 0.779785 0.989258
vt 0.781250 0.988281
vt 0.783203 0.988281
vt 0.781738 0.989258
vt 0.782715 0.989258
vt 0.783691 0.988281
vt 0.786133 0.988281
vt 0.784668 0.989258
vt 0.785645 0.989258
vt 0.788574 0.982422
vt 0.786621 0.988281
vt 0.790527 0.983887
vt 0.789551 0.982910
vt 0.789062 0.988281
vt 0.787598 0.989258
vt 0.788574 0.989258
vt 0.789551 0.988281
vt 0.791992 0.987793
vt 0.790527 0.989258
vt 0.791504 0.989258
vt 0.791992 0.988770
vt 1.491211 0.990234
vt 1.493164 0.989258
vt 1.493164 0.989746
vt 1.494141 0.988281
vt 1.492188 0.988770
vt 1.494141 0.987305
vt 1.491211 0.989258
vt 1.491211 0.985352
vt 1.495117 0.986328
vt 1.495117 0.988770
vt 1.496094 0.986816
vt 1.496094 0.989258
vt 1.494141 0.990723
vt 1.497070 0.987305
vt 1.492188 0.991699
vt 1.498047 0.985352
vt 1.491211 0.990723
vt 1.489258 0.992188
vt 1.489258 0.990723
vt 1.489258 0.991211
vt 1.487305 0.992188
vt 1.487305 0.991211
vt 1.485352 0.990723
vt 1.485352 0.991699
vt 1.487305 0.990234
vt 1.486328 0.989746
vt 1.484375 0.989258
vt 1.483398 0.990234
vt 1.484375 0.988770
vt 1.482422 0.987793
vt 1.481445 0.988281
vt 1.488281 0.989258
vt 1.489258 0.989746
vt 1.486328 0.988770
vt 1.489258 0.986328
vt 1.488281 0.986328
vt 1.485352 0.988281
vt 1.489258 0.985352
vt 1.490234 0.984863
vt 1.488281 0.985352
vt 1.491211 0.983887
vt 1.487305 0.985352
vt 1.487305 0.984863
vt 1.487305 0.983887
vt 1.492188 0.984375
vt 1.491211 0.982910
vt 1.486328 0.983887
vt 1.487305 0.982910
vt 1.492188 0.982910
vt 1.495117 0.984863
vt 1.491211 0.981445
vt 1.490234 0.981934
vt 1.495117 0.982910
vt 1.496094 0.984863
vt 1.497070 0.984863
vt 1.496094 0.982910
vt 1.495117 0.981445
vt 1.497070 0.982910
vt 1.498047 0.982910
vt 1.496094 0.980957
vt 1.497070 0.980957
vt 1.498047 0.980469
vt 1.496094 0.979004
vt 1.497070 0.978516
vt 1.495117 0.979492
vt 1.494141 0.979980
vt 1.493164 0.979004
vt 1.494141 0.978027
vt 1.490234 0.980469
vt 1.492188 0.978027
vt 1.492188 0.977051
vt 1.490234 0.976562
vt 1.490234 0.981445
vt 1.490234 0.977539
vt 1.488281 0.976562
vt 1.488281 0.980469
vt 1.488281 0.977051
vt 1.488281 0.981445
vt 1.487305 0.977539
vt 1.487305 0.976562
vt 1.485352 0.977539
vt 1.487305 0.981445
vt 1.485352 0.978516
vt 1.487305 0.981934
vt 1.484375 0.979492
vt 1.483398 0.978516
vt 1.483398 0.980957
vt 1.482422 0.980469
vt 1.486328 0.982422
vt 1.483398 0.982422
vt 1.482422 0.981934
vt 1.483398 0.983887
vt 1.481445 0.981934
vt 1.481445 0.979980
vt 1.480469 0.979492
vt 1.480469 0.981934
vt 1.480469 0.983887
vt 1.483398 0.985352
vt 1.482422 0.983887
vt 1.481445 0.983887
vt 1.482422 0.985840
vt 1.484375 0.986816
vt 1.481445 0.985840
vt 1.480469 0.986328
vt 1.483398 0.987305
vt 1.047852 0.978027
vt 1.048828 0.978027
vt 1.048828 0.979004
vt 1.048828 0.977051
vt 1.050781 0.977051
vt 1.046875 0.977051
vt 1.050781 0.978027
vt 1.052734 0.977051
vt 1.046875 0.978027
vt 1.045898 0.978027
vt 1.045898 0.977051
vt 1.047852 0.979004
vt 1.046875 0.979004
vt 1.048828 0.979980
vt 1.046875 0.979980
vt 1.045898 0.979004
vt 1.045898 0.979980
vt 1.050781 0.979004
vt 1.050781 0.979980
vt 1.044922 0.979004
vt 1.044922 0.979980
vt 1.042969 0.979980
vt 1.052734 0.979004
vt 1.052734 0.979980
vt 1.055664 0.979980
vt 1.052734 0.978027
vt 1.055664 0.979004
vt 1.057617 0.979980
vt 1.057617 0.979004
vt 1.055664 0.978027
vt 1.055664 0.977051
vt 1.057617 0.978027
vt 1.059570 0.979004
vt 1.057617 0.977051
vt 1.059570 0.978027
vt 1.059570 0.977051
vt 1.061523 0.979004
vt 1.061523 0.977051
vt 1.061523 0.978027
vt 1.064453 0.979004
vt 1.064453 0.977051
vt 1.064453 0.978027
vt 1.021484 0.978027
vt 1.023438 0.978027
vt 1.023438 0.979004
vt 1.021484 0.979004
vt 1.023438 0.977051
vt 1.021484 0.977051
vt 1.025391 0.978027
vt 1.025391 0.977051
vt 1.025391 0.979004
vt 1.028320 0.977051
vt 1.028320 0.978027
vt 1.028320 0.979004
vt 1.030273 0.977051
vt 1.030273 0.978027
vt 1.032227 0.977051
vt 1.030273 0.979004
vt 1.028320 0.979980
vt 1.030273 0.979980
vt 1.032227 0.978027
vt 1.032227 0.979004
vt 1.032227 0.979980
vt 1.034180 0.979980
vt 1.034180 0.979004
vt 1.037109 0.979980
vt 1.034180 0.978027
vt 1.035156 0.977051
vt 1.036133 0.979004
vt 1.036133 0.978027
vt 1.037109 0.977051
vt 1.038086 0.978027
vt 1.039062 0.977051
vt 1.038086 0.979004
vt 1.039062 0.979980
vt 1.039062 0.978027
vt 1.040039 0.978027
vt 1.039062 0.979004
vt 1.040039 0.977051
vt 1.040039 0.979004
vt 1.040039 0.979980
vt 1.041016 0.979004
vt 1.041016 0.979980
vt 1.041016 0.978027
vt 1.041016 0.976562
vt 1.041992 0.979980
vt 1.041992 0.977051
vt 1.041992 0.978027
vt 1.042969 0.977051
vt 1.041992 0.979004
vt 1.042969 0.979004
vt 1.042969 0.978027
vt 1.044922 0.978027
vt 1.043945 0.976562
vt 0.384277 0.925781
vt 0.382324 0.925781
vt 0.382324 0.921387
vt 0.384277 0.921387
vt 0.380371 0.921387
vt 0.386475 0.925781
vt 0.380371 0.925781
vt 0.386475 0.921387
vt 0.378174 0.921387
vt 0.388428 0.921387
vt 0.378174 0.925781
vt 0.388428 0.925781
vt 0.376221 0.925781
vt 0.390625 0.925781
vt 0.376221 0.921387
vt 0.390625 0.921387
vt 0.374023 0.925781
vt 0.392578 0.925781
vt 0.374023 0.921387
vt 0.392578 0.921387
vt 0.372070 0.921387
vt 0.394775 0.925781
vt 0.372070 0.925781
vt 0.394775 0.921387
vt 0.369873 0.921387
vt 0.396729 0.925781
vt 0.369873 0.925781
vt 0.367920 0.925781
vt 0.367920 0.921387
vt 0.396729 0.921387
vt 0.398682 0.925781
vt 0.398682 0.921387
vt 0.400879 0.925781
vt 0.400879 0.921387
vt 0.493408 0.989258
vt 0.493896 0.989746
vt 0.491943 0.990723
vt 0.492432 0.991699
vt 0.494385 0.990723
vt 0.496338 0.989258
vt 0.489990 0.992188
vt 0.495361 0.988770
vt 0.496582 0.986816
vt 0.497559 0.987305
vt 0.489990 0.991211
vt 0.497314 0.984863
vt 0.498291 0.985352
vt 0.498291 0.982910
vt 0.488037 0.991211
vt 0.487793 0.992188
vt 0.489990 0.990723
vt 0.485596 0.991699
vt 0.491699 0.990234
vt 0.488037 0.990234
vt 0.489990 0.989746
vt 0.491455 0.989258
vt 0.492920 0.988770
vt 0.494873 0.988281
vt 0.491455 0.985352
vt 0.495850 0.986328
vt 0.494141 0.987305
vt 0.495117 0.986328
vt 0.496338 0.984863
vt 0.492188 0.984375
vt 0.495605 0.984863
vt 0.496582 0.982910
vt 0.491455 0.983887
vt 0.490967 0.984863
vt 0.491455 0.982910
vt 0.489990 0.986328
vt 0.489990 0.985352
vt 0.492432 0.982910
vt 0.490967 0.981934
vt 0.488770 0.985352
vt 0.488281 0.989258
vt 0.488525 0.986328
vt 0.488037 0.984863
vt 0.486816 0.988770
vt 0.486328 0.989746
vt 0.485352 0.988281
vt 0.487305 0.985352
vt 0.486572 0.983887
vt 0.487549 0.983887
vt 0.486084 0.990723
vt 0.484863 0.988770
vt 0.486816 0.982422
vt 0.487549 0.982910
vt 0.484375 0.989258
vt 0.483643 0.990234
vt 0.484375 0.986816
vt 0.483643 0.987305
vt 0.482910 0.987793
vt 0.481934 0.988281
vt 0.480957 0.986328
vt 0.483643 0.985352
vt 0.482666 0.985840
vt 0.481934 0.985840
vt 0.480469 0.983887
vt 0.482422 0.983887
vt 0.483398 0.983887
vt 0.481689 0.983887
vt 0.480713 0.981934
vt 0.481689 0.981934
vt 0.481201 0.979492
vt 0.482178 0.979980
vt 0.482422 0.981934
vt 0.483154 0.980469
vt 0.483398 0.982422
vt 0.483887 0.980957
vt 0.484131 0.978516
vt 0.487549 0.981445
vt 0.484863 0.979492
vt 0.485596 0.977539
vt 0.488037 0.981934
vt 0.489014 0.980469
vt 0.489014 0.981445
vt 0.486084 0.978516
vt 0.487549 0.977539
vt 0.487305 0.976562
vt 0.489014 0.976562
vt 0.489014 0.977051
vt 0.490723 0.977539
vt 0.490967 0.976562
vt 0.492676 0.977051
vt 0.490479 0.980469
vt 0.490234 0.981445
vt 0.492188 0.978027
vt 0.491699 0.981445
vt 0.493652 0.979004
vt 0.494141 0.978027
vt 0.494629 0.979980
vt 0.495361 0.979492
vt 0.495361 0.981445
vt 0.495605 0.982910
vt 0.496338 0.980957
vt 0.497070 0.980957
vt 0.496094 0.979004
vt 0.497314 0.982910
vt 0.498047 0.980469
vt 0.497070 0.978516
vt 0.436523 0.486084
vt 0.436523 0.487305
vt 0.435303 0.487305
vt 0.435303 0.486084
vt 0.437744 0.487305
vt 0.437744 0.486084
vt 0.438965 0.487305
vt 0.438965 0.486084
vt 0.439941 0.487305
vt 0.439941 0.486084
vt 0.440918 0.487305
vt 0.440918 0.486084
vt 0.442139 0.487305
vt 0.442139 0.486084
vt 0.443115 0.487305
vt 0.443115 0.486084
vt 0.444092 0.487305
vt 0.444092 0.486084
vt 0.445068 0.486084
vt 0.445068 0.487305
vt 0.446289 0.487305
vt 0.446289 0.486084
vt 0.447510 0.486084
vt 0.447510 0.487305
vt 0.448730 0.486084
vt 0.448730 0.487305
vt 0.048126 0.978027
vt 0.049683 0.978027
vt 0.049683 0.979004
vt 0.049438 0.977051
vt 0.051544 0.977051
vt 0.047272 0.977051
vt 0.051544 0.978027
vt 0.053558 0.977051
vt 0.047394 0.978027
vt 0.046265 0.978027
vt 0.046478 0.977051
vt 0.048126 0.979004
vt 0.047394 0.979004
vt 0.049591 0.979980
vt 0.047638 0.979980
vt 0.046265 0.979004
vt 0.046295 0.979980
vt 0.051544 0.979004
vt 0.051575 0.979980
vt 0.045105 0.979004
vt 0.045013 0.979980
vt 0.043823 0.979980
vt 0.053558 0.979004
vt 0.053558 0.979980
vt 0.053558 0.978027
vt 0.055847 0.979980
vt 0.055847 0.978027
vt 0.055847 0.977051
vt 0.055847 0.979004
vt 0.058136 0.978027
vt 0.058136 0.977051
vt 0.058136 0.979004
vt 0.058228 0.979980
vt 0.060272 0.978027
vt 0.060303 0.977051
vt 0.060272 0.979004
vt 0.062408 0.977051
vt 0.062439 0.978027
vt 0.062439 0.979004
vt 0.064453 0.977051
vt 0.064575 0.979004
vt 0.064575 0.978027
vt 0.022034 0.979004
vt 0.022034 0.978027
vt 0.024185 0.978027
vt 0.024185 0.979004
vt 0.026337 0.979004
vt 0.024185 0.977051
vt 0.022141 0.977051
vt 0.026337 0.978027
vt 0.026321 0.977051
vt 0.028473 0.979004
vt 0.028473 0.978027
vt 0.028473 0.977051
vt 0.030762 0.977051
vt 0.030777 0.978027
vt 0.033051 0.977051
vt 0.030777 0.979004
vt 0.030777 0.979980
vt 0.028381 0.979980
vt 0.033051 0.979004
vt 0.033051 0.979980
vt 0.035095 0.979980
vt 0.033051 0.978027
vt 0.035126 0.979004
vt 0.037140 0.979980
vt 0.035126 0.978027
vt 0.035156 0.977051
vt 0.037018 0.979004
vt 0.037018 0.978027
vt 0.037262 0.977051
vt 0.038513 0.978027
vt 0.039368 0.977051
vt 0.038513 0.979004
vt 0.039062 0.979980
vt 0.039246 0.978027
vt 0.040344 0.978027
vt 0.039246 0.979004
vt 0.040131 0.977051
vt 0.040344 0.979004
vt 0.040314 0.979980
vt 0.041534 0.979004
vt 0.041565 0.979980
vt 0.041534 0.978027
vt 0.041718 0.976562
vt 0.042786 0.979980
vt 0.042725 0.977051
vt 0.042694 0.978027
vt 0.043884 0.977051
vt 0.042694 0.979004
vt 0.043915 0.979004
vt 0.043915 0.978027
vt 0.045105 0.978027
vt 0.044891 0.976562
vt 0.442871 0.722656
vt 0.440430 0.722656
vt 0.440430 0.716309
vt 0.442871 0.716309
vt 0.437744 0.722656
vt 0.437744 0.716309
vt 0.435547 0.722656
vt 0.435547 0.716309
vt 0.433350 0.722656
vt 0.433350 0.716309
vt 0.431641 0.716309
vt 0.431641 0.722656
vt 0.430420 0.717285
vt 0.430420 0.722656
vt 0.429443 0.718262
vt 0.429443 0.722656
vt 0.427979 0.722656
vt 0.427979 0.718262
vt 0.426514 0.718262
vt 0.426514 0.722656
vt 0.425049 0.718262
vt 0.425049 0.722656
vt 0.424072 0.722656
vt 0.424072 0.717285
vt 0.423096 0.722656
vt 0.423096 0.716309
vt 0.421387 0.722656
vt 0.421387 0.716309
vt 0.419189 0.722656
vt 0.419189 0.716309
vt 0.416748 0.722656
vt 0.416748 0.716309
vt 0.414062 0.722656
vt 0.414062 0.716309
vt 0.411621 0.716309
vt 0.411621 0.722656
vt 0.467041 0.932617
vt 0.465820 0.932617
vt 0.465820 0.906250
vt 0.467041 0.906250
vt 0.464355 0.906250
vt 0.464355 0.932617
vt 0.463135 0.932617
vt 0.463135 0.906250
vt 0.461670 0.906250
vt 0.461670 0.932617
vt 0.460449 0.906250
vt 0.460449 0.932617
vt 0.420898 0.932617
vt 0.420898 0.906250
vt 0.422119 0.906250
vt 0.422119 0.932617
vt 0.423584 0.932617
vt 0.423584 0.906250
vt 0.424805 0.932617
vt 0.424805 0.906250
vt 0.426270 0.932617
vt 0.426270 0.906250
vt 0.427490 0.932617
vt 0.427490 0.906250
vt 0.428711 0.932617
vt 0.428711 0.906250
vt 0.430176 0.932617
vt 0.430176 0.906250
vt 0.431396 0.932617
vt 0.431396 0.906250
vt 0.432861 0.906250
vt 0.432861 0.932617
vt 0.434082 0.932617
vt 0.434082 0.906250
vt 0.435303 0.906250
vt 0.435303 0.932617
vt 0.436768 0.932617
vt 0.436768 0.906250
vt 0.437988 0.932617
vt 0.437988 0.906250
vt 0.439453 0.932617
vt 0.439453 0.906250
vt 0.440674 0.932617
vt 0.440674 0.906250
vt 0.447266 0.932617
vt 0.447266 0.906250
vt 0.448486 0.906250
vt 0.448486 0.932617
vt 0.449951 0.932617
vt 0.449951 0.906250
vt 0.451172 0.932617
vt 0.451172 0.906250
vt 0.452637 0.932617
vt 0.452637 0.906250
vt 0.453857 0.932617
vt 0.453857 0.906250
vt 0.455078 0.906250
vt 0.455078 0.932617
vt 0.456543 0.932617
vt 0.456543 0.906250
vt 0.457764 0.932617
vt 0.457764 0.906250
vt 0.459229 0.932617
vt 0.459229 0.906250
vt 0.446045 0.932617
vt 0.446045 0.906250
vt 0.444580 0.906250
vt 0.444580 0.932617
vt 0.443359 0.906250
vt 0.443359 0.932617
vt 0.441895 0.932617
vt 0.441895 0.906250
vt 0.468262 0.906250
vt 0.468262 0.932617
vt 0.469727 0.906250
vt 0.469727 0.932617
vt 0.470947 0.932617
vt 0.470947 0.906250
vt 0.472412 0.932617
vt 0.472412 0.906250
vt 0.473633 0.932617
vt 0.473633 0.906250
vt 0.594238 0.896973
vt 0.595703 0.897461
vt 0.594238 0.897949
vt 0.593262 0.896484
vt 0.591797 0.897461
vt 0.596680 0.898438
vt 0.595703 0.899414
vt 0.597168 0.899902
vt 0.596680 0.900879
vt 0.595703 0.902344
vt 0.598145 0.900879
vt 0.599609 0.901367
vt 0.598633 0.902344
vt 0.600098 0.903320
vt 0.600586 0.902344
vt 0.601562 0.903320
vt 0.601562 0.904297
vt 0.600586 0.906250
vt 0.602539 0.904297
vt 0.604004 0.904297
vt 0.603516 0.905273
vt 0.605469 0.904785
vt 0.605469 0.905762
vt 0.606445 0.905762
vt 0.606934 0.906738
vt 0.606445 0.908203
vt 0.607910 0.906250
vt 0.609375 0.905762
vt 0.608887 0.906738
vt 0.610840 0.907227
vt 0.610840 0.905762
vt 0.612305 0.906738
vt 0.612793 0.907227
vt 0.612793 0.909180
vt 0.613770 0.906738
vt 0.615234 0.905762
vt 0.614746 0.907227
vt 0.616211 0.905762
vt 0.616699 0.906738
vt 0.617676 0.906250
vt 0.618652 0.906738
vt 0.619141 0.908203
vt 0.619141 0.905762
vt 0.620605 0.904785
vt 0.620605 0.905762
vt 0.621582 0.904297
vt 0.622559 0.905273
vt 0.623047 0.904297
vt 0.624023 0.904297
vt 0.625000 0.906250
vt 0.624512 0.903320
vt 0.625488 0.902344
vt 0.625488 0.903320
vt 0.626465 0.901367
vt 0.627441 0.902344
vt 0.627930 0.900879
vt 0.628906 0.900879
vt 0.630371 0.902344
vt 0.628906 0.899902
vt 0.629395 0.898438
vt 0.629883 0.899414
vt 0.630371 0.897461
vt 0.631348 0.897949
vt 0.631348 0.896973
vt 0.632812 0.896484
vt 0.634277 0.897461
vt 1.466797 0.932617
vt 1.465820 0.932617
vt 1.465820 0.906250
vt 1.466797 0.906250
vt 1.463867 0.906250
vt 1.463867 0.932617
vt 1.462891 0.906250
vt 1.462891 0.932617
vt 1.460938 0.906250
vt 1.460938 0.932617
vt 1.459961 0.906250
vt 1.459961 0.932617
vt 1.447266 0.932617
vt 1.447266 0.906250
vt 1.448242 0.906250
vt 1.448242 0.932617
vt 1.449219 0.932617
vt 1.449219 0.906250
vt 1.451172 0.906250
vt 1.451172 0.932617
vt 1.452148 0.932617
vt 1.452148 0.906250
vt 1.453125 0.932617
vt 1.453125 0.906250
vt 1.455078 0.932617
vt 1.455078 0.906250
vt 1.456055 0.932617
vt 1.456055 0.906250
vt 1.457031 0.932617
vt 1.457031 0.906250
vt 1.458984 0.932617
vt 1.458984 0.906250
vt 1.445312 0.932617
vt 1.445312 0.906250
vt 1.444336 0.906250
vt 1.444336 0.932617
vt 1.443359 0.906250
vt 1.443359 0.932617
vt 1.441406 0.906250
vt 1.441406 0.932617
vt 1.440430 0.932617
vt 1.440430 0.906250
vt 1.467773 0.906250
vt 1.467773 0.932617
vt 1.469727 0.932617
vt 1.469727 0.906250
vt 1.470703 0.932617
vt 1.470703 0.906250
vt 1.471680 0.932617
vt 1.471680 0.906250
vt 1.473633 0.906250
vt 1.473633 0.932617
vt 1.613281 0.906738
vt 1.615234 0.905762
vt 1.614258 0.907227
vt 1.612305 0.907227
vt 1.612305 0.909180
vt 1.616211 0.905762
vt 1.616211 0.906738
vt 1.617188 0.906250
vt 1.618164 0.906738
vt 1.619141 0.908203
vt 1.619141 0.905762
vt 1.620117 0.904785
vt 1.620117 0.905762
vt 1.622070 0.905273
vt 1.621094 0.904297
vt 1.623047 0.904297
vt 1.624023 0.904297
vt 1.625000 0.906250
vt 1.624023 0.903320
vt 1.625000 0.902344
vt 1.625000 0.903320
vt 1.626953 0.902344
vt 1.625977 0.901367
vt 1.627930 0.900879
vt 1.628906 0.900879
vt 1.629883 0.902344
vt 1.628906 0.899902
vt 1.628906 0.898438
vt 1.629883 0.899414
vt 1.629883 0.897461
vt 1.630859 0.897949
vt 1.630859 0.896973
vt 1.632812 0.896484
vt 1.633789 0.897461
vt 1.420898 0.932617
vt 1.420898 0.906250
vt 1.421875 0.906250
vt 1.421875 0.932617
vt 1.422852 0.932617
vt 1.422852 0.906250
vt 1.424805 0.932617
vt 1.424805 0.906250
vt 1.425781 0.906250
vt 1.425781 0.932617
vt 1.426758 0.906250
vt 1.426758 0.932617
vt 1.428711 0.932617
vt 1.428711 0.906250
vt 1.429688 0.932617
vt 1.429688 0.906250
vt 1.430664 0.906250
vt 1.430664 0.932617
vt 1.432617 0.932617
vt 1.432617 0.906250
vt 1.433594 0.932617
vt 1.433594 0.906250
vt 1.434570 0.906250
vt 1.434570 0.932617
vt 1.436523 0.932617
vt 1.436523 0.906250
vt 1.437500 0.932617
vt 1.437500 0.906250
vt 1.439453 0.932617
vt 1.439453 0.906250
vt 1.593750 0.896973
vt 1.595703 0.897461
vt 1.593750 0.897949
vt 1.592773 0.896484
vt 1.591797 0.897461
vt 1.595703 0.899414
vt 1.596680 0.898438
vt 1.596680 0.899902
vt 1.596680 0.900879
vt 1.595703 0.902344
vt 1.597656 0.900879
vt 1.599609 0.901367
vt 1.598633 0.902344
vt 1.600586 0.902344
vt 1.599609 0.903320
vt 1.601562 0.903320
vt 1.601562 0.904297
vt 1.600586 0.906250
vt 1.602539 0.904297
vt 1.603516 0.904297
vt 1.603516 0.905273
vt 1.605469 0.905762
vt 1.605469 0.904785
vt 1.606445 0.905762
vt 1.606445 0.906738
vt 1.606445 0.908203
vt 1.607422 0.906250
vt 1.609375 0.905762
vt 1.608398 0.906738
vt 1.610352 0.907227
vt 1.610352 0.905762
vt 1.612305 0.906738
vt 0.010513 0.111938
vt 0.010513 0.124268
vt 0.009773 0.124512
vt 0.009537 0.125244
vt 0.009773 0.111694
vt 0.009537 0.110962
vt 0.007175 0.124573
vt 0.007088 0.125244
vt 0.005913 0.124207
vt 0.005920 0.112000
vt 0.007160 0.111694
vt 0.007088 0.110962
vt 0.239136 0.125732
vt 0.236084 0.124756
vt 0.238037 0.122864
vt 0.235718 0.126465
vt 0.240723 0.128662
vt 0.229858 0.125732
vt 0.240967 0.125977
vt 0.239136 0.119324
vt 0.241089 0.118103
vt 0.229980 0.123962
vt 0.223877 0.124695
vt 0.224243 0.126343
vt 0.221802 0.122864
vt 0.220703 0.125732
vt 0.219116 0.128662
vt 0.218872 0.125977
vt 0.220703 0.119324
vt 0.218750 0.118103
vt 0.236084 0.121704
vt 0.223877 0.121582
vt 0.236816 0.120850
vt 0.223145 0.120728
vt 0.238037 0.119324
vt 0.221802 0.119324
vt 0.222656 0.118103
vt 0.236938 0.118103
vt 0.221802 0.116943
vt 0.223022 0.116150
vt 0.238037 0.116943
vt 0.236816 0.116028
vt 0.239136 0.116943
vt 0.238037 0.114136
vt 0.236084 0.115173
vt 0.223877 0.115417
vt 0.239136 0.113220
vt 0.240967 0.111694
vt 0.238892 0.110962
vt 0.221802 0.114136
vt 0.220703 0.113220
vt 0.220947 0.110962
vt 0.218872 0.111694
vt 0.220703 0.116943
vt 0.647949 0.865234
vt 0.650879 0.864746
vt 0.649902 0.868652
vt 0.647949 0.868652
vt 0.642578 0.868652
vt 0.642090 0.864746
vt 0.642090 0.859863
vt 0.651367 0.860840
vt 0.652344 0.862793
vt 0.656738 0.860352
vt 0.642090 0.837891
vt 0.656738 0.858398
vt 0.662598 0.857910
vt 0.667480 0.846191
vt 0.663086 0.855469
vt 0.667480 0.854980
vt 0.669922 0.856934
vt 0.672363 0.840820
vt 0.857422 0.837891
vt 0.857422 0.840820
vt 0.642578 0.836426
vt 0.857422 0.836426
vt 0.978027 0.729492
vt 0.979980 0.729980
vt 0.977539 0.741699
vt 0.975098 0.741211
vt 0.978027 0.728027
vt 0.975098 0.742188
vt 0.980957 0.728516
vt 0.978027 0.743164
vt 0.978516 0.726074
vt 0.974121 0.744141
vt 0.980469 0.724609
vt 0.975098 0.746582
vt 0.982910 0.727051
vt 0.983887 0.726562
vt 0.981445 0.723633
vt 0.978516 0.745117
vt 0.975586 0.747559
vt 0.979004 0.746094
vt 0.979980 0.758789
vt 0.983887 0.757324
vt 0.888672 0.296143
vt 0.888184 0.300293
vt 0.882812 0.298340
vt 0.883301 0.291992
vt 0.882812 0.307129
vt 0.887695 0.306152
vt 0.887695 0.311768
vt 0.883301 0.317871
vt 0.888184 0.317383
vt 0.880859 0.318115
vt 0.880859 0.307373
vt 0.788086 0.318115
vt 0.788086 0.307373
vt 0.880859 0.298096
vt 0.788086 0.298096
vt 0.880859 0.291016
vt 0.788086 0.291016
vt 0.642090 0.802734
vt 0.640625 0.801270
vt 0.825684 0.801270
vt 0.825684 0.802734
vt 0.825684 0.820801
vt 0.642090 0.820801
vt 0.825684 0.822754
vt 0.640625 0.822754
vt 1.882812 0.298340
vt 1.887695 0.300293
vt 1.888672 0.296143
vt 1.882812 0.291992
vt 1.882812 0.307129
vt 1.887695 0.306152
vt 1.880859 0.298096
vt 1.887695 0.311768
vt 1.880859 0.291016
vt 1.882812 0.317871
vt 1.887695 0.317383
vt 1.880859 0.318115
vt 1.880859 0.307373
vt 1.788086 0.298096
vt 1.788086 0.291016
vt 1.788086 0.307373
vt 1.788086 0.318115
vt 0.984863 0.863770
vt 0.983887 0.862305
vt 0.984375 0.862305
vt 0.985840 0.863770
vt 0.986328 0.865234
vt 0.983398 0.861328
vt 0.990234 0.864746
vt 0.982910 0.861816
vt 0.985352 0.860352
vt 0.989746 0.863281
vt 0.990723 0.862793
vt 0.989258 0.860840
vt 0.990234 0.860840
vt 0.991211 0.860352
vt 0.990234 0.858398
vt 0.991211 0.858398
vt 0.991211 0.856445
vt 0.989258 0.858398
vt 0.990234 0.855957
vt 0.990723 0.854004
vt 0.989258 0.855957
vt 0.989746 0.853516
vt 0.990234 0.852051
vt 0.986328 0.851562
vt 0.985840 0.853027
vt 0.984863 0.853027
vt 0.985352 0.856445
vt 0.984375 0.854492
vt 0.983887 0.854004
vt 0.983398 0.855469
vt 0.982910 0.854980
vt 0.981445 0.858398
vt 0.981445 0.856934
vt 0.981445 0.856445
vt 0.980957 0.855957
vt 0.980957 0.857422
vt 0.979980 0.856934
vt 0.980957 0.858398
vt 0.979980 0.858398
vt 0.979980 0.859863
vt 0.980957 0.859375
vt 0.980957 0.860840
vt 0.981445 0.859863
vt 0.981445 0.860352
vt 1.383789 0.925781
vt 1.381836 0.925781
vt 1.381836 0.921387
vt 1.379883 0.925781
vt 1.383789 0.921387
vt 1.379883 0.921387
vt 1.385742 0.925781
vt 1.377930 0.921387
vt 1.385742 0.921387
vt 1.377930 0.925781
vt 1.387695 0.925781
vt 1.375977 0.921387
vt 1.387695 0.921387
vt 1.375977 0.925781
vt 1.390625 0.925781
vt 1.374023 0.925781
vt 1.390625 0.921387
vt 1.374023 0.921387
vt 1.392578 0.925781
vt 1.372070 0.925781
vt 1.392578 0.921387
vt 1.372070 0.921387
vt 1.394531 0.925781
vt 1.369141 0.925781
vt 1.394531 0.921387
vt 1.369141 0.921387
vt 1.367188 0.925781
vt 1.367188 0.921387
vt 1.396484 0.925781
vt 1.396484 0.921387
vt 1.398438 0.921387
vt 1.398438 0.925781
vt 1.400391 0.925781
vt 1.400391 0.921387
vt 1.434570 0.486084
vt 1.436523 0.486084
vt 1.436523 0.487305
vt 1.434570 0.487305
vt 1.437500 0.487305
vt 1.437500 0.486084
vt 1.438477 0.486084
vt 1.438477 0.487305
vt 1.439453 0.487305
vt 1.439453 0.486084
vt 1.440430 0.486084
vt 1.440430 0.487305
vt 1.441406 0.487305
vt 1.441406 0.486084
vt 1.442383 0.487305
vt 1.442383 0.486084
vt 1.443359 0.486084
vt 1.443359 0.487305
vt 1.444336 0.486084
vt 1.444336 0.487305
vt 1.446289 0.486084
vt 1.446289 0.487305
vt 1.447266 0.487305
vt 1.447266 0.486084
vt 1.448242 0.486084
vt 1.448242 0.487305
vt 1.442383 0.722656
vt 1.440430 0.722656
vt 1.440430 0.716309
vt 1.442383 0.716309
vt 1.437500 0.722656
vt 1.437500 0.716309
vt 1.435547 0.722656
vt 1.435547 0.716309
vt 1.432617 0.722656
vt 1.432617 0.716309
vt 1.431641 0.716309
vt 1.431641 0.722656
vt 1.429688 0.717285
vt 1.429688 0.722656
vt 1.428711 0.718262
vt 1.428711 0.722656
vt 1.427734 0.722656
vt 1.427734 0.718262
vt 1.425781 0.718262
vt 1.425781 0.722656
vt 1.424805 0.718262
vt 1.424805 0.722656
vt 1.423828 0.722656
vt 1.423828 0.717285
vt 1.422852 0.722656
vt 1.422852 0.716309
vt 1.420898 0.722656
vt 1.420898 0.716309
vt 1.418945 0.716309
vt 1.418945 0.722656
vt 1.416016 0.722656
vt 1.416016 0.716309
vt 1.414062 0.722656
vt 1.414062 0.716309
vt 1.411133 0.722656
vt 1.411133 0.716309
vt 0.878418 0.757324
vt 0.880859 0.755859
vt 0.881836 0.757812
vt 0.879395 0.759277
vt 0.876465 0.760742
vt 0.884277 0.755859
vt 0.875977 0.758789
vt 0.877441 0.755371
vt 0.879395 0.753906
vt 0.875000 0.756348
vt 0.873047 0.761719
vt 0.872070 0.757324
vt 0.872559 0.759766
vt 0.868164 0.760254
vt 0.868164 0.762695
vt 0.867676 0.758301
vt 0.863281 0.762207
vt 0.863770 0.757812
vt 0.863281 0.760254
vt 0.859375 0.756836
vt 0.858887 0.759277
vt 0.857910 0.761230
vt 0.855957 0.755371
vt 0.853516 0.759277
vt 0.854492 0.757324
vt 0.849609 0.756348
vt 0.851074 0.754395
vt 0.852539 0.752930
vt 0.849609 0.750000
vt 0.847656 0.751465
vt 0.846191 0.752441
vt 0.845215 0.747559
vt 0.847168 0.746582
vt 0.843262 0.748535
vt 0.843750 0.743164
vt 0.845703 0.742676
vt 0.841797 0.743652
vt 0.842773 0.738770
vt 0.845215 0.738281
vt 0.840820 0.738770
vt 0.845215 0.734375
vt 0.840820 0.733887
vt 0.842773 0.733887
vt 0.843750 0.730469
vt 0.845703 0.730957
vt 0.841309 0.729980
vt 0.846680 0.728516
vt 0.844238 0.727539
vt 0.842285 0.727051
vt 0.843262 0.724121
vt 0.845703 0.725098
vt 0.847656 0.726562
vt 0.845215 0.721680
vt 0.846680 0.723145
vt 0.848633 0.724121
vt 0.850098 0.722656
vt 0.848145 0.721191
vt 0.846680 0.719727
vt 0.848633 0.717773
vt 0.850098 0.719238
vt 0.851562 0.721191
vt 0.853516 0.719727
vt 0.852051 0.717773
vt 0.850586 0.715820
vt 0.855469 0.718262
vt 0.854004 0.716309
vt 0.853027 0.714355
vt 0.855957 0.712891
vt 0.856934 0.714844
vt 0.857910 0.717285
vt 0.859863 0.711914
vt 0.860840 0.716309
vt 0.860352 0.713867
vt 0.864746 0.713379
vt 0.864746 0.710938
vt 0.864746 0.715820
vt 0.869629 0.711426
vt 0.869629 0.713379
vt 0.869141 0.715820
vt 0.874023 0.714355
vt 0.874512 0.712402
vt 0.873047 0.716797
vt 0.879395 0.714355
vt 0.877930 0.716309
vt 0.876953 0.718262
vt 0.883301 0.717285
vt 0.880371 0.720703
vt 0.881836 0.719238
vt 0.884766 0.722168
vt 0.883301 0.723633
vt 0.886719 0.721191
vt 0.885254 0.727051
vt 0.887207 0.726074
vt 0.889160 0.725098
vt 0.891113 0.729980
vt 0.889160 0.730469
vt 0.886719 0.730957
vt 0.892090 0.734863
vt 0.889648 0.735352
vt 0.887695 0.735352
vt 0.892090 0.739746
vt 0.887695 0.739746
vt 0.889648 0.739746
vt 0.889160 0.743164
vt 0.886719 0.742676
vt 0.891602 0.743652
vt 0.886230 0.745117
vt 0.888184 0.746094
vt 0.890625 0.746582
vt 0.889160 0.749512
vt 0.887207 0.748535
vt 0.885254 0.747070
vt 0.887695 0.751953
vt 0.885742 0.750488
vt 0.883789 0.749512
vt 0.882812 0.750977
vt 0.884277 0.752441
vt 0.886230 0.753906
vt 0.882812 0.754395
vt 0.881348 0.752441
vt 0.815430 0.983398
vt 0.814453 0.984863
vt 0.813965 0.982910
vt 0.814941 0.977539
vt 0.812012 0.984863
vt 0.812988 0.977539
vt 0.813965 0.975586
vt 0.806641 0.967773
vt 0.803711 0.967285
vt 0.811523 0.982910
vt 0.805664 0.977539
vt 0.809570 0.983887
vt 0.804199 0.979004
vt 0.797363 0.972168
vt 0.796387 0.973633
vt 0.786621 0.968262
vt 0.786133 0.969727
s 1
f 2/1/1 3/2/2 1/3/3
f 1745/4/4 2/1/1 1/3/3
f 28/5/5 1/3/3 3/2/2
f 2/1/1 51/6/6 3/2/2
f 28/5/5 3/2/2 27/7/7
f 3/2/2 51/6/6 27/7/7
f 51/6/6 52/8/8 27/7/7
f 88/9/9 28/5/5 27/7/7
f 52/8/8 59/10/10 27/7/7
f 88/9/9 27/7/7 26/11/11
f 26/11/11 89/12/12 88/9/9
f 38/13/13 89/12/12 26/11/11
f 27/7/7 19/14/14 26/11/11
f 59/10/10 19/14/14 27/7/7
f 38/13/13 26/11/11 25/15/15
f 26/11/11 19/14/14 25/15/15
f 39/16/16 38/13/13 25/15/15
f 19/14/14 21/17/17 25/15/15
f 39/16/16 40/18/18 38/13/13
f 40/18/18 39/16/16 799/19/19
f 1806/20/20 40/18/18 799/19/19
f 20/21/21 21/17/17 19/14/14
f 20/21/21 19/14/14 59/10/10
f 1338/22/22 20/21/21 59/10/10
f 20/21/21 1338/22/22 17/23/23
f 16/24/24 20/21/21 17/23/23
f 17/23/23 18/25/25 16/24/24
f 16/24/24 18/25/25 72/26/26
f 18/25/25 54/27/27 72/26/26
f 72/26/26 54/27/27 53/28/28
f 71/29/29 72/26/26 53/28/28
f 54/27/27 55/30/30 53/28/28
f 73/31/31 71/29/29 53/28/28
f 13/32/32 53/28/28 55/30/30
f 14/33/33 13/32/32 55/30/30
f 14/33/33 15/34/34 13/32/32
f 74/35/35 73/31/31 53/28/28
f 61/36/36 73/31/31 74/35/35
f 53/28/28 13/32/32 60/37/37
f 74/35/35 53/28/28 60/37/37
f 13/32/32 15/34/34 774/38/38
f 60/37/37 13/32/32 774/38/38
f 774/38/38 15/34/34 1362/39/39
f 411/40/40 774/38/38 1362/39/39
f 774/38/38 411/40/40 60/37/37
f 411/40/40 77/41/41 60/37/37
f 60/37/37 77/41/41 74/35/35
f 77/41/41 35/42/42 74/35/35
f 35/42/42 61/36/36 74/35/35
f 77/41/41 36/43/43 35/42/42
f 36/43/43 37/44/44 35/42/42
f 35/42/42 37/44/44 61/36/36
f 37/44/44 62/45/45 61/36/36
f 5/46/46 6/47/47 4/48/48
f 1746/49/48 5/46/46 4/48/48
f 6/47/47 5/46/46 7/50/49
f 5/46/46 8/51/50 7/50/49
f 7/50/49 8/51/50 9/52/51
f 8/51/50 10/53/52 9/52/51
f 10/53/52 11/54/53 9/52/51
f 11/54/53 10/53/52 12/55/54
f 10/53/52 50/56/55 12/55/54
f 50/56/55 49/57/56 12/55/54
f 50/56/55 46/58/57 49/57/56
f 50/56/55 47/59/58 46/58/57
f 47/59/58 48/60/59 46/58/57
f 48/60/59 47/59/58 81/61/60
f 47/59/58 82/62/61 81/61/60
f 82/62/61 83/63/62 81/61/60
f 82/62/61 84/64/63 83/63/62
f 84/64/63 66/65/63 83/63/62
f 84/64/63 67/66/64 66/65/63
f 67/66/64 63/67/65 66/65/63
f 67/66/64 64/68/66 63/67/65
f 64/68/66 65/69/67 63/67/65
f 64/68/66 75/70/68 65/69/67
f 75/70/68 76/71/69 65/69/67
f 75/70/68 107/72/70 76/71/69
f 120/73/71 76/71/69 107/72/70
f 1748/74/72 120/73/71 107/72/70
f 1748/74/72 121/75/73 120/73/71
f 121/75/73 122/76/74 120/73/71
f 121/75/73 136/77/75 122/76/74
f 122/76/74 136/77/75 126/78/76
f 136/77/75 127/79/77 126/78/76
f 126/78/76 127/79/77 125/80/78
f 125/80/78 127/79/77 128/81/79
f 127/79/77 129/82/80 128/81/79
f 129/82/80 139/83/81 128/81/79
f 129/82/80 111/84/82 139/83/81
f 111/84/82 137/85/83 139/83/81
f 111/84/82 138/86/84 137/85/83
f 138/86/84 111/84/82 110/87/85
f 111/84/82 112/88/86 110/87/85
f 110/87/85 112/88/86 113/89/87
f 112/88/86 96/90/88 113/89/87
f 96/90/88 98/91/89 113/89/87
f 96/90/88 97/92/90 98/91/89
f 94/93/91 97/92/90 96/90/88
f 95/94/92 94/93/91 96/90/88
f 95/94/92 93/95/93 94/93/91
f 95/94/92 90/96/94 93/95/93
f 90/96/94 92/97/95 93/95/93
f 91/98/96 92/97/95 90/96/94
f 1747/99/96 91/98/96 90/96/94
f 23/100/97 24/101/98 22/102/99
f 1072/103/100 23/100/97 22/102/99
f 23/100/97 1072/103/100 1071/104/101
f 1096/105/102 23/100/97 1071/104/101
f 1097/106/103 23/100/97 1096/105/102
f 23/100/97 1097/106/103 24/101/98
f 1101/107/104 1097/106/103 1096/105/102
f 1102/108/105 1097/106/103 1101/107/104
f 1103/109/106 1102/108/105 1101/107/104
f 1097/106/103 664/110/107 24/101/98
f 1102/108/105 664/110/107 1097/106/103
f 648/111/108 1102/108/105 1103/109/106
f 1181/112/109 648/111/108 1103/109/106
f 647/113/110 664/110/107 1102/108/105
f 1102/108/105 648/111/108 647/113/110
f 1243/114/111 664/110/107 647/113/110
f 648/111/108 403/115/112 647/113/110
f 648/111/108 1181/112/109 1122/116/113
f 1181/112/109 1182/117/114 1122/116/113
f 1182/117/114 1123/118/115 1122/116/113
f 1123/118/115 1119/119/116 1122/116/113
f 1123/118/115 1120/120/117 1119/119/116
f 1119/119/116 1121/121/118 1122/116/113
f 1120/120/117 1121/121/118 1119/119/116
f 1122/116/113 1121/121/118 648/111/108
f 1121/121/118 1120/120/117 1125/122/119
f 648/111/108 1121/121/118 404/123/120
f 404/123/120 1121/121/118 1125/122/119
f 648/111/108 404/123/120 403/115/112
f 1125/122/119 1112/124/121 404/123/120
f 1112/124/121 405/125/122 404/123/120
f 404/123/120 405/125/122 403/115/112
f 1112/124/121 1107/126/123 405/125/122
f 1107/126/123 1108/127/124 405/125/122
f 1108/127/124 403/115/112 405/125/122
f 1107/126/123 1111/128/125 1108/127/124
f 1110/129/126 403/115/112 1108/127/124
f 1111/128/125 1110/129/126 1108/127/124
f 403/115/112 1110/129/126 1759/130/127
f 1110/129/126 1111/128/125 829/131/128
f 1759/130/127 1110/129/126 1253/132/129
f 1253/132/129 1110/129/126 829/131/128
f 1759/130/127 1253/132/129 1252/133/130
f 1253/132/129 829/131/128 828/134/131
f 1253/132/129 828/134/131 1252/133/130
f 829/131/128 830/135/132 828/134/131
f 828/134/131 1105/136/133 1252/133/130
f 1105/136/133 828/134/131 830/135/132
f 1106/137/134 1105/136/133 830/135/132
f 1105/136/133 1106/137/134 1104/138/135
f 1252/133/130 1105/136/133 620/139/136
f 1783/140/137 1105/136/133 1104/138/135
f 1105/136/133 1783/140/137 620/139/136
f 1783/140/137 1104/138/135 621/141/138
f 1783/140/137 621/141/138 620/139/136
f 1104/138/135 1109/142/139 621/141/138
f 1109/142/139 1113/143/140 621/141/138
f 621/141/138 622/144/141 620/139/136
f 1113/143/140 622/144/141 621/141/138
f 620/139/136 622/144/141 825/145/142
f 1124/146/143 622/144/141 1113/143/140
f 1124/146/143 825/145/142 622/144/141
f 1115/147/144 1124/146/143 1113/143/140
f 421/148/145 620/139/136 825/145/142
f 1124/146/143 1115/147/144 1114/149/146
f 1115/147/144 1116/150/147 1114/149/146
f 1116/150/147 1117/151/148 1114/149/146
f 1114/149/146 1118/152/149 1124/146/143
f 1117/151/148 1118/152/149 1114/149/146
f 825/145/142 1124/146/143 1118/152/149
f 1118/152/149 1117/151/148 824/153/150
f 825/145/142 1118/152/149 824/153/150
f 422/154/151 421/148/145 825/145/142
f 422/154/151 825/145/142 824/153/150
f 421/148/145 422/154/151 420/155/152
f 1099/156/153 422/154/151 824/153/150
f 420/155/152 422/154/151 1264/157/152
f 422/154/151 1099/156/153 1098/158/154
f 1264/157/152 422/154/151 1098/158/154
f 1099/156/153 1100/159/155 1098/158/154
f 420/155/152 1264/157/152 1263/160/156
f 1264/157/152 1265/161/157 1263/160/156
f 1248/162/158 1263/160/156 1265/161/157
f 1817/163/159 1248/162/158 1265/161/157
f 1817/163/159 1215/164/160 1248/162/158
f 1817/163/159 618/165/161 1215/164/160
f 618/165/161 1216/166/162 1215/164/160
f 1216/166/162 618/165/161 617/167/163
f 618/165/161 619/168/164 617/167/163
f 617/167/163 619/168/164 616/169/165
f 619/168/164 614/170/166 616/169/165
f 615/171/167 616/169/165 614/170/166
f 1218/172/168 615/171/167 614/170/166
f 615/171/167 1218/172/168 385/173/169
f 1218/172/168 1219/174/170 385/173/169
f 1219/174/170 386/175/171 385/173/169
f 386/175/171 387/176/172 385/173/169
f 387/176/172 386/175/171 1211/177/173
f 609/178/174 387/176/172 1211/177/173
f 1211/177/173 610/179/175 609/178/174
f 609/178/174 610/179/175 608/180/175
f 609/178/174 608/180/175 1781/181/175
f 30/182/176 31/183/176 29/184/177
f 668/185/112 31/183/176 30/182/176
f 1787/186/112 668/185/112 30/182/176
f 1787/186/112 699/187/178 668/185/112
f 699/187/178 700/188/178 668/185/112
f 700/188/178 699/187/178 654/189/179
f 699/187/178 652/190/179 654/189/179
f 653/191/180 654/189/179 652/190/179
f 1257/192/180 653/191/180 652/190/179
f 697/193/181 653/191/180 1257/192/180
f 698/194/181 697/193/181 1257/192/180
f 697/193/181 698/194/181 696/195/152
f 1788/196/152 697/193/181 696/195/152
f 1788/196/152 696/195/152 1269/197/156
f 696/195/152 1270/198/156 1269/197/156
f 1269/197/156 1270/198/156 1389/199/182
f 1830/200/182 1269/197/156 1389/199/182
f 1381/201/183 30/182/176 29/184/177
f 29/184/177 434/202/184 1381/201/183
f 1381/201/183 434/202/184 56/203/185
f 1381/201/183 56/203/185 704/204/186
f 56/203/185 1241/205/187 704/204/186
f 1241/205/187 705/206/188 704/204/186
f 705/206/188 706/207/188 704/204/186
f 1070/208/189 706/207/188 705/206/188
f 319/209/189 1070/208/189 705/206/188
f 1070/208/189 319/209/189 318/210/190
f 319/209/189 320/211/191 318/210/190
f 318/210/190 320/211/191 1245/199/192
f 320/211/191 1246/212/193 1245/199/192
f 1246/212/193 1215/164/160 1245/199/192
f 1245/199/192 1215/164/160 1818/200/193
f 1247/213/192 1215/164/160 1246/212/193
f 1244/214/158 1818/200/193 1215/164/160
f 1392/215/192 1215/164/160 1247/213/192
f 1392/215/192 1247/213/192 671/216/190
f 1247/213/192 669/217/190 671/216/190
f 1393/218/192 1215/164/160 1392/215/192
f 670/219/189 671/216/190 669/217/190
f 1069/220/189 670/219/189 669/217/190
f 670/219/189 1069/220/189 659/221/188
f 1069/220/189 657/222/188 659/221/188
f 658/223/186 659/221/188 657/222/188
f 1785/224/186 658/223/186 657/222/188
f 1248/162/158 1215/164/160 1393/218/192
f 1393/218/192 312/225/190 1248/162/158
f 312/225/190 314/226/190 1248/162/158
f 313/227/189 314/226/190 312/225/190
f 1068/228/189 313/227/189 312/225/190
f 313/227/189 1068/228/189 692/229/188
f 1068/228/189 690/230/188 692/229/188
f 691/231/186 692/229/188 690/230/188
f 1242/232/186 691/231/186 690/230/188
f 1243/114/111 691/231/186 1242/232/186
f 1190/233/183 1243/114/111 1242/232/186
f 1243/114/111 1190/233/183 664/110/107
f 1785/224/186 433/234/183 658/223/186
f 433/234/183 432/235/183 658/223/186
f 664/110/107 1190/233/183 432/235/183
f 789/236/176 432/235/183 1190/233/183
f 788/237/176 789/236/176 1190/233/183
f 441/238/112 789/236/176 788/237/176
f 1764/239/112 441/238/112 788/237/176
f 1764/239/112 442/240/178 441/238/112
f 442/240/178 443/241/178 441/238/112
f 443/241/178 442/240/178 607/242/179
f 442/240/178 605/243/179 607/242/179
f 606/244/180 607/242/179 605/243/179
f 1259/245/180 606/244/180 605/243/179
f 679/246/181 606/244/180 1259/245/180
f 680/247/181 679/246/181 1259/245/180
f 679/246/181 680/247/181 678/248/152
f 1266/249/152 679/246/181 678/248/152
f 1266/249/152 678/248/152 625/250/156
f 624/251/156 1266/249/152 625/250/156
f 624/251/156 625/250/156 623/218/182
f 1784/252/182 624/251/156 623/218/182
f 33/253/194 34/254/195 32/255/196
f 87/256/197 34/254/195 33/253/194
f 33/253/194 32/255/196 104/257/198
f 32/255/196 44/258/199 104/257/198
f 32/255/196 45/259/200 44/258/199
f 44/258/199 45/259/200 123/260/201
f 45/259/200 124/261/202 123/260/201
f 33/253/194 104/257/198 102/262/203
f 85/263/204 87/256/197 33/253/194
f 86/264/205 87/256/197 85/263/204
f 103/265/206 33/253/194 102/262/203
f 85/263/204 33/253/194 103/265/206
f 86/264/205 85/263/204 105/266/207
f 85/263/204 103/265/206 105/266/207
f 101/267/208 103/265/206 102/262/203
f 105/266/207 103/265/206 101/267/208
f 99/268/209 101/267/208 102/262/203
f 106/269/210 86/264/205 105/266/207
f 100/270/211 101/267/208 99/268/209
f 133/271/212 100/270/211 99/268/209
f 100/270/211 133/271/212 132/272/213
f 115/273/214 106/269/210 105/266/207
f 114/274/215 105/266/207 101/267/208
f 115/273/214 105/266/207 114/274/215
f 115/273/214 117/275/216 106/269/210
f 117/275/216 115/273/214 114/274/215
f 116/276/217 114/274/215 101/267/208
f 100/270/211 116/276/217 101/267/208
f 117/275/216 114/274/215 116/276/217
f 106/269/210 117/275/216 140/277/218
f 140/277/218 117/275/216 116/276/217
f 106/269/210 140/277/218 130/278/219
f 131/279/220 130/278/219 140/277/218
f 140/277/218 116/276/217 118/280/221
f 131/279/220 140/277/218 118/280/221
f 130/278/219 131/279/220 118/280/221
f 116/276/217 100/270/211 118/280/221
f 119/281/222 130/278/219 118/280/221
f 135/282/223 100/270/211 132/272/213
f 100/270/211 135/282/223 118/280/221
f 135/282/223 132/272/213 134/283/224
f 78/284/225 119/281/222 118/280/221
f 135/282/223 78/284/225 118/280/221
f 78/284/225 135/282/223 134/283/224
f 80/285/226 119/281/222 78/284/225
f 79/286/227 80/285/226 78/284/225
f 79/286/227 78/284/225 134/283/224
f 1805/287/228 79/286/227 134/283/224
f 42/288/229 43/289/230 41/290/231
f 416/291/232 42/288/229 41/290/231
f 41/290/231 43/289/230 108/292/233
f 43/289/230 42/288/229 1370/293/234
f 1369/294/235 43/289/230 1370/293/234
f 1370/293/234 42/288/229 1331/295/236
f 43/289/230 109/296/237 108/292/233
f 109/296/237 43/289/230 1369/294/235
f 108/292/233 109/296/237 342/297/175
f 1332/298/238 109/296/237 1369/294/235
f 42/288/229 356/299/239 1331/295/236
f 356/299/239 42/288/229 416/291/232
f 1331/295/236 356/299/239 1347/300/240
f 355/301/241 356/299/239 416/291/232
f 109/296/237 1332/298/238 343/302/242
f 109/296/237 343/302/242 342/297/175
f 1332/298/238 1328/303/243 343/302/242
f 343/302/242 1328/303/243 1327/304/244
f 354/305/245 356/299/239 355/301/241
f 356/299/239 354/305/245 1347/300/240
f 352/306/246 354/305/245 355/301/241
f 482/307/247 343/302/242 1327/304/244
f 343/302/242 482/307/247 342/297/175
f 1327/304/244 1326/308/248 482/307/247
f 482/307/247 483/309/249 342/297/175
f 1326/308/248 565/310/250 482/307/247
f 482/307/247 565/310/250 483/309/249
f 565/310/250 1326/308/248 1371/311/251
f 565/310/250 566/312/252 483/309/249
f 572/313/253 565/310/250 1371/311/251
f 565/310/250 572/313/253 566/312/252
f 1371/311/251 1346/314/254 572/313/253
f 572/313/253 570/315/255 566/312/252
f 1346/314/254 571/316/256 572/313/253
f 572/313/253 571/316/256 570/315/255
f 571/316/256 1346/314/254 1345/317/257
f 571/316/256 494/318/258 570/315/255
f 495/319/259 571/316/256 1345/317/257
f 571/316/256 495/319/259 494/318/258
f 1345/317/257 1358/320/260 495/319/259
f 495/319/259 491/321/261 494/318/258
f 1358/320/260 492/322/262 495/319/259
f 495/319/259 492/322/262 491/321/261
f 492/322/262 493/323/263 491/321/261
f 57/324/176 58/325/176 56/203/185
f 433/234/183 57/324/176 56/203/185
f 58/325/176 57/324/176 666/326/112
f 1786/327/112 58/325/176 666/326/112
f 1786/327/112 666/326/112 665/328/178
f 666/326/112 667/329/178 665/328/178
f 665/328/178 667/329/178 651/330/179
f 667/329/178 649/331/179 651/330/179
f 650/332/180 651/330/179 649/331/179
f 1258/333/180 650/332/180 649/331/179
f 676/334/181 650/332/180 1258/333/180
f 677/335/181 676/334/181 1258/333/180
f 676/334/181 677/335/181 675/336/152
f 1268/337/152 676/334/181 675/336/152
f 1268/337/152 675/336/152 1267/338/156
f 1391/339/156 1268/337/152 1267/338/156
f 1391/339/156 1267/338/156 1390/213/182
f 1831/212/182 1391/339/156 1390/213/182
f 69/340/264 70/341/265 68/342/266
f 1019/343/267 69/340/264 68/342/266
f 177/344/268 69/340/264 1019/343/267
f 1019/343/267 178/345/269 177/344/268
f 178/345/269 179/346/270 177/344/268
f 202/347/271 179/346/270 178/345/269
f 203/348/272 202/347/271 178/345/269
f 203/348/272 199/349/273 202/347/271
f 203/348/272 200/350/274 199/349/273
f 200/350/274 201/351/275 199/349/273
f 1794/352/276 760/353/277 70/341/265
f 760/353/277 761/354/278 70/341/265
f 70/341/265 761/354/278 68/342/266
f 747/355/279 68/342/266 761/354/278
f 746/356/280 68/342/266 747/355/279
f 747/355/279 748/357/281 746/356/280
f 746/356/280 748/357/281 772/358/282
f 773/359/283 772/358/282 748/357/281
f 772/358/282 773/359/283 771/360/284
f 1000/361/285 772/358/282 771/360/284
f 783/362/286 1000/361/285 771/360/284
f 1000/361/285 783/362/286 731/363/287
f 783/362/286 732/364/288 731/363/287
f 731/363/287 732/364/288 730/365/289
f 765/366/290 731/363/287 730/365/289
f 730/365/289 766/367/291 765/366/290
f 765/366/290 766/367/291 737/368/292
f 738/369/293 737/368/292 766/367/291
f 738/369/293 739/370/294 737/368/292
f 737/368/292 739/370/294 1791/371/295
f 1791/371/295 739/370/294 1373/372/296
f 1791/371/295 1373/372/296 755/373/297
f 755/373/297 1373/372/296 1372/374/298
f 755/373/297 1372/374/298 1827/375/299
f 1791/371/295 755/373/297 754/376/300
f 755/373/297 752/377/301 754/376/300
f 754/376/300 752/377/301 751/378/302
f 752/377/301 753/379/303 751/378/302
f 753/379/303 767/380/304 751/378/302
f 1800/381/304 767/380/304 753/379/303
f 768/382/305 751/378/302 767/380/304
f 751/378/302 768/382/305 757/383/47
f 758/384/306 757/383/47 768/382/305
f 757/383/47 758/384/306 756/385/307
f 1793/386/307 757/383/47 756/385/307
f 142/387/308 143/388/309 141/389/310
f 144/390/311 143/388/309 142/387/308
f 205/391/312 142/387/308 141/389/310
f 145/392/313 144/390/311 142/387/308
f 205/391/312 141/389/310 175/393/314
f 146/394/315 144/390/311 145/392/313
f 176/395/316 205/391/312 175/393/314
f 158/396/317 146/394/315 145/392/313
f 149/397/318 176/395/316 175/393/314
f 146/394/315 158/396/317 157/398/319
f 147/399/320 149/397/318 175/393/314
f 158/396/317 156/400/321 157/398/319
f 148/401/322 149/397/318 147/399/320
f 157/398/319 156/400/321 155/402/323
f 150/403/324 148/401/322 147/399/320
f 156/400/321 153/404/325 155/402/323
f 151/405/326 148/401/322 150/403/324
f 155/402/323 153/404/325 152/406/327
f 183/407/328 151/405/326 150/403/324
f 153/404/325 154/408/329 152/406/327
f 151/405/326 183/407/328 182/409/330
f 159/410/331 152/406/327 154/408/329
f 181/411/332 151/405/326 182/409/330
f 160/412/331 159/410/331 154/408/329
f 181/411/332 182/409/330 180/413/333
f 161/414/334 159/410/331 160/412/331
f 743/415/335 181/411/332 180/413/333
f 162/416/334 161/414/334 160/412/331
f 743/415/335 180/413/333 204/417/336
f 163/418/337 161/414/334 162/416/334
f 1750/419/338 743/415/335 204/417/336
f 164/420/337 163/418/337 162/416/334
f 1750/419/338 204/417/336 169/421/339
f 165/422/340 163/418/337 164/420/337
f 204/417/336 170/423/341 169/421/339
f 166/424/342 165/422/340 164/420/337
f 169/421/339 170/423/341 168/425/343
f 167/426/344 165/422/340 166/424/342
f 172/427/345 169/421/339 168/425/343
f 1749/428/346 167/426/344 166/424/342
f 172/427/345 168/425/343 171/429/347
f 1749/428/346 198/430/348 167/426/344
f 174/431/349 172/427/345 171/429/347
f 198/430/348 196/432/348 167/426/344
f 174/431/349 171/429/347 173/433/350
f 198/430/348 197/434/351 196/432/348
f 189/435/352 174/431/349 173/433/350
f 197/434/351 194/436/353 196/432/348
f 189/435/352 173/433/350 188/437/354
f 197/434/351 195/438/355 194/436/353
f 187/439/356 189/435/352 188/437/354
f 195/438/355 192/440/357 194/436/353
f 187/439/356 188/437/354 186/441/358
f 195/438/355 193/442/359 192/440/357
f 185/443/358 187/439/356 186/441/358
f 193/442/359 190/444/359 192/440/357
f 185/443/358 186/441/358 184/445/360
f 193/442/359 191/446/361 190/444/359
f 191/446/361 185/443/358 184/445/360
f 191/446/361 184/445/360 190/444/359
f 207/447/362 208/448/363 206/449/364
f 206/449/364 208/448/363 230/450/365
f 208/448/363 231/451/365 230/450/365
f 209/452/366 207/447/362 206/449/364
f 210/453/367 207/447/362 209/452/366
f 212/454/367 210/453/367 209/452/366
f 210/453/367 212/454/367 211/455/368
f 214/456/369 210/453/367 211/455/368
f 214/456/369 211/455/368 213/457/370
f 216/458/371 214/456/369 213/457/370
f 215/459/372 216/458/371 213/457/370
f 218/460/373 215/459/372 213/457/370
f 215/459/372 218/460/373 217/461/374
f 220/462/375 215/459/372 217/461/374
f 220/462/375 217/461/374 219/463/376
f 222/464/377 220/462/375 219/463/376
f 221/465/378 222/464/377 219/463/376
f 223/466/378 221/465/378 219/463/376
f 224/467/379 221/465/378 223/466/378
f 225/468/380 224/467/379 223/466/378
f 226/469/381 224/467/379 225/468/380
f 232/470/382 226/469/381 225/468/380
f 233/471/383 226/469/381 232/470/382
f 1752/472/384 233/471/383 232/470/382
f 228/473/385 229/474/386 227/475/387
f 1048/476/388 228/473/385 227/475/387
f 227/475/387 250/477/389 1048/476/388
f 227/475/387 229/474/386 1049/478/390
f 250/477/389 227/475/387 1049/478/390
f 1050/479/391 1049/478/390 229/474/386
f 252/480/392 1049/478/390 1050/479/391
f 252/480/392 250/477/389 1049/478/390
f 253/481/393 250/477/389 252/480/392
f 255/482/394 253/481/393 252/480/392
f 253/481/393 251/483/395 250/477/389
f 255/482/394 252/480/392 254/484/396
f 254/484/396 252/480/392 1050/479/391
f 257/485/397 255/482/394 254/484/396
f 256/486/398 254/484/396 1050/479/391
f 257/485/397 254/484/396 256/486/398
f 229/474/386 256/486/398 1050/479/391
f 262/487/399 257/485/397 256/486/398
f 261/488/400 262/487/399 256/486/398
f 251/483/395 248/489/401 250/477/389
f 250/477/389 248/489/401 1048/476/388
f 251/483/395 249/490/402 248/489/401
f 723/491/403 261/488/400 256/486/398
f 243/492/404 261/488/400 723/491/403
f 1044/493/405 723/491/403 256/486/398
f 229/474/386 1044/493/405 256/486/398
f 241/494/406 243/492/404 723/491/403
f 242/495/407 243/492/404 241/494/406
f 241/494/406 723/491/403 1045/496/408
f 723/491/403 1044/493/405 1045/496/408
f 263/497/409 242/495/407 241/494/406
f 263/497/409 241/494/406 1045/496/408
f 247/498/410 242/495/407 263/497/409
f 246/499/411 247/498/410 263/497/409
f 1046/500/412 263/497/409 1045/496/408
f 1045/496/408 1044/493/405 1046/500/412
f 246/499/411 263/497/409 1046/500/412
f 236/501/413 247/498/410 246/499/411
f 1046/500/412 1044/493/405 1042/502/414
f 1042/502/414 246/499/411 1046/500/412
f 1751/503/415 1044/493/405 229/474/386
f 1042/502/414 1044/493/405 1751/503/415
f 246/499/411 1042/502/414 1041/504/416
f 1042/502/414 1751/503/415 1041/504/416
f 234/505/417 236/501/413 246/499/411
f 234/505/417 246/499/411 1041/504/416
f 235/506/418 236/501/413 234/505/417
f 1751/503/415 229/474/386 228/473/385
f 1043/507/419 1041/504/416 1751/503/415
f 234/505/417 1041/504/416 1043/507/419
f 237/508/420 235/506/418 234/505/417
f 237/508/420 234/505/417 1043/507/419
f 238/509/421 235/506/418 237/508/420
f 1751/503/415 240/510/422 1043/507/419
f 240/510/422 237/508/420 1043/507/419
f 1751/503/415 228/473/385 240/510/422
f 240/510/422 238/509/421 237/508/420
f 238/509/421 240/510/422 239/511/423
f 228/473/385 239/511/423 240/510/422
f 245/512/424 238/509/421 239/511/423
f 239/511/423 228/473/385 1047/513/425
f 1047/513/425 228/473/385 1048/476/388
f 1048/476/388 248/489/401 1047/513/425
f 244/514/426 239/511/423 1047/513/425
f 248/489/401 244/514/426 1047/513/425
f 245/512/424 239/511/423 244/514/426
f 249/490/402 244/514/426 248/489/401
f 249/490/402 245/512/424 244/514/426
f 259/515/427 260/516/428 258/517/429
f 1054/518/430 260/516/428 259/515/427
f 259/515/427 277/519/431 1054/518/430
f 258/517/429 1051/520/432 259/515/427
f 277/519/431 259/515/427 1051/520/432
f 1052/521/433 1051/520/432 258/517/429
f 258/517/429 267/522/434 1052/521/433
f 266/523/435 1051/520/432 1052/521/433
f 266/523/435 277/519/431 1051/520/432
f 264/524/436 266/523/435 1052/521/433
f 267/522/434 264/524/436 1052/521/433
f 276/525/437 277/519/431 266/523/435
f 265/526/438 276/525/437 266/523/435
f 265/526/438 266/523/435 264/524/436
f 276/525/437 293/527/439 277/519/431
f 268/528/440 265/526/438 264/524/436
f 268/528/440 264/524/436 267/522/434
f 270/529/441 268/528/440 267/522/434
f 293/527/439 271/530/442 277/519/431
f 277/519/431 271/530/442 1054/518/430
f 293/527/439 272/531/443 271/530/442
f 270/529/441 267/522/434 269/532/444
f 275/533/445 270/529/441 269/532/444
f 274/534/446 275/533/445 269/532/444
f 1054/518/430 271/530/442 1053/535/447
f 272/531/443 273/536/448 271/530/442
f 271/530/442 273/536/448 1053/535/447
f 272/531/443 292/537/449 273/536/448
f 260/516/428 1054/518/430 1053/535/447
f 273/536/448 724/538/450 1053/535/447
f 292/537/449 724/538/450 273/536/448
f 724/538/450 260/516/428 1053/535/447
f 724/538/450 292/537/449 291/539/451
f 260/516/428 724/538/450 291/539/451
f 292/537/449 287/540/452 291/539/451
f 291/539/451 287/540/452 286/541/453
f 287/540/452 285/542/454 286/541/453
f 286/541/453 285/542/454 284/543/455
f 285/542/454 283/544/456 284/543/455
f 291/539/451 286/541/453 1060/545/457
f 286/541/453 284/543/455 1060/545/457
f 284/543/455 283/544/456 282/546/458
f 283/544/456 281/547/459 282/546/458
f 284/543/455 1058/548/460 1060/545/457
f 284/543/455 282/546/458 1058/548/460
f 1753/549/461 291/539/451 1060/545/457
f 1060/545/457 1058/548/460 1753/549/461
f 1753/549/461 260/516/428 291/539/451
f 282/546/458 1059/550/462 1058/548/460
f 1059/550/462 1753/549/461 1058/548/460
f 1753/549/461 1056/551/463 260/516/428
f 1753/549/461 1059/550/462 1056/551/463
f 258/517/429 260/516/428 1056/551/463
f 258/517/429 1056/551/463 267/522/434
f 1056/551/463 269/532/444 267/522/434
f 1057/552/464 1056/551/463 1059/550/462
f 1059/550/462 282/546/458 1057/552/464
f 269/532/444 1056/551/463 1055/553/465
f 1055/553/465 1056/551/463 1057/552/464
f 282/546/458 280/554/466 1057/552/464
f 1057/552/464 280/554/466 1055/553/465
f 282/546/458 281/547/459 280/554/466
f 281/547/459 279/555/467 280/554/466
f 280/554/466 278/556/468 1055/553/465
f 280/554/466 279/555/467 278/556/468
f 278/556/468 269/532/444 1055/553/465
f 279/555/467 274/534/446 278/556/468
f 278/556/468 274/534/446 269/532/444
f 289/557/469 290/558/470 288/559/471
f 288/559/471 290/558/470 305/560/472
f 290/558/470 303/561/472 305/560/472
f 304/562/473 305/560/472 303/561/472
f 1755/563/473 304/562/473 303/561/472
f 290/558/470 289/557/469 296/564/474
f 296/564/474 805/565/475 290/558/470
f 296/564/474 295/566/476 805/565/475
f 295/566/476 1061/567/477 805/565/475
f 295/566/476 296/564/474 294/568/478
f 289/557/469 294/568/478 296/564/474
f 1062/569/479 295/566/476 294/568/478
f 294/568/478 808/570/480 1062/569/479
f 808/570/480 294/568/478 289/557/469
f 808/570/480 1063/571/481 1062/569/479
f 806/572/482 289/557/469 288/559/471
f 289/557/469 806/572/482 299/573/483
f 806/572/482 297/574/483 299/573/483
f 298/575/484 299/573/483 297/574/483
f 1754/576/484 298/575/484 297/574/483
f 806/572/482 288/559/471 306/577/485
f 306/577/485 807/578/486 806/572/482
f 288/559/471 804/579/487 306/577/485
f 804/579/487 288/559/471 803/580/488
f 306/577/485 308/581/489 807/578/486
f 308/581/489 1064/582/490 807/578/486
f 307/583/491 308/581/489 306/577/485
f 804/579/487 307/583/491 306/577/485
f 307/583/491 804/579/487 803/580/488
f 1819/584/492 307/583/491 803/580/488
f 301/585/493 302/586/494 300/587/495
f 302/586/494 301/585/493 938/588/496
f 301/585/493 936/589/497 938/588/496
f 301/585/493 937/590/498 936/589/497
f 301/585/493 300/587/495 937/590/498
f 939/591/499 302/586/494 938/588/496
f 300/587/495 917/592/500 937/590/498
f 916/593/501 917/592/500 300/587/495
f 809/594/502 916/593/501 300/587/495
f 300/587/495 302/586/494 810/595/503
f 810/595/503 809/594/502 300/587/495
f 302/586/494 939/591/499 972/596/504
f 972/596/504 810/595/503 302/586/494
f 939/591/499 1250/597/505 972/596/504
f 1250/597/505 973/598/506 972/596/504
f 973/598/506 974/599/507 972/596/504
f 810/595/503 972/596/504 974/599/507
f 973/598/506 1231/600/508 974/599/507
f 809/594/502 810/595/503 309/601/509
f 309/601/509 810/595/503 974/599/507
f 1260/602/510 809/594/502 309/601/509
f 1231/600/508 310/603/511 974/599/507
f 974/599/507 310/603/511 309/601/509
f 311/604/512 310/603/511 1231/600/508
f 310/603/511 311/604/512 309/601/509
f 1260/602/510 309/601/509 311/604/512
f 1230/605/513 311/604/512 1231/600/508
f 906/606/514 1260/602/510 311/604/512
f 1230/605/513 905/607/515 311/604/512
f 905/607/515 906/606/514 311/604/512
f 316/608/493 317/609/494 315/610/495
f 317/609/494 316/608/493 952/611/496
f 316/608/493 951/612/497 952/611/496
f 951/612/497 316/608/493 950/613/498
f 316/608/493 315/610/495 950/613/498
f 953/614/499 317/609/494 952/611/496
f 315/610/495 927/615/500 950/613/498
f 926/616/501 927/615/500 315/610/495
f 812/617/502 926/616/501 315/610/495
f 315/610/495 317/609/494 1067/618/503
f 1067/618/503 812/617/502 315/610/495
f 989/619/504 317/609/494 953/614/499
f 989/619/504 1067/618/503 317/609/494
f 1808/620/505 989/619/504 953/614/499
f 1808/620/505 990/621/506 989/619/504
f 990/621/506 991/622/507 989/619/504
f 1067/618/503 989/619/504 991/622/507
f 990/621/506 1236/623/508 991/622/507
f 1067/618/503 632/624/509 812/617/502
f 632/624/509 1067/618/503 991/622/507
f 632/624/509 813/625/510 812/617/502
f 1236/623/508 633/626/511 991/622/507
f 991/622/507 633/626/511 632/624/509
f 813/625/510 632/624/509 634/627/512
f 633/626/511 634/627/512 632/624/509
f 634/627/512 633/626/511 1236/623/508
f 913/628/514 813/625/510 634/627/512
f 1237/629/513 634/627/512 1236/623/508
f 912/630/515 913/628/514 634/627/512
f 1237/629/513 912/630/515 634/627/512
f 322/631/516 323/632/517 321/633/518
f 323/632/517 322/631/516 1093/634/519
f 1087/635/520 323/632/517 1093/634/519
f 1093/634/519 322/631/516 1088/636/521
f 323/632/517 1087/635/520 1086/637/522
f 322/631/516 402/638/523 1088/636/521
f 391/639/524 323/632/517 1086/637/522
f 323/632/517 391/639/524 321/633/518
f 391/639/524 1086/637/522 1095/640/525
f 1088/636/521 402/638/523 1089/641/526
f 325/642/527 391/639/524 1095/640/525
f 325/642/527 1095/640/525 1092/643/528
f 391/639/524 325/642/527 324/644/529
f 391/639/524 324/644/529 321/633/518
f 392/645/530 325/642/527 1092/643/528
f 325/642/527 326/646/531 324/644/529
f 392/645/530 326/646/531 325/642/527
f 393/647/532 392/645/530 1092/643/528
f 393/647/532 326/646/531 392/645/530
f 1081/648/533 393/647/532 1092/643/528
f 324/644/529 326/646/531 335/649/534
f 393/647/532 335/649/534 326/646/531
f 393/647/532 1081/648/533 425/650/535
f 335/649/534 393/647/532 425/650/535
f 1081/648/533 1082/651/536 425/650/535
f 337/652/537 324/644/529 335/649/534
f 321/633/518 324/644/529 337/652/537
f 344/653/538 425/650/535 1082/651/536
f 1083/654/539 344/653/538 1082/651/536
f 336/655/540 335/649/534 425/650/535
f 344/653/538 1083/654/539 401/656/541
f 1083/654/539 1084/657/542 401/656/541
f 425/650/535 344/653/538 346/658/543
f 336/655/540 425/650/535 346/658/543
f 401/656/541 345/659/544 344/653/538
f 345/659/544 346/658/543 344/653/538
f 401/656/541 1084/657/542 865/660/545
f 1084/657/542 863/661/546 865/660/545
f 864/662/547 865/660/545 863/661/546
f 865/660/545 864/662/547 1201/663/548
f 865/660/545 348/664/549 401/656/541
f 348/664/549 865/660/545 1201/663/548
f 348/664/549 345/659/544 401/656/541
f 1201/663/548 1199/665/550 348/664/549
f 345/659/544 348/664/549 347/666/551
f 1199/665/550 347/666/551 348/664/549
f 349/667/552 345/659/544 347/666/551
f 346/658/543 345/659/544 349/667/552
f 347/666/551 1199/665/550 713/668/553
f 1199/665/550 1200/669/554 713/668/553
f 1200/669/554 862/670/555 713/668/553
f 862/670/555 861/671/556 713/668/553
f 861/671/556 862/670/555 860/672/557
f 714/673/558 861/671/556 860/672/557
f 861/671/556 714/673/558 713/668/553
f 1076/674/559 714/673/558 860/672/557
f 713/668/553 362/675/560 347/666/551
f 714/673/558 362/675/560 713/668/553
f 362/675/560 349/667/552 347/666/551
f 363/676/561 714/673/558 1076/674/559
f 714/673/558 363/676/561 362/675/560
f 1077/677/562 363/676/561 1076/674/559
f 362/675/560 351/678/563 349/667/552
f 363/676/561 351/678/563 362/675/560
f 351/678/563 350/679/564 349/667/552
f 350/679/564 346/658/543 349/667/552
f 336/655/540 346/658/543 350/679/564
f 334/680/565 336/655/540 350/679/564
f 334/680/565 350/679/564 351/678/563
f 335/649/534 336/655/540 334/680/565
f 337/652/537 335/649/534 334/680/565
f 338/681/566 334/680/565 351/678/563
f 338/681/566 351/678/563 363/676/561
f 337/652/537 334/680/565 338/681/566
f 341/682/567 337/652/537 338/681/566
f 410/683/568 338/681/566 363/676/561
f 363/676/561 1077/677/562 410/683/568
f 341/682/567 338/681/566 410/683/568
f 1077/677/562 1074/684/569 410/683/568
f 321/633/518 337/652/537 341/682/567
f 410/683/568 1074/684/569 415/685/570
f 415/685/570 341/682/567 410/683/568
f 1074/684/569 1075/686/571 415/685/570
f 340/687/572 321/633/518 341/682/567
f 340/687/572 322/631/516 321/633/518
f 339/688/573 341/682/567 415/685/570
f 340/687/572 341/682/567 339/688/573
f 415/685/570 1075/686/571 1079/689/574
f 1079/689/574 339/688/573 415/685/570
f 1075/686/571 1078/690/575 1079/689/574
f 402/638/523 322/631/516 340/687/572
f 407/691/576 340/687/572 339/688/573
f 407/691/576 402/638/523 340/687/572
f 412/692/577 1079/689/574 1078/690/575
f 1079/689/574 412/692/577 339/688/573
f 1809/693/578 412/692/577 1078/690/575
f 339/688/573 406/694/579 407/691/576
f 402/638/523 407/691/576 406/694/579
f 412/692/577 406/694/579 339/688/573
f 1809/693/578 1080/695/580 412/692/577
f 409/696/581 402/638/523 406/694/579
f 402/638/523 409/696/581 1089/641/526
f 1089/641/526 409/696/581 1090/697/582
f 409/696/581 406/694/579 408/698/583
f 408/698/583 406/694/579 412/692/577
f 409/696/581 1091/699/584 1090/697/582
f 1091/699/584 409/696/581 408/698/583
f 1090/697/582 1091/699/584 551/700/585
f 1091/699/584 408/698/583 551/700/585
f 1148/701/586 1090/697/582 551/700/585
f 559/702/587 408/698/583 412/692/577
f 1080/695/580 559/702/587 412/692/577
f 557/703/588 559/702/587 1080/695/580
f 408/698/583 559/702/587 557/703/588
f 1811/704/589 557/703/588 1080/695/580
f 1811/704/589 1137/705/590 557/703/588
f 1148/701/586 551/700/585 546/706/591
f 408/698/583 550/707/592 551/700/585
f 550/707/592 408/698/583 557/703/588
f 551/700/585 550/707/592 546/706/591
f 1147/708/593 1148/701/586 546/706/591
f 550/707/592 547/709/594 546/706/591
f 1137/705/590 558/710/595 557/703/588
f 558/710/595 1137/705/590 1134/711/596
f 550/707/592 557/703/588 480/712/597
f 550/707/592 480/712/597 547/709/594
f 557/703/588 558/710/595 480/712/597
f 568/713/598 558/710/595 1134/711/596
f 480/712/597 558/710/595 568/713/598
f 568/713/598 1134/711/596 1133/714/599
f 546/706/591 547/709/594 462/715/600
f 547/709/594 480/712/597 462/715/600
f 1147/708/593 546/706/591 461/716/601
f 461/716/601 546/706/591 462/715/600
f 1151/717/602 1147/708/593 461/716/601
f 480/712/597 481/718/603 462/715/600
f 481/718/603 480/712/597 568/713/598
f 461/716/601 462/715/600 460/719/604
f 462/715/600 481/718/603 460/719/604
f 1151/717/602 461/716/601 1144/720/605
f 1144/720/605 461/716/601 460/719/604
f 1146/721/606 1151/717/602 1144/720/605
f 1145/722/607 1146/721/606 1144/720/605
f 539/723/608 1145/722/607 1144/720/605
f 1144/720/605 460/719/604 539/723/608
f 1152/724/609 1145/722/607 539/723/608
f 463/725/610 1152/724/609 539/723/608
f 1149/726/611 1152/724/609 463/725/610
f 460/719/604 464/727/612 539/723/608
f 539/723/608 464/727/612 463/725/610
f 540/728/613 1149/726/611 463/725/610
f 464/727/612 460/719/604 478/729/614
f 481/718/603 478/729/614 460/719/604
f 464/727/612 465/730/615 463/725/610
f 465/730/615 540/728/613 463/725/610
f 464/727/612 478/729/614 475/731/616
f 465/730/615 464/727/612 475/731/616
f 465/730/615 541/732/617 540/728/613
f 1149/726/611 540/728/613 541/732/617
f 475/731/616 541/732/617 465/730/615
f 1138/733/618 1149/726/611 541/732/617
f 541/732/617 545/734/619 1138/733/618
f 545/734/619 541/732/617 475/731/616
f 545/734/619 1139/735/620 1138/733/618
f 1139/735/620 545/734/619 484/736/621
f 1140/737/622 1139/735/620 484/736/621
f 477/738/623 545/734/619 475/731/616
f 484/736/621 486/739/624 1140/737/622
f 486/739/624 1127/740/625 1140/737/622
f 487/741/626 484/736/621 545/734/619
f 477/738/623 487/741/626 545/734/619
f 1127/740/625 486/739/624 497/742/627
f 1810/743/628 1127/740/625 497/742/627
f 1810/743/628 497/742/627 833/744/629
f 485/745/630 486/739/624 484/736/621
f 487/741/626 485/745/630 484/736/621
f 504/746/631 497/742/627 486/739/624
f 485/745/630 504/746/631 486/739/624
f 497/742/627 499/747/632 833/744/629
f 499/747/632 834/748/633 833/744/629
f 504/746/631 498/749/634 497/742/627
f 498/749/634 499/747/632 497/742/627
f 499/747/632 509/750/635 834/748/633
f 509/750/635 499/747/632 498/749/634
f 509/750/635 1141/751/636 834/748/633
f 1141/751/636 509/750/635 1142/752/637
f 509/750/635 520/753/638 1142/752/637
f 1142/752/637 520/753/638 1128/754/639
f 511/755/640 509/750/635 498/749/634
f 520/753/638 509/750/635 511/755/640
f 510/756/641 511/755/640 498/749/634
f 520/753/638 519/757/642 1128/754/639
f 835/758/643 1128/754/639 519/757/642
f 518/759/644 520/753/638 511/755/640
f 519/757/642 520/753/638 518/759/644
f 523/760/645 835/758/643 519/757/642
f 523/760/645 836/761/646 835/758/643
f 892/762/647 836/761/646 523/760/645
f 523/760/645 519/757/642 527/763/648
f 527/763/648 519/757/642 518/759/644
f 522/764/649 892/762/647 523/760/645
f 891/765/650 892/762/647 522/764/649
f 521/766/651 523/760/645 527/763/648
f 522/764/649 523/760/645 521/766/651
f 891/765/650 522/764/649 535/767/652
f 535/767/652 522/764/649 521/766/651
f 1206/768/653 891/765/650 535/767/652
f 528/769/654 521/766/651 527/763/648
f 535/767/652 521/766/651 528/769/654
f 1206/768/653 535/767/652 798/770/655
f 798/770/655 535/767/652 528/769/654
f 1205/771/656 1206/768/653 798/770/655
f 1205/771/656 798/770/655 797/772/657
f 798/770/655 528/769/654 797/772/657
f 870/773/658 1205/771/656 797/772/657
f 529/774/659 528/769/654 527/763/648
f 529/774/659 527/763/648 518/759/644
f 797/772/657 528/769/654 530/775/660
f 530/775/660 528/769/654 529/774/659
f 797/772/657 871/776/661 870/773/658
f 871/776/661 797/772/657 530/775/660
f 870/773/658 871/776/661 869/777/662
f 866/778/663 869/777/662 871/776/661
f 524/779/664 529/774/659 518/759/644
f 524/779/664 518/759/644 511/755/640
f 510/756/641 524/779/664 511/755/640
f 867/780/665 866/778/663 871/776/661
f 534/781/666 529/774/659 524/779/664
f 534/781/666 530/775/660 529/774/659
f 867/780/665 868/782/667 866/778/663
f 526/783/668 534/781/666 524/779/664
f 526/783/668 524/779/664 510/756/641
f 534/781/666 553/784/669 530/775/660
f 530/775/660 567/785/670 871/776/661
f 553/784/669 567/785/670 530/775/660
f 871/776/661 567/785/670 562/786/671
f 871/776/661 562/786/671 867/780/665
f 1132/787/672 567/785/670 553/784/669
f 567/785/670 1132/787/672 562/786/671
f 1132/787/672 893/788/673 562/786/671
f 1131/789/674 1132/787/672 553/784/669
f 893/788/673 560/790/675 562/786/671
f 1131/789/674 553/784/669 552/791/676
f 552/791/676 553/784/669 534/781/666
f 526/783/668 552/791/676 534/781/666
f 1354/792/677 1131/789/674 552/791/676
f 561/793/678 562/786/671 560/790/675
f 561/793/678 867/780/665 562/786/671
f 1374/794/679 561/793/678 560/790/675
f 1354/792/677 552/791/676 556/795/680
f 556/795/680 552/791/676 526/783/668
f 1130/796/681 1354/792/677 556/795/680
f 889/797/682 561/793/678 1374/794/679
f 561/793/678 889/797/682 867/780/665
f 890/798/683 889/797/682 1374/794/679
f 889/797/682 890/798/683 888/799/684
f 889/797/682 887/800/685 867/780/665
f 887/800/685 889/797/682 888/799/684
f 887/800/685 868/782/667 867/780/665
f 885/801/686 887/800/685 888/799/684
f 868/782/667 887/800/685 886/802/687
f 886/802/687 887/800/685 885/801/686
f 556/795/680 555/803/688 1130/796/681
f 555/803/688 1129/804/689 1130/796/681
f 555/803/688 556/795/680 514/805/690
f 514/805/690 556/795/680 526/783/668
f 514/805/690 526/783/668 510/756/641
f 1129/804/689 555/803/688 569/806/691
f 513/807/692 555/803/688 514/805/690
f 513/807/692 514/805/690 510/756/641
f 569/806/691 555/803/688 513/807/692
f 1143/808/693 1129/804/689 569/806/691
f 512/809/694 513/807/692 510/756/641
f 512/809/694 510/756/641 498/749/634
f 512/809/694 498/749/634 504/746/631
f 508/810/695 513/807/692 512/809/694
f 508/810/695 569/806/691 513/807/692
f 503/811/696 512/809/694 504/746/631
f 503/811/696 508/810/695 512/809/694
f 503/811/696 504/746/631 485/745/630
f 569/806/691 508/810/695 490/812/697
f 490/812/697 508/810/695 503/811/696
f 1143/808/693 569/806/691 563/813/698
f 563/813/698 569/806/691 490/812/697
f 1135/814/699 1143/808/693 563/813/698
f 488/815/700 503/811/696 485/745/630
f 488/815/700 490/812/697 503/811/696
f 488/815/700 485/745/630 487/741/626
f 489/816/701 488/815/700 487/741/626
f 490/812/697 488/815/700 489/816/701
f 489/816/701 487/741/626 477/738/623
f 1135/814/699 563/813/698 564/817/702
f 563/813/698 490/812/697 496/818/703
f 496/818/703 490/812/697 489/816/701
f 564/817/702 563/813/698 496/818/703
f 1136/819/704 1135/814/699 564/817/702
f 476/820/705 489/816/701 477/738/623
f 496/818/703 489/816/701 476/820/705
f 476/820/705 477/738/623 475/731/616
f 478/729/614 476/820/705 475/731/616
f 479/821/706 496/818/703 476/820/705
f 479/821/706 476/820/705 478/729/614
f 564/817/702 496/818/703 479/821/706
f 481/718/603 479/821/706 478/729/614
f 564/817/702 554/822/707 1136/819/704
f 554/822/707 564/817/702 479/821/706
f 554/822/707 479/821/706 481/718/603
f 554/822/707 1133/714/599 1136/819/704
f 568/713/598 554/822/707 481/718/603
f 554/822/707 568/713/598 1133/714/599
f 328/823/708 329/824/709 327/825/708
f 330/826/708 329/824/709 328/823/708
f 327/825/708 329/824/709 597/827/710
f 329/824/709 330/826/708 470/828/711
f 470/828/711 330/826/708 471/829/708
f 470/828/711 471/829/708 469/830/708
f 1273/831/712 470/828/711 469/830/708
f 597/827/710 329/824/709 593/832/713
f 597/827/710 593/832/713 589/833/714
f 329/824/709 470/828/711 997/834/715
f 329/824/709 997/834/715 996/835/716
f 470/828/711 993/836/717 997/834/715
f 993/836/717 470/828/711 992/837/718
f 994/838/719 992/837/718 470/828/711
f 329/824/709 996/835/716 587/839/720
f 329/824/709 587/839/720 593/832/713
f 996/835/716 998/840/721 587/839/720
f 999/841/722 587/839/720 998/840/721
f 999/841/722 995/842/723 587/839/720
f 784/843/724 995/842/723 994/838/719
f 784/843/724 994/838/719 470/828/711
f 995/842/723 784/843/724 587/839/720
f 784/843/724 470/828/711 786/844/725
f 470/828/711 1273/831/712 786/844/725
f 786/844/725 1273/831/712 1378/845/726
f 585/846/727 587/839/720 784/843/724
f 587/839/720 586/847/728 593/832/713
f 586/847/728 587/839/720 585/846/727
f 586/847/728 721/848/729 593/832/713
f 1314/849/730 586/847/728 585/846/727
f 586/847/728 1314/849/730 721/848/729
f 1821/850/731 1314/849/730 585/846/727
f 1821/850/731 585/846/727 1320/851/732
f 1314/849/730 1322/852/733 721/848/729
f 585/846/727 784/843/724 1319/853/734
f 585/846/727 1319/853/734 1320/851/732
f 784/843/724 786/844/725 1319/853/734
f 1318/854/735 1320/851/732 1319/853/734
f 721/848/729 1322/852/733 722/855/736
f 1322/852/733 1323/856/737 722/855/736
f 399/857/738 593/832/713 721/848/729
f 722/855/736 399/857/738 721/848/729
f 1323/856/737 1321/858/739 722/855/736
f 593/832/713 399/857/738 589/833/714
f 589/833/714 399/857/738 588/859/740
f 1321/858/739 1272/860/741 722/855/736
f 722/855/736 397/861/742 399/857/738
f 1272/860/741 397/861/742 722/855/736
f 1321/858/739 1317/862/743 1272/860/741
f 399/857/738 398/863/744 588/859/740
f 398/863/744 399/857/738 397/861/742
f 588/859/740 398/863/744 424/864/745
f 1317/862/743 1316/865/746 1272/860/741
f 1316/865/746 1317/862/743 1315/866/747
f 397/861/742 1272/860/741 22/102/99
f 1272/860/741 1316/865/746 22/102/99
f 1274/867/748 1316/865/746 1315/866/747
f 1274/867/748 22/102/99 1316/865/746
f 1274/867/748 1315/866/747 1363/868/749
f 22/102/99 24/101/98 397/861/742
f 24/101/98 663/869/750 397/861/742
f 663/869/750 398/863/744 397/861/742
f 24/101/98 664/110/107 663/869/750
f 398/863/744 663/869/750 1187/870/751
f 398/863/744 1187/870/751 424/864/745
f 664/110/107 434/202/184 663/869/750
f 663/869/750 434/202/184 1187/870/751
f 664/110/107 432/235/183 434/202/184
f 433/234/183 434/202/184 432/235/183
f 56/203/185 434/202/184 433/234/183
f 1187/870/751 434/202/184 29/184/177
f 424/864/745 1187/870/751 423/871/752
f 423/871/752 1187/870/751 29/184/177
f 418/872/753 424/864/745 423/871/752
f 423/871/752 29/184/177 1240/873/187
f 419/874/176 418/872/753 423/871/752
f 718/875/186 423/871/752 1240/873/187
f 1240/873/187 719/876/188 718/875/186
f 719/876/188 720/877/188 718/875/186
f 1065/878/189 720/877/188 719/876/188
f 673/879/189 1065/878/189 719/876/188
f 1065/878/189 673/879/189 672/880/190
f 673/879/189 674/881/191 672/880/190
f 418/872/753 419/874/176 417/882/754
f 1244/214/158 672/880/190 674/881/191
f 1818/200/193 1244/214/158 674/881/191
f 1760/883/755 418/872/753 417/882/754
f 1760/883/755 417/882/754 1790/884/756
f 1790/884/756 417/882/754 1789/885/757
f 1789/885/757 417/882/754 701/886/758
f 1789/885/757 701/886/758 703/887/759
f 1202/888/178 701/886/758 417/882/754
f 702/889/760 703/887/759 701/886/758
f 702/889/760 701/886/758 856/890/761
f 1815/891/762 702/889/760 856/890/761
f 856/890/761 701/886/758 855/892/763
f 859/893/764 701/886/758 1202/888/178
f 855/892/763 701/886/758 859/893/764
f 859/893/764 1202/888/178 395/894/765
f 858/895/766 855/892/763 859/893/764
f 858/895/766 859/893/764 857/896/767
f 857/896/767 859/893/764 395/894/765
f 854/897/768 858/895/766 857/896/767
f 857/896/767 395/894/765 394/898/769
f 394/898/769 854/897/768 857/896/767
f 395/894/765 396/899/770 394/898/769
f 854/897/768 394/898/769 853/900/771
f 1256/901/772 394/898/769 396/899/770
f 396/899/770 793/902/773 1256/901/772
f 1758/903/774 394/898/769 1256/901/772
f 793/902/773 792/904/775 1256/901/772
f 1198/905/776 394/898/769 1758/903/774
f 853/900/771 394/898/769 1198/905/776
f 1814/906/777 853/900/771 1198/905/776
f 792/904/775 793/902/773 791/907/778
f 1213/908/779 792/904/775 791/907/778
f 1213/908/779 791/907/778 1212/909/780
f 1388/910/781 1213/908/779 1212/909/780
f 1212/909/780 1244/214/158 1388/910/781
f 1388/910/781 1244/214/158 1829/911/782
f 1829/911/782 1244/214/158 1828/912/783
f 1215/164/160 1828/912/783 1244/214/158
f 332/913/784 333/914/785 331/915/786
f 1188/916/787 333/914/785 332/913/784
f 1188/916/787 332/913/784 1280/917/788
f 332/913/784 1281/918/789 1280/917/788
f 1188/916/787 1280/917/788 1189/919/790
f 1189/919/790 333/914/785 1188/916/787
f 1280/917/788 1282/920/791 1189/919/790
f 1282/920/791 1380/921/792 1189/919/790
f 1281/918/789 332/913/784 1183/922/793
f 332/913/784 331/915/786 1183/922/793
f 1279/923/794 1281/918/789 1183/922/793
f 1279/923/794 1183/922/793 1278/924/795
f 1183/922/793 331/915/786 1278/924/795
f 1277/925/796 1279/923/794 1278/924/795
f 1277/925/796 1278/924/795 1094/926/797
f 331/915/786 1094/926/797 1278/924/795
f 1276/927/798 1277/925/796 1094/926/797
f 1276/927/798 1094/926/797 637/928/799
f 636/929/800 1276/927/798 637/928/799
f 637/928/799 1094/926/797 1072/103/100
f 1072/103/100 1094/926/797 331/915/786
f 636/929/800 637/928/799 635/930/801
f 1294/931/802 636/929/800 635/930/801
f 1293/932/803 1294/931/802 635/930/801
f 635/930/801 637/928/799 22/102/99
f 22/102/99 637/928/799 1072/103/100
f 1297/933/804 1293/932/803 635/930/801
f 635/930/801 22/102/99 1297/933/804
f 1296/934/805 1293/932/803 1297/933/804
f 1297/933/804 22/102/99 1275/935/806
f 1275/935/806 1296/934/805 1297/933/804
f 1275/935/806 22/102/99 1274/867/748
f 1295/936/807 1296/934/805 1275/935/806
f 1298/937/808 1295/936/807 1275/935/806
f 1298/937/808 1275/935/806 1274/867/748
f 1299/938/809 1295/936/807 1298/937/808
f 1274/867/748 1364/939/810 1298/937/808
f 1364/939/810 1274/867/748 1363/868/749
f 1300/940/811 1299/938/809 1298/937/808
f 1300/940/811 1298/937/808 1364/939/810
f 1284/941/812 1299/938/809 1300/940/811
f 1311/942/813 1364/939/810 1363/868/749
f 1300/940/811 1364/939/810 1311/942/813
f 1820/943/814 1311/942/813 1363/868/749
f 1820/943/814 1312/944/815 1311/942/813
f 1285/945/816 1284/941/812 1300/940/811
f 1312/944/815 1313/946/817 1311/942/813
f 1312/944/815 1318/854/735 1313/946/817
f 1284/941/812 1285/945/816 1283/947/818
f 1380/921/792 1284/941/812 1283/947/818
f 1380/921/792 1283/947/818 1189/919/790
f 1285/945/816 681/948/819 1283/947/818
f 1285/945/816 1300/940/811 681/948/819
f 1283/947/818 683/949/820 1189/919/790
f 681/948/819 683/949/820 1283/947/818
f 683/949/820 1287/950/821 1189/919/790
f 1286/951/822 1287/950/821 683/949/820
f 682/952/823 1286/951/822 683/949/820
f 682/952/823 683/949/820 681/948/819
f 1305/953/824 682/952/823 681/948/819
f 1304/954/825 1305/953/824 681/948/819
f 1287/950/821 656/955/826 1189/919/790
f 1287/950/821 1286/951/822 656/955/826
f 1286/951/822 1288/956/827 656/955/826
f 656/955/826 333/914/785 1189/919/790
f 656/955/826 1288/956/827 655/957/828
f 333/914/785 656/955/826 655/957/828
f 1288/956/827 1291/958/829 655/957/828
f 655/957/828 1291/958/829 1292/959/830
f 655/957/828 1292/959/830 333/914/785
f 1291/958/829 1289/960/831 1292/959/830
f 1292/959/830 1289/960/831 782/961/832
f 1292/959/830 782/961/832 333/914/785
f 1289/960/831 1290/962/833 782/961/832
f 782/961/832 1290/962/833 544/963/834
f 1290/962/833 542/964/835 544/963/834
f 544/963/834 750/965/836 782/961/832
f 333/914/785 782/961/832 750/965/836
f 543/966/837 544/963/834 542/964/835
f 1769/967/838 543/966/837 542/964/835
f 1769/967/838 1302/968/839 543/966/837
f 577/969/840 544/963/834 543/966/837
f 750/965/836 544/963/834 577/969/840
f 1302/968/839 1303/970/841 543/966/837
f 543/966/837 1303/970/841 577/969/840
f 1302/968/839 1308/971/842 1303/970/841
f 1308/971/842 1301/972/843 1303/970/841
f 1308/971/842 1310/973/844 1301/972/843
f 577/969/840 1303/970/841 578/974/845
f 1303/970/841 1301/972/843 578/974/845
f 1310/973/844 787/975/846 1301/972/843
f 787/975/846 578/974/845 1301/972/843
f 1310/973/844 1309/976/847 787/975/846
f 1309/976/847 1306/977/848 787/975/846
f 1309/976/847 1304/954/825 1306/977/848
f 1306/977/848 1313/946/817 787/975/846
f 1304/954/825 1307/978/849 1306/977/848
f 1307/978/849 1304/954/825 681/948/819
f 681/948/819 1300/940/811 1307/978/849
f 1307/978/849 1300/940/811 1311/942/813
f 1307/978/849 1311/942/813 1306/977/848
f 1306/977/848 1311/942/813 1313/946/817
f 1313/946/817 785/979/850 787/975/846
f 1318/854/735 785/979/850 1313/946/817
f 785/979/850 1318/854/735 1319/853/734
f 1319/853/734 786/844/725 785/979/850
f 786/844/725 787/975/846 785/979/850
f 786/844/725 578/974/845 787/975/846
f 578/974/845 786/844/725 1378/845/726
f 578/974/845 1378/845/726 1377/980/851
f 576/981/852 578/974/845 1377/980/851
f 576/981/852 1377/980/851 1379/982/853
f 577/969/840 578/974/845 576/981/852
f 790/983/854 576/981/852 1379/982/853
f 749/984/855 577/969/840 576/981/852
f 749/984/855 576/981/852 790/983/854
f 750/965/836 577/969/840 749/984/855
f 1379/982/853 583/985/856 790/983/854
f 1126/986/857 750/965/836 749/984/855
f 473/987/858 750/965/836 1126/986/857
f 1126/986/857 749/984/855 591/988/859
f 591/988/859 749/984/855 790/983/854
f 1154/989/860 473/987/858 1126/986/857
f 750/965/836 473/987/858 472/990/861
f 473/987/858 474/991/862 472/990/861
f 847/992/863 472/990/861 474/991/862
f 333/914/785 750/965/836 472/990/861
f 847/992/863 846/993/864 472/990/861
f 846/993/864 333/914/785 472/990/861
f 333/914/785 846/993/864 845/994/865
f 333/914/785 845/994/865 331/915/786
f 845/994/865 840/995/866 331/915/786
f 841/996/867 331/915/786 840/995/866
f 843/997/868 331/915/786 841/996/867
f 844/998/869 843/997/868 841/996/867
f 843/997/868 1072/103/100 331/915/786
f 843/997/868 844/998/869 842/999/870
f 1072/103/100 843/997/868 1071/104/101
f 843/997/868 842/999/870 1071/104/101
f 353/1000/871 354/305/245 352/306/246
f 354/305/245 353/1000/871 1347/300/240
f 360/1001/872 353/1000/871 352/306/246
f 353/1000/871 1353/1002/873 1347/300/240
f 361/1003/874 353/1000/871 360/1001/872
f 1353/1002/873 353/1000/871 361/1003/874
f 1018/1004/875 1353/1002/873 361/1003/874
f 1356/1005/876 361/1003/874 360/1001/872
f 1018/1004/875 361/1003/874 1017/1006/877
f 361/1003/874 1356/1005/876 1017/1006/877
f 1356/1005/876 1357/1007/878 1017/1006/877
f 358/1008/879 359/1009/880 357/1010/881
f 1756/1011/882 358/1008/879 357/1010/881
f 1756/1011/882 390/1012/883 358/1008/879
f 390/1012/883 389/1013/884 358/1008/879
f 389/1013/884 390/1012/883 388/1014/885
f 1220/1015/886 389/1013/884 388/1014/885
f 388/1014/885 741/1016/887 1220/1015/886
f 741/1016/887 1221/1017/888 1220/1015/886
f 1221/1017/888 741/1016/887 740/1018/889
f 741/1016/887 742/1019/890 740/1018/889
f 603/1020/891 740/1018/889 742/1019/890
f 604/1021/892 603/1020/891 742/1019/890
f 603/1020/891 604/1021/892 602/1022/175
f 602/1022/175 604/1021/892 1780/1023/175
f 1780/1023/175 604/1021/892 1779/1024/175
f 1217/1025/893 357/1010/881 359/1009/880
f 1480/1026/894 1217/1025/893 359/1009/880
f 1480/1026/894 1466/1027/895 1217/1025/893
f 1466/1027/895 1480/1026/894 1470/1028/896
f 1837/1029/896 1466/1027/895 1470/1028/896
f 1837/1029/896 1470/1028/896 1469/1030/897
f 1470/1028/896 579/1031/897 1469/1030/897
f 579/1031/897 581/1032/898 1469/1030/897
f 580/1033/899 581/1032/898 579/1031/897
f 1469/1030/897 581/1032/898 1167/1034/900
f 581/1032/898 580/1033/899 832/1035/901
f 580/1033/899 1155/1036/902 832/1035/901
f 581/1032/898 832/1035/901 831/1037/903
f 581/1032/898 1168/1038/904 1167/1034/900
f 1168/1038/904 581/1032/898 831/1037/903
f 1168/1038/904 611/1039/905 1167/1034/900
f 1168/1038/904 831/1037/903 1174/1040/906
f 831/1037/903 1173/1041/907 1174/1040/906
f 1171/1042/908 1174/1040/906 1173/1041/907
f 1172/1043/909 1171/1042/908 1173/1041/907
f 1171/1042/908 1172/1043/909 1170/1044/910
f 1171/1042/908 1179/1045/911 1174/1040/906
f 1179/1045/911 1171/1042/908 1170/1044/910
f 1174/1040/906 1179/1045/911 1168/1038/904
f 1170/1044/910 1169/1046/912 1179/1045/911
f 1168/1038/904 1179/1045/911 612/1047/913
f 1169/1046/912 612/1047/913 1179/1045/911
f 1168/1038/904 612/1047/913 611/1039/905
f 613/1048/914 612/1047/913 1169/1046/912
f 612/1047/913 613/1048/914 611/1039/905
f 1163/1049/915 613/1048/914 1169/1046/912
f 613/1048/914 1163/1049/915 1160/1050/916
f 1782/1051/917 611/1039/905 613/1048/914
f 1782/1051/917 613/1048/914 1160/1050/916
f 1159/1052/918 611/1039/905 1782/1051/917
f 1782/1051/917 1160/1050/916 1159/1052/918
f 1160/1050/916 1161/1053/919 1159/1052/918
f 611/1039/905 1159/1052/918 1255/1054/920
f 1161/1053/919 839/1055/921 1159/1052/918
f 839/1055/921 838/1056/922 1159/1052/918
f 1255/1054/920 1159/1052/918 838/1056/922
f 838/1056/922 839/1055/921 837/1057/923
f 1255/1054/920 838/1056/922 1254/1058/924
f 1254/1058/924 838/1056/922 837/1057/923
f 1801/1059/925 1255/1054/920 1254/1058/924
f 1254/1058/924 837/1057/923 1164/1060/926
f 1254/1058/924 1164/1060/926 1801/1059/925
f 837/1057/923 1165/1061/927 1164/1060/926
f 1801/1059/925 1164/1060/926 468/1062/928
f 769/1063/929 1164/1060/926 1165/1061/927
f 1164/1060/926 769/1063/929 468/1062/928
f 1162/1064/930 769/1063/929 1165/1061/927
f 770/1065/931 769/1063/929 1162/1064/930
f 770/1065/931 468/1062/928 769/1063/929
f 1166/1066/932 770/1065/931 1162/1064/930
f 548/1067/933 770/1065/931 1166/1066/932
f 548/1067/933 468/1062/928 770/1065/931
f 1180/1068/934 548/1067/933 1166/1066/932
f 468/1062/928 548/1067/933 466/1069/935
f 548/1067/933 1180/1068/934 549/1070/936
f 549/1070/936 466/1069/935 548/1067/933
f 1180/1068/934 1175/1071/937 549/1070/936
f 467/1072/938 468/1062/928 466/1069/935
f 1176/1073/939 549/1070/936 1175/1071/937
f 1177/1074/940 1176/1073/939 1175/1071/937
f 1178/1075/941 549/1070/936 1176/1073/939
f 1178/1075/941 1176/1073/939 1177/1074/940
f 466/1069/935 549/1070/936 1178/1075/941
f 1223/1076/942 1178/1075/941 1177/1074/940
f 1178/1075/941 1223/1076/942 1222/1077/943
f 466/1069/935 1178/1075/941 1222/1077/943
f 1222/1077/943 1158/1078/944 466/1069/935
f 1156/1079/945 467/1072/938 466/1069/935
f 1158/1078/944 1156/1079/945 466/1069/935
f 1158/1078/944 1157/1080/946 1156/1079/945
f 467/1072/938 1156/1079/945 1382/1081/947
f 1157/1080/946 1153/1082/948 1156/1079/945
f 1153/1082/948 1382/1081/947 1156/1079/945
f 1157/1080/946 1154/989/860 1153/1082/948
f 1154/989/860 1126/986/857 1153/1082/948
f 1153/1082/948 1126/986/857 591/988/859
f 591/988/859 1382/1081/947 1153/1082/948
f 1834/1083/949 1382/1081/947 1440/1084/949
f 1834/1083/949 1440/1084/949 1439/1085/950
f 1440/1084/949 1441/1086/950 1439/1085/950
f 1439/1085/950 1441/1086/950 1458/1087/951
f 1447/1088/951 1439/1085/950 1458/1087/951
f 1458/1087/951 1448/1089/952 1447/1088/951
f 1448/1089/952 1449/1090/952 1447/1088/951
f 1449/1090/952 1448/1089/952 1466/1027/895
f 1382/1081/947 1463/1091/947 1440/1084/949
f 591/988/859 1463/1091/947 1382/1081/947
f 1448/1089/952 1406/1092/895 1466/1027/895
f 1466/1027/895 1406/1092/895 1217/1025/893
f 591/988/859 590/1093/947 1463/1091/947
f 590/1093/947 1477/1094/938 1463/1091/947
f 1477/1094/938 1426/1095/938 1463/1091/947
f 1477/1094/938 1404/1096/928 1426/1095/938
f 1404/1096/928 1427/1097/928 1426/1095/938
f 1427/1097/928 1404/1096/928 1403/1098/953
f 1404/1096/928 1405/1099/953 1403/1098/953
f 1436/1100/954 1403/1098/953 1405/1099/953
f 1434/1101/954 1436/1100/954 1405/1099/953
f 1435/1102/955 1436/1100/954 1434/1101/954
f 1468/1103/955 1435/1102/955 1434/1101/954
f 1435/1102/955 1468/1103/955 1416/1104/900
f 1833/1105/900 1435/1102/955 1416/1104/900
f 1833/1105/900 1416/1104/900 1415/1106/897
f 1416/1104/900 1417/1107/897 1415/1106/897
f 1417/1107/897 1407/1108/896 1415/1106/897
f 1407/1108/896 1471/1109/896 1415/1106/897
f 1471/1109/896 1407/1108/896 1406/1092/895
f 1407/1108/896 1408/1110/895 1406/1092/895
f 1408/1110/895 1217/1025/893 1406/1092/895
f 1430/1111/952 1429/1112/952 1408/1110/895
f 1429/1112/952 1430/1111/952 1428/1113/951
f 1459/1114/951 1429/1112/952 1428/1113/951
f 1428/1113/951 1460/1115/950 1459/1114/951
f 1460/1115/950 1431/1116/950 1459/1114/951
f 1460/1115/950 1432/1117/949 1431/1116/950
f 1432/1117/949 1433/1118/949 1431/1116/950
f 1433/1118/949 1432/1117/949 590/1093/947
f 1429/1112/952 1386/1119/895 1408/1110/895
f 1386/1119/895 1217/1025/893 1408/1110/895
f 592/1120/947 1433/1118/949 590/1093/947
f 591/988/859 592/1120/947 590/1093/947
f 592/1120/947 591/988/859 1467/1121/956
f 1467/1121/956 1437/1122/938 592/1120/947
f 1437/1122/938 1476/1123/938 592/1120/947
f 1476/1123/938 1437/1122/938 1397/1124/928
f 1437/1122/938 1438/1125/928 1397/1124/928
f 1438/1125/928 1398/1126/953 1397/1124/928
f 1398/1126/953 1399/1127/953 1397/1124/928
f 1451/1128/954 1399/1127/953 1398/1126/953
f 1452/1129/954 1451/1128/954 1398/1126/953
f 1451/1128/954 1452/1129/954 1450/1130/955
f 1835/1131/955 1451/1128/954 1450/1130/955
f 1835/1131/955 1450/1130/955 1413/1132/957
f 1450/1130/955 1414/1133/900 1413/1132/957
f 1413/1132/957 1414/1133/900 1412/1134/958
f 1473/1135/959 1413/1132/957 1412/1134/958
f 1472/1136/960 1473/1135/959 1412/1134/958
f 1478/1137/896 1472/1136/960 1412/1134/958
f 1472/1136/960 1478/1137/896 1386/1119/895
f 1478/1137/896 1387/1138/961 1386/1119/895
f 1387/1138/961 1217/1025/893 1386/1119/895
f 1465/1139/895 1217/1025/893 1387/1138/961
f 1387/1138/961 1446/1140/962 1465/1139/895
f 1446/1140/962 1445/1141/952 1465/1139/895
f 1445/1141/952 1446/1140/962 1444/1142/951
f 1461/1143/951 1445/1141/952 1444/1142/951
f 1444/1142/951 1462/1144/950 1461/1143/951
f 1462/1144/950 1420/1145/950 1461/1143/951
f 1462/1144/950 1421/1146/963 1420/1145/950
f 1421/1146/963 1422/1147/949 1420/1145/950
f 1422/1147/949 1421/1146/963 1402/1148/947
f 1421/1146/963 1467/1121/956 1402/1148/947
f 1467/1121/956 790/983/854 1402/1148/947
f 790/983/854 1467/1121/956 591/988/859
f 1400/1149/964 1402/1148/947 790/983/854
f 1401/1150/938 1402/1148/947 1400/1149/964
f 1832/1151/938 1401/1150/938 1400/1149/964
f 1832/1151/938 1418/1152/928 1401/1150/938
f 1418/1152/928 1419/1153/928 1401/1150/938
f 1418/1152/928 1442/1154/953 1419/1153/928
f 1442/1154/953 1443/1155/953 1419/1153/928
f 1453/1156/954 1443/1155/953 1442/1154/953
f 1836/1157/954 1453/1156/954 1442/1154/953
f 1836/1157/954 1454/1158/955 1453/1156/954
f 1454/1158/955 1455/1159/955 1453/1156/954
f 1455/1159/955 1454/1158/955 1411/1160/965
f 1410/1161/966 1455/1159/955 1411/1160/965
f 1410/1161/966 1411/1160/965 1409/1162/967
f 1475/1163/968 1410/1161/966 1409/1162/967
f 1474/1164/969 1475/1163/968 1409/1162/967
f 1479/1165/970 1474/1164/969 1409/1162/967
f 1474/1164/969 1479/1165/970 1465/1139/895
f 1479/1165/970 1464/1166/961 1465/1139/895
f 1464/1166/961 1217/1025/893 1465/1139/895
f 1385/1167/895 1217/1025/893 1464/1166/961
f 1217/1025/893 1385/1167/895 1384/1168/971
f 1384/1168/971 1385/1167/895 1383/1169/972
f 1383/1169/972 1385/1167/895 1816/1170/973
f 1395/1171/952 1385/1167/895 1464/1166/961
f 1214/1172/970 1816/1170/973 1385/1167/895
f 1396/1173/962 1395/1171/952 1464/1166/961
f 1816/1170/973 1214/1172/970 802/1174/974
f 1395/1171/952 1396/1173/962 1394/1175/951
f 1214/1172/970 800/1176/975 802/1174/974
f 1456/1177/951 1395/1171/952 1394/1175/951
f 801/1178/976 802/1174/974 800/1176/975
f 1394/1175/951 1457/1179/950 1456/1177/951
f 1261/1180/965 801/1178/976 800/1176/975
f 1457/1179/950 1423/1181/950 1456/1177/951
f 1262/1182/977 801/1178/976 1261/1180/965
f 1457/1179/950 1424/1183/963 1423/1181/950
f 500/1184/978 1262/1182/977 1261/1180/965
f 1424/1183/963 1425/1185/949 1423/1181/950
f 1262/1182/977 500/1184/978 1767/1186/367
f 1767/1186/367 500/1184/978 502/1187/979
f 1425/1185/949 1424/1183/963 1376/1188/980
f 1424/1183/963 1400/1149/964 1376/1188/980
f 1376/1188/980 1400/1149/964 790/983/854
f 790/983/854 583/985/856 1376/1188/980
f 1375/1189/938 1376/1188/980 583/985/856
f 501/1190/981 502/1187/979 500/1184/978
f 502/1187/979 501/1190/981 1766/1191/982
f 1765/1192/983 1766/1191/982 501/1190/981
f 1765/1192/983 501/1190/981 1150/1193/984
f 1375/1189/938 583/985/856 582/1194/985
f 583/985/856 584/1195/986 582/1194/985
f 584/1195/986 1771/1196/987 582/1194/985
f 1770/1197/987 582/1194/985 1771/1196/987
f 501/1190/981 575/1198/953 1150/1193/984
f 582/1194/985 1770/1197/987 575/1198/953
f 575/1198/953 574/1199/988 1150/1193/984
f 575/1198/953 1770/1197/987 573/1200/989
f 574/1199/988 575/1198/953 573/1200/989
f 365/1201/990 366/1202/991 364/1203/992
f 364/1203/992 366/1202/991 878/1204/993
f 878/1204/993 879/1205/994 364/1203/992
f 366/1202/991 827/1206/995 878/1204/993
f 827/1206/995 366/1202/991 826/1207/996
f 383/1208/997 364/1203/992 879/1205/994
f 383/1208/997 365/1201/990 364/1203/992
f 1208/1209/998 383/1208/997 879/1205/994
f 366/1202/991 400/1210/999 826/1207/996
f 400/1210/999 1085/1211/1000 826/1207/996
f 365/1201/990 372/1212/1001 366/1202/991
f 372/1212/1001 400/1210/999 366/1202/991
f 365/1201/990 383/1208/997 378/1213/1002
f 372/1212/1001 365/1201/990 378/1213/1002
f 383/1208/997 1208/1209/998 384/1214/1003
f 383/1208/997 384/1214/1003 378/1213/1002
f 1208/1209/998 1207/1215/1004 384/1214/1003
f 1085/1211/1000 400/1210/999 851/1216/1005
f 850/1217/1006 1085/1211/1000 851/1216/1005
f 851/1216/1005 852/1218/1007 850/1217/1006
f 852/1218/1007 851/1216/1005 1197/1219/1008
f 851/1216/1005 400/1210/999 371/1220/1009
f 851/1216/1005 371/1220/1009 1197/1219/1008
f 400/1210/999 372/1212/1001 371/1220/1009
f 384/1214/1003 1207/1215/1004 601/1221/1010
f 1207/1215/1004 881/1222/1011 601/1221/1010
f 371/1220/1009 374/1223/1012 1197/1219/1008
f 371/1220/1009 372/1212/1001 370/1224/1013
f 374/1223/1012 371/1220/1009 370/1224/1013
f 370/1224/1013 372/1212/1001 378/1213/1002
f 374/1223/1012 1196/1225/1014 1197/1219/1008
f 379/1226/1015 378/1213/1002 384/1214/1003
f 370/1224/1013 378/1213/1002 379/1226/1015
f 601/1221/1010 379/1226/1015 384/1214/1003
f 374/1223/1012 370/1224/1013 373/1227/1016
f 373/1227/1016 370/1224/1013 379/1226/1015
f 374/1223/1012 759/1228/1017 1196/1225/1014
f 759/1228/1017 374/1223/1012 373/1227/1016
f 759/1228/1017 1194/1229/1018 1196/1225/1014
f 379/1226/1015 601/1221/1010 375/1230/1019
f 373/1227/1016 379/1226/1015 375/1230/1019
f 759/1228/1017 414/1231/1020 1194/1229/1018
f 414/1231/1020 1193/1232/1021 1194/1229/1018
f 759/1228/1017 373/1227/1016 377/1233/1022
f 414/1231/1020 759/1228/1017 377/1233/1022
f 377/1233/1022 373/1227/1016 375/1230/1019
f 414/1231/1020 413/1234/1023 1193/1232/1021
f 413/1234/1023 414/1231/1020 377/1233/1022
f 413/1234/1023 849/1235/1024 1193/1232/1021
f 848/1236/1025 849/1235/1024 413/1234/1023
f 848/1236/1025 413/1234/1023 1203/1237/1026
f 376/1238/1027 413/1234/1023 377/1233/1022
f 413/1234/1023 376/1238/1027 1203/1237/1026
f 376/1238/1027 377/1233/1022 375/1230/1019
f 1203/1237/1026 376/1238/1027 1073/1239/1028
f 381/1240/1029 376/1238/1027 375/1230/1019
f 376/1238/1027 381/1240/1029 1073/1239/1028
f 375/1230/1019 382/1241/1030 381/1240/1029
f 601/1221/1010 382/1241/1030 375/1230/1019
f 381/1240/1029 380/1242/1031 1073/1239/1028
f 381/1240/1029 382/1241/1030 380/1242/1031
f 380/1242/1031 894/1243/1032 1073/1239/1028
f 601/1221/1010 881/1222/1011 382/1241/1030
f 382/1241/1030 881/1222/1011 880/1244/1033
f 380/1242/1031 895/1245/1034 894/1243/1032
f 880/1244/1033 877/1246/1035 382/1241/1030
f 877/1246/1035 876/1247/1036 382/1241/1030
f 876/1247/1036 380/1242/1031 382/1241/1030
f 876/1247/1036 877/1246/1035 875/1248/1037
f 895/1245/1034 380/1242/1031 1209/1249/1038
f 1209/1249/1038 380/1242/1031 876/1247/1036
f 1210/1250/1039 895/1245/1034 1209/1249/1038
f 1209/1249/1038 884/1251/1040 1210/1250/1039
f 884/1251/1040 1209/1249/1038 876/1247/1036
f 884/1251/1040 883/1252/1041 1210/1250/1039
f 883/1252/1041 884/1251/1040 882/1253/1042
f 874/1254/1043 884/1251/1040 876/1247/1036
f 884/1251/1040 874/1254/1043 882/1253/1042
f 876/1247/1036 875/1248/1037 874/1254/1043
f 874/1254/1043 873/1255/1044 882/1253/1042
f 875/1248/1037 872/1256/1045 874/1254/1043
f 873/1255/1044 874/1254/1043 872/1256/1045
f 368/1257/1046 369/1258/1047 367/1259/1048
f 369/1258/1047 368/1257/1046 1361/1260/1049
f 367/1259/1048 1330/1261/1050 368/1257/1046
f 1329/1262/1051 1330/1261/1050 367/1259/1048
f 1330/1261/1050 1342/1263/1052 368/1257/1046
f 1368/1264/1053 367/1259/1048 369/1258/1047
f 1368/1264/1053 1329/1262/1051 367/1259/1048
f 1757/1265/1054 1368/1264/1053 369/1258/1047
f 1361/1260/1049 368/1257/1046 1006/1266/1055
f 368/1257/1046 1342/1263/1052 1006/1266/1055
f 1360/1267/1056 1361/1260/1049 1006/1266/1055
f 1342/1263/1052 1007/1268/1057 1006/1266/1055
f 1008/1269/1058 1360/1267/1056 1006/1266/1055
f 1007/1268/1057 1008/1269/1058 1006/1266/1055
f 1009/1270/1059 1368/1264/1053 1757/1265/1054
f 1329/1262/1051 1368/1264/1053 1009/1270/1059
f 1757/1265/1054 1204/1271/1060 1009/1270/1059
f 1011/1272/1061 1329/1262/1051 1009/1270/1059
f 1204/1271/1060 1010/1273/1062 1009/1270/1059
f 1010/1273/1062 1011/1272/1061 1009/1270/1059
f 427/1274/1063 428/1275/708 426/1276/1064
f 1324/1277/1065 428/1275/708 427/1274/1063
f 427/1274/1063 1004/1278/1066 1324/1277/1065
f 1004/1278/1066 1325/1279/1067 1324/1277/1065
f 427/1274/1063 1005/1280/1068 1004/1278/1066
f 1002/1281/1069 427/1274/1063 426/1276/1064
f 427/1274/1063 1002/1281/1069 1005/1280/1068
f 1002/1281/1069 1001/1282/1070 1005/1280/1068
f 426/1276/1064 430/1283/1071 1002/1281/1069
f 1002/1281/1069 1003/1284/1072 1001/1282/1070
f 430/1283/1071 1003/1284/1072 1002/1281/1069
f 1003/1284/1072 430/1283/1071 429/1285/1073
f 430/1283/1071 431/1286/1074 429/1285/1073
f 429/1285/1073 431/1286/1074 444/1287/1075
f 431/1286/1074 445/1288/1076 444/1287/1075
f 444/1287/1075 445/1288/1076 775/1289/1077
f 445/1288/1076 456/1290/1078 775/1289/1077
f 775/1289/1077 456/1290/1078 455/1291/1079
f 456/1290/1078 453/1292/1080 455/1291/1079
f 455/1291/1079 453/1292/1080 452/1293/1081
f 453/1292/1080 454/1294/1082 452/1293/1081
f 452/1293/1081 454/1294/1082 725/1295/1083
f 454/1294/1082 726/1296/1084 725/1295/1083
f 725/1295/1083 726/1296/1084 794/1297/1085
f 726/1296/1084 450/1298/1086 794/1297/1085
f 794/1297/1085 450/1298/1086 449/1299/1087
f 450/1298/1086 451/1300/1087 449/1299/1087
f 1365/1301/1087 449/1299/1087 451/1300/1087
f 780/1302/1087 1365/1301/1087 451/1300/1087
f 1365/1301/1087 780/1302/1087 779/1303/1087
f 780/1302/1087 781/1304/1088 779/1303/1087
f 1804/1305/1087 779/1303/1087 781/1304/1088
f 457/1306/1089 1804/1305/1087 781/1304/1088
f 781/1304/1088 458/1307/1090 457/1306/1089
f 458/1307/1090 459/1308/1091 457/1306/1089
f 458/1307/1090 733/1309/1092 459/1308/1091
f 733/1309/1092 734/1310/1093 459/1308/1091
f 733/1309/1092 735/1311/1094 734/1310/1093
f 735/1311/1094 736/1312/1095 734/1310/1093
f 735/1311/1094 795/1313/175 736/1312/1095
f 795/1313/175 796/1314/175 736/1312/1095
f 436/1315/378 437/1316/378 435/1317/1096
f 1192/1318/1097 436/1315/378 435/1317/1096
f 1192/1318/1097 435/1317/1096 1191/1319/1098
f 1802/1320/1099 1192/1318/1097 1191/1319/1098
f 1191/1319/1098 1803/1321/1087 1802/1320/1099
f 1803/1321/1087 776/1322/1087 1802/1320/1099
f 776/1322/1087 778/1323/1100 1802/1320/1099
f 777/1324/1087 778/1323/1100 776/1322/1087
f 1359/1325/1101 778/1323/1100 777/1324/1087
f 596/1326/1102 778/1323/1100 1359/1325/1101
f 594/1327/1103 596/1326/1102 1359/1325/1101
f 595/1328/367 596/1326/1102 594/1327/1103
f 1772/1329/367 595/1328/367 594/1327/1103
f 439/1330/1087 440/1331/1087 438/1332/1087
f 1761/1333/1087 440/1331/1087 439/1330/1087
f 1762/1334/1087 440/1331/1087 1761/1333/1087
f 448/1335/1104 438/1332/1087 440/1331/1087
f 1186/1336/1105 440/1331/1087 1762/1334/1087
f 448/1335/1104 1763/1337/1087 438/1332/1087
f 1184/1338/1106 1186/1336/1105 1762/1334/1087
f 1185/1339/1107 1186/1336/1105 1184/1338/1106
f 1812/1340/1107 1185/1339/1107 1184/1338/1106
f 447/1341/1108 1763/1337/1087 448/1335/1104
f 447/1341/1108 448/1335/1104 446/1342/1109
f 745/1343/1110 447/1341/1108 446/1342/1109
f 745/1343/1110 446/1342/1109 744/1344/1111
f 1792/1345/1111 745/1343/1110 744/1344/1111
f 506/1346/1112 507/1347/1113 505/1348/1114
f 516/1349/1115 506/1346/1112 505/1348/1114
f 516/1349/1115 515/1350/378 506/1346/1112
f 516/1349/1115 517/1351/378 515/1350/378
f 516/1349/1115 525/1352/378 517/1351/378
f 516/1349/1115 533/1353/378 525/1352/378
f 533/1353/378 516/1349/1115 532/1354/378
f 1348/1355/1116 516/1349/1115 505/1348/1114
f 1824/1356/1117 1348/1355/1116 505/1348/1114
f 1348/1355/1116 1355/1357/1118 516/1349/1115
f 531/1358/1119 532/1354/378 516/1349/1115
f 1355/1357/1118 531/1358/1119 516/1349/1115
f 1335/1359/1120 532/1354/378 531/1358/1119
f 1335/1359/1120 531/1358/1119 1355/1357/1118
f 1333/1360/1121 1335/1359/1120 1355/1357/1118
f 532/1354/378 1335/1359/1120 536/1361/1122
f 1334/1362/1123 1335/1359/1120 1333/1360/1121
f 1335/1359/1120 1334/1362/1123 536/1361/1122
f 1336/1363/1124 1334/1362/1123 1333/1360/1121
f 1337/1364/1125 1334/1362/1123 1336/1363/1124
f 1822/1365/1126 1337/1364/1125 1336/1363/1124
f 1337/1364/1125 537/1366/378 1334/1362/1123
f 1334/1362/1123 537/1366/378 536/1361/1122
f 537/1366/378 538/1367/378 536/1361/1122
f 536/1361/1122 538/1367/378 1366/1368/1127
f 1366/1368/1127 538/1367/378 1768/1369/378
f 1367/1370/1128 536/1361/1122 1366/1368/1127
f 1826/1371/1128 1367/1370/1128 1366/1368/1127
f 599/1372/1129 600/1373/175 598/1374/1130
f 600/1373/175 599/1372/1129 1778/1375/175
f 1776/1376/175 598/1374/1130 600/1373/175
f 1351/1377/1131 1778/1375/175 599/1372/1129
f 1778/1375/175 1351/1377/1131 1777/1378/175
f 1351/1377/1131 599/1372/1129 1350/1379/1132
f 1825/1380/1133 1351/1377/1131 1350/1379/1132
f 1349/1381/1134 1350/1379/1132 599/1372/1129
f 598/1374/1130 1349/1381/1134 599/1372/1129
f 1339/1382/1135 1349/1381/1134 598/1374/1130
f 1776/1376/175 1775/1383/1136 598/1374/1130
f 1775/1383/1136 1339/1382/1135 598/1374/1130
f 1773/1384/175 1775/1383/1136 1776/1376/175
f 1775/1383/1136 1340/1385/1137 1339/1382/1135
f 1340/1385/1137 1775/1383/1136 1773/1384/175
f 1340/1385/1137 1341/1386/1138 1339/1382/1135
f 1774/1387/175 1340/1385/1137 1773/1384/175
f 627/1388/1139 628/1389/1140 626/1390/1141
f 628/1389/1140 627/1388/1139 1234/1391/1142
f 978/1392/1143 628/1389/1140 1234/1391/1142
f 1234/1391/1142 627/1388/1139 911/1393/1144
f 911/1393/1144 627/1388/1139 626/1390/1141
f 1235/1394/1145 1234/1391/1142 911/1393/1144
f 1235/1394/1145 911/1393/1144 910/1395/1146
f 910/1395/1146 911/1393/1144 909/1396/1147
f 819/1397/1148 909/1396/1147 911/1393/1144
f 626/1390/1141 819/1397/1148 911/1393/1144
f 818/1398/1149 819/1397/1148 626/1390/1141
f 626/1390/1141 628/1389/1140 710/1399/1150
f 710/1399/1150 818/1398/1149 626/1390/1141
f 628/1389/1140 978/1392/1143 711/1400/1151
f 628/1389/1140 711/1400/1151 710/1399/1150
f 978/1392/1143 979/1401/1152 711/1400/1151
f 979/1401/1152 958/1402/1153 711/1400/1151
f 958/1402/1153 712/1403/1154 711/1400/1151
f 711/1400/1151 712/1403/1154 710/1399/1150
f 712/1403/1154 958/1402/1153 957/1404/1155
f 818/1398/1149 710/1399/1150 929/1405/1156
f 710/1399/1150 712/1403/1154 929/1405/1156
f 928/1406/1157 818/1398/1149 929/1405/1156
f 929/1405/1156 930/1407/1158 928/1406/1157
f 954/1408/1159 930/1407/1158 929/1405/1156
f 929/1405/1156 712/1403/1154 955/1409/1160
f 712/1403/1154 957/1404/1155 955/1409/1160
f 955/1409/1160 954/1408/1159 929/1405/1156
f 957/1404/1155 956/1410/1161 955/1409/1160
f 955/1409/1160 956/1410/1161 954/1408/1159
f 630/1411/1139 631/1412/1140 629/1413/1141
f 631/1412/1140 630/1411/1139 1228/1414/1142
f 982/1415/1143 631/1412/1140 1228/1414/1142
f 1228/1414/1142 630/1411/1139 904/1416/1144
f 904/1416/1144 630/1411/1139 629/1413/1141
f 1229/1417/1145 1228/1414/1142 904/1416/1144
f 1229/1417/1145 904/1416/1144 903/1418/1146
f 903/1418/1146 904/1416/1144 902/1419/1147
f 815/1420/1148 902/1419/1147 904/1416/1144
f 629/1413/1141 815/1420/1148 904/1416/1144
f 814/1421/1149 815/1420/1148 629/1413/1141
f 629/1413/1141 631/1412/1140 644/1422/1150
f 644/1422/1150 814/1421/1149 629/1413/1141
f 631/1412/1140 982/1415/1143 645/1423/1151
f 631/1412/1140 645/1423/1151 644/1422/1150
f 982/1415/1143 983/1424/1152 645/1423/1151
f 983/1424/1152 962/1425/1153 645/1423/1151
f 962/1425/1153 646/1426/1154 645/1423/1151
f 645/1423/1151 646/1426/1154 644/1422/1150
f 963/1427/1155 646/1426/1154 962/1425/1153
f 814/1421/1149 644/1422/1150 934/1428/1156
f 644/1422/1150 646/1426/1154 934/1428/1156
f 933/1429/1157 814/1421/1149 934/1428/1156
f 934/1428/1156 935/1430/1158 933/1429/1157
f 959/1431/1159 935/1430/1158 934/1428/1156
f 934/1428/1156 646/1426/1154 960/1432/1160
f 646/1426/1154 963/1427/1155 960/1432/1160
f 960/1432/1160 959/1431/1159 934/1428/1156
f 963/1427/1155 961/1433/1161 960/1432/1160
f 960/1432/1160 961/1433/1161 959/1431/1159
f 639/1434/1139 640/1435/1140 638/1436/1162
f 640/1435/1140 639/1434/1139 1224/1437/1163
f 980/1438/1143 640/1435/1140 1224/1437/1163
f 1224/1437/1163 639/1434/1139 898/1439/1164
f 898/1439/1164 639/1434/1139 638/1436/1162
f 1225/1440/1145 1224/1437/1163 898/1439/1164
f 897/1441/1165 1225/1440/1145 898/1439/1164
f 897/1441/1165 898/1439/1164 896/1442/1166
f 817/1443/1167 896/1442/1166 898/1439/1164
f 638/1436/1162 817/1443/1167 898/1439/1164
f 816/1444/1168 817/1443/1167 638/1436/1162
f 638/1436/1162 640/1435/1140 684/1445/1169
f 684/1445/1169 816/1444/1168 638/1436/1162
f 640/1435/1140 980/1438/1143 685/1446/1151
f 640/1435/1140 685/1446/1151 684/1445/1169
f 980/1438/1143 981/1447/1152 685/1446/1151
f 981/1447/1152 949/1448/1153 685/1446/1151
f 949/1448/1153 686/1449/1154 685/1446/1151
f 685/1446/1151 686/1449/1154 684/1445/1169
f 686/1449/1154 949/1448/1153 948/1450/1170
f 816/1444/1168 684/1445/1169 922/1451/1171
f 684/1445/1169 686/1449/1154 922/1451/1171
f 921/1452/1172 816/1444/1168 922/1451/1171
f 922/1451/1171 923/1453/1173 921/1452/1172
f 945/1454/1159 923/1453/1173 922/1451/1171
f 922/1451/1171 686/1449/1154 946/1455/1160
f 686/1449/1154 948/1450/1170 946/1455/1160
f 946/1455/1160 945/1454/1159 922/1451/1171
f 948/1450/1170 947/1456/1161 946/1455/1160
f 946/1455/1160 947/1456/1161 945/1454/1159
f 642/1457/511 643/1458/512 641/1459/509
f 643/1458/512 642/1457/511 1238/1460/508
f 1239/1461/513 643/1458/512 1238/1460/508
f 1239/1461/513 914/1462/515 643/1458/512
f 914/1462/515 915/1463/514 643/1458/512
f 915/1463/514 1251/1464/510 643/1458/512
f 1251/1464/510 641/1459/509 643/1458/512
f 1251/1464/510 820/1465/502 641/1459/509
f 1238/1460/508 642/1457/511 988/1466/507
f 988/1466/507 642/1457/511 641/1459/509
f 987/1467/506 1238/1460/508 988/1466/507
f 820/1465/502 821/1468/503 641/1459/509
f 641/1459/509 821/1468/503 988/1466/507
f 987/1467/506 988/1466/507 986/1469/504
f 821/1468/503 986/1469/504 988/1466/507
f 1807/1470/505 987/1467/506 986/1469/504
f 1807/1470/505 986/1469/504 971/1471/499
f 821/1468/503 820/1465/502 687/1472/495
f 820/1465/502 931/1473/501 687/1472/495
f 986/1469/504 821/1468/503 689/1474/494
f 986/1469/504 689/1474/494 971/1471/499
f 687/1472/495 689/1474/494 821/1468/503
f 931/1473/501 932/1475/500 687/1472/495
f 971/1471/499 689/1474/494 970/1476/496
f 687/1472/495 932/1475/500 968/1477/498
f 688/1478/493 689/1474/494 687/1472/495
f 688/1478/493 687/1472/495 968/1477/498
f 689/1474/494 688/1478/493 970/1476/496
f 969/1479/497 688/1478/493 968/1477/498
f 688/1478/493 969/1479/497 970/1476/496
f 661/1480/511 662/1481/512 660/1482/509
f 662/1481/512 661/1480/511 1233/1483/508
f 1232/1484/513 662/1481/512 1233/1483/508
f 1232/1484/513 907/1485/515 662/1481/512
f 907/1485/515 908/1486/514 662/1481/512
f 908/1486/514 1271/1487/510 662/1481/512
f 1271/1487/510 660/1482/509 662/1481/512
f 1271/1487/510 822/1488/502 660/1482/509
f 1233/1483/508 661/1480/511 977/1489/507
f 977/1489/507 661/1480/511 660/1482/509
f 976/1490/506 1233/1483/508 977/1489/507
f 822/1488/502 823/1491/503 660/1482/509
f 660/1482/509 823/1491/503 977/1489/507
f 976/1490/506 977/1489/507 975/1492/504
f 823/1491/503 975/1492/504 977/1489/507
f 1249/1493/505 976/1490/506 975/1492/504
f 967/1494/499 1249/1493/505 975/1492/504
f 823/1491/503 822/1488/502 707/1495/495
f 822/1488/502 924/1496/501 707/1495/495
f 924/1496/501 925/1497/500 707/1495/495
f 707/1495/495 925/1497/500 964/1498/498
f 709/1499/494 967/1494/499 975/1492/504
f 975/1492/504 823/1491/503 709/1499/494
f 707/1495/495 709/1499/494 823/1491/503
f 967/1494/499 709/1499/494 966/1500/496
f 708/1501/493 707/1495/495 964/1498/498
f 708/1501/493 709/1499/494 707/1495/495
f 709/1499/494 708/1501/493 966/1500/496
f 965/1502/497 708/1501/493 964/1498/498
f 708/1501/493 965/1502/497 966/1500/496
f 694/1503/1174 695/1504/1154 693/1505/1169
f 944/1506/1153 695/1504/1154 694/1503/1174
f 985/1507/1175 944/1506/1153 694/1503/1174
f 695/1504/1154 944/1506/1153 943/1508/1155
f 984/1509/1176 985/1507/1175 694/1503/1174
f 717/1510/1140 984/1509/1176 694/1503/1174
f 717/1510/1140 694/1503/1174 693/1505/1169
f 984/1509/1176 717/1510/1140 1226/1511/1142
f 695/1504/1154 943/1508/1155 941/1512/1160
f 943/1508/1155 942/1513/1161 941/1512/1160
f 941/1512/1160 942/1513/1161 940/1514/1159
f 919/1515/1171 695/1504/1154 941/1512/1160
f 941/1512/1160 940/1514/1159 919/1515/1171
f 693/1505/1169 695/1504/1154 919/1515/1171
f 940/1514/1159 920/1516/1173 919/1515/1171
f 919/1515/1171 920/1516/1173 918/1517/1172
f 918/1517/1172 811/1518/1168 919/1515/1171
f 811/1518/1168 693/1505/1169 919/1515/1171
f 715/1519/1162 693/1505/1169 811/1518/1168
f 715/1519/1162 717/1510/1140 693/1505/1169
f 1066/1520/1167 715/1519/1162 811/1518/1168
f 716/1521/1139 717/1510/1140 715/1519/1162
f 717/1510/1140 716/1521/1139 1226/1511/1142
f 715/1519/1162 1066/1520/1167 901/1522/1164
f 901/1522/1164 716/1521/1139 715/1519/1162
f 1226/1511/1142 716/1521/1139 901/1522/1164
f 1066/1520/1167 899/1523/1166 901/1522/1164
f 1227/1524/1145 1226/1511/1142 901/1522/1164
f 900/1525/1165 901/1522/1164 899/1523/1166
f 900/1525/1165 1227/1524/1145 901/1522/1164
f 728/1526/1177 729/1527/1178 727/1528/1179
f 1037/1529/1180 1035/1530/1181 727/1528/1179
f 1035/1530/1181 1033/1531/1182 727/1528/1179
f 1035/1530/1181 1034/1532/1183 1033/1531/1182
f 1037/1529/1180 727/1528/1179 1036/1533/1184
f 1039/1534/1185 1037/1529/1180 1036/1533/1184
f 727/1528/1179 729/1527/1178 1036/1533/1184
f 1038/1535/1186 1039/1534/1185 1036/1533/1184
f 1034/1532/1183 1031/1536/1187 1033/1531/1182
f 1033/1531/1182 1031/1536/1187 727/1528/1179
f 1031/1536/1187 728/1526/1177 727/1528/1179
f 1034/1532/1183 1030/1537/1188 1031/1536/1187
f 1040/1538/1189 1038/1535/1186 1036/1533/1184
f 1036/1533/1184 729/1527/1178 1040/1538/1189
f 1022/1539/1190 1038/1535/1186 1040/1538/1189
f 1020/1540/1191 1022/1539/1190 1040/1538/1189
f 1020/1540/1191 1040/1538/1189 729/1527/1178
f 1021/1541/1192 1022/1539/1190 1020/1540/1191
f 729/1527/1178 1021/1541/1192 1020/1540/1191
f 1030/1537/1188 1032/1542/1193 1031/1536/1187
f 1032/1542/1193 728/1526/1177 1031/1536/1187
f 1032/1542/1193 1030/1537/1188 728/1526/1177
f 1030/1537/1188 1029/1543/1194 728/1526/1177
f 728/1526/1177 1029/1543/1194 1028/1544/1195
f 1029/1543/1194 1026/1545/1196 1028/1544/1195
f 1021/1541/1192 729/1527/1178 1023/1546/1197
f 729/1527/1178 728/1526/1177 1023/1546/1197
f 1025/1547/1198 1021/1541/1192 1023/1546/1197
f 1028/1544/1195 1024/1548/1199 728/1526/1177
f 1028/1544/1195 1026/1545/1196 1024/1548/1199
f 1023/1546/1197 728/1526/1177 1024/1548/1199
f 1025/1547/1198 1023/1546/1197 1024/1548/1199
f 1026/1545/1196 1027/1549/1200 1024/1548/1199
f 1027/1549/1200 1025/1547/1198 1024/1548/1199
f 763/1550/1201 764/1551/708 762/1552/1202
f 764/1551/708 763/1550/1201 1799/1553/708
f 1799/1553/708 763/1550/1201 1798/1554/708
f 1344/1555/1203 1798/1554/708 763/1550/1201
f 1344/1555/1203 763/1550/1201 1343/1556/1204
f 1823/1557/1205 1344/1555/1203 1343/1556/1204
f 763/1550/1201 762/1552/1202 1343/1556/1204
f 762/1552/1202 1352/1558/1206 1343/1556/1204
f 1796/1559/708 762/1552/1202 764/1551/708
f 1014/1560/1207 1352/1558/1206 762/1552/1202
f 762/1552/1202 1796/1559/708 1012/1561/1208
f 1012/1561/1208 1014/1560/1207 762/1552/1202
f 1012/1561/1208 1796/1559/708 1797/1562/708
f 1013/1563/1209 1014/1560/1207 1012/1561/1208
f 1795/1564/708 1012/1561/1208 1797/1562/708
f 1012/1561/1208 1016/1565/1210 1013/1563/1209
f 1012/1561/1208 1795/1564/708 1016/1565/1210
f 1013/1563/1209 1016/1565/1210 1015/1566/1211
f 1016/1565/1210 1795/1564/708 1195/1567/1212
f 1015/1566/1211 1016/1565/1210 1195/1567/1212
f 1813/1568/1213 1015/1566/1211 1195/1567/1212
f 1482/1569/1214 1483/1570/1215 1481/1571/1216
f 1561/1572/1217 1562/1573/1218 1482/1569/1214
f 1582/1574/1219 1561/1572/1217 1482/1569/1214
f 1562/1573/1218 1529/1575/1220 1482/1569/1214
f 1529/1575/1220 1483/1570/1215 1482/1569/1214
f 1583/1576/1221 1582/1574/1219 1482/1569/1214
f 1583/1576/1221 1482/1569/1214 1481/1571/1216
f 1582/1574/1219 1583/1576/1221 1581/1577/1222
f 1584/1578/1223 1581/1577/1222 1583/1576/1221
f 1481/1571/1216 1584/1578/1223 1583/1576/1221
f 1481/1571/1216 1585/1579/1224 1584/1578/1223
f 1585/1579/1224 1481/1571/1216 1621/1580/1225
f 1621/1580/1225 1481/1571/1216 1483/1570/1215
f 1623/1581/1226 1585/1579/1224 1621/1580/1225
f 1622/1582/1227 1623/1581/1226 1621/1580/1225
f 1637/1583/1228 1622/1582/1227 1621/1580/1225
f 1621/1580/1225 1483/1570/1215 1637/1583/1228
f 1622/1582/1227 1637/1583/1228 1649/1584/1229
f 1483/1570/1215 1529/1575/1220 1485/1585/1230
f 1483/1570/1215 1485/1585/1230 1637/1583/1228
f 1529/1575/1220 1530/1586/1231 1485/1585/1230
f 1637/1583/1228 1484/1587/1232 1649/1584/1229
f 1637/1583/1228 1485/1585/1230 1484/1587/1232
f 1484/1587/1232 1486/1588/1233 1649/1584/1229
f 1485/1585/1230 1486/1588/1233 1484/1587/1232
f 1486/1588/1233 1485/1585/1230 1530/1586/1231
f 1486/1588/1233 1648/1589/1234 1649/1584/1229
f 1550/1590/1235 1486/1588/1233 1530/1586/1231
f 1551/1591/1236 1648/1589/1234 1486/1588/1233
f 1550/1590/1235 1551/1591/1236 1486/1588/1233
f 1488/1592/1214 1489/1593/1215 1487/1594/1216
f 1571/1595/1217 1572/1596/1218 1488/1592/1214
f 1596/1597/1237 1571/1595/1217 1488/1592/1214
f 1572/1596/1218 1533/1598/1220 1488/1592/1214
f 1533/1598/1220 1489/1593/1215 1488/1592/1214
f 1597/1599/1221 1596/1597/1237 1488/1592/1214
f 1597/1599/1221 1488/1592/1214 1487/1594/1216
f 1597/1599/1221 1598/1600/1222 1596/1597/1237
f 1599/1601/1223 1598/1600/1222 1597/1599/1221
f 1487/1594/1216 1599/1601/1223 1597/1599/1221
f 1487/1594/1216 1600/1602/1224 1599/1601/1223
f 1487/1594/1216 1634/1603/1225 1600/1602/1224
f 1634/1603/1225 1487/1594/1216 1489/1593/1215
f 1634/1603/1225 1636/1604/1226 1600/1602/1224
f 1635/1605/1227 1636/1604/1226 1634/1603/1225
f 1639/1606/1228 1635/1605/1227 1634/1603/1225
f 1634/1603/1225 1489/1593/1215 1639/1606/1228
f 1635/1605/1227 1639/1606/1228 1654/1607/1238
f 1497/1608/1230 1489/1593/1215 1533/1598/1220
f 1489/1593/1215 1497/1608/1230 1639/1606/1228
f 1659/1609/1231 1497/1608/1230 1533/1598/1220
f 1639/1606/1228 1496/1610/1232 1654/1607/1238
f 1639/1606/1228 1497/1608/1230 1496/1610/1232
f 1496/1610/1232 1498/1611/1233 1654/1607/1238
f 1497/1608/1230 1498/1611/1233 1496/1610/1232
f 1498/1611/1233 1497/1608/1230 1659/1609/1231
f 1498/1611/1233 1655/1612/1234 1654/1607/1238
f 1557/1613/1235 1498/1611/1233 1659/1609/1231
f 1558/1614/1236 1655/1612/1234 1498/1611/1233
f 1557/1613/1235 1558/1614/1236 1498/1611/1233
f 1491/1615/1239 1492/1616/1240 1490/1617/1241
f 1490/1617/1241 1492/1616/1240 1652/1618/1242
f 1555/1619/1243 1490/1617/1241 1652/1618/1242
f 1555/1619/1243 1491/1615/1239 1490/1617/1241
f 1492/1616/1240 1627/1620/1244 1652/1618/1242
f 1653/1621/1245 1555/1619/1243 1652/1618/1242
f 1555/1619/1243 1653/1621/1245 1556/1622/1246
f 1555/1619/1243 1556/1622/1246 1554/1623/1247
f 1554/1623/1247 1638/1624/1248 1555/1619/1243
f 1638/1624/1248 1491/1615/1239 1555/1619/1243
f 1638/1624/1248 1538/1625/1249 1491/1615/1239
f 1627/1620/1244 1492/1616/1240 1524/1626/1250
f 1838/1627/1251 1627/1620/1244 1524/1626/1250
f 1838/1627/1251 1524/1626/1250 1605/1628/1252
f 1491/1615/1239 1525/1629/1253 1492/1616/1240
f 1525/1629/1253 1524/1626/1250 1492/1616/1240
f 1538/1625/1249 1525/1629/1253 1491/1615/1239
f 1524/1626/1250 1523/1630/1254 1605/1628/1252
f 1524/1626/1250 1525/1629/1253 1523/1630/1254
f 1605/1628/1252 1523/1630/1254 1604/1631/1255
f 1575/1632/1256 1525/1629/1253 1538/1625/1249
f 1575/1632/1256 1523/1630/1254 1525/1629/1253
f 1573/1633/1257 1575/1632/1256 1538/1625/1249
f 1574/1634/1258 1575/1632/1256 1573/1633/1257
f 1574/1634/1258 1601/1635/1259 1575/1632/1256
f 1603/1636/1260 1523/1630/1254 1575/1632/1256
f 1601/1635/1259 1603/1636/1260 1575/1632/1256
f 1604/1631/1255 1523/1630/1254 1603/1636/1260
f 1602/1637/1261 1603/1636/1260 1601/1635/1259
f 1602/1637/1261 1604/1631/1255 1603/1636/1260
f 1494/1638/1239 1495/1639/1240 1493/1640/1241
f 1493/1640/1241 1495/1639/1240 1646/1641/1242
f 1548/1642/1243 1493/1640/1241 1646/1641/1242
f 1548/1642/1243 1494/1638/1239 1493/1640/1241
f 1495/1639/1240 1629/1643/1244 1646/1641/1242
f 1647/1644/1245 1548/1642/1243 1646/1641/1242
f 1548/1642/1243 1647/1644/1245 1549/1645/1246
f 1548/1642/1243 1549/1645/1246 1547/1646/1247
f 1547/1646/1247 1535/1647/1248 1548/1642/1243
f 1535/1647/1248 1494/1638/1239 1548/1642/1243
f 1494/1638/1239 1535/1647/1248 1534/1648/1249
f 1629/1643/1244 1495/1639/1240 1506/1649/1250
f 1840/1650/1251 1629/1643/1244 1506/1649/1250
f 1840/1650/1251 1506/1649/1250 1609/1651/1252
f 1494/1638/1239 1507/1652/1253 1495/1639/1240
f 1507/1652/1253 1506/1649/1250 1495/1639/1240
f 1507/1652/1253 1494/1638/1239 1534/1648/1249
f 1506/1649/1250 1505/1653/1254 1609/1651/1252
f 1506/1649/1250 1507/1652/1253 1505/1653/1254
f 1505/1653/1254 1610/1654/1255 1609/1651/1252
f 1580/1655/1256 1507/1652/1253 1534/1648/1249
f 1580/1655/1256 1505/1653/1254 1507/1652/1253
f 1578/1656/1257 1580/1655/1256 1534/1648/1249
f 1579/1657/1258 1580/1655/1256 1578/1656/1257
f 1579/1657/1258 1606/1658/1259 1580/1655/1256
f 1608/1659/1260 1505/1653/1254 1580/1655/1256
f 1606/1658/1259 1608/1659/1260 1580/1655/1256
f 1610/1654/1255 1505/1653/1254 1608/1659/1260
f 1607/1660/1261 1608/1659/1260 1606/1658/1259
f 1607/1660/1261 1610/1654/1255 1608/1659/1260
f 1500/1661/1262 1501/1662/1240 1499/1663/1241
f 1499/1663/1241 1501/1662/1240 1642/1664/1263
f 1542/1665/1264 1499/1663/1241 1642/1664/1263
f 1542/1665/1264 1500/1661/1262 1499/1663/1241
f 1501/1662/1240 1628/1666/1244 1642/1664/1263
f 1643/1667/1265 1542/1665/1264 1642/1664/1263
f 1643/1667/1265 1543/1668/1266 1542/1665/1264
f 1542/1665/1264 1543/1668/1266 1541/1669/1267
f 1541/1669/1267 1537/1670/1268 1542/1665/1264
f 1537/1670/1268 1500/1661/1262 1542/1665/1264
f 1500/1661/1262 1537/1670/1268 1536/1671/1269
f 1628/1666/1244 1501/1662/1240 1512/1672/1250
f 1839/1673/1251 1628/1666/1244 1512/1672/1250
f 1839/1673/1251 1512/1672/1250 1595/1674/1270
f 1500/1661/1262 1513/1675/1271 1501/1662/1240
f 1513/1675/1271 1512/1672/1250 1501/1662/1240
f 1513/1675/1271 1500/1661/1262 1536/1671/1269
f 1512/1672/1250 1511/1676/1254 1595/1674/1270
f 1512/1672/1250 1513/1675/1271 1511/1676/1254
f 1595/1674/1270 1511/1676/1254 1594/1677/1255
f 1568/1678/1272 1513/1675/1271 1536/1671/1269
f 1568/1678/1272 1511/1676/1254 1513/1675/1271
f 1566/1679/1273 1568/1678/1272 1536/1671/1269
f 1567/1680/1274 1568/1678/1272 1566/1679/1273
f 1567/1680/1274 1591/1681/1275 1568/1678/1272
f 1593/1682/1260 1511/1676/1254 1568/1678/1272
f 1591/1681/1275 1593/1682/1260 1568/1678/1272
f 1594/1677/1255 1511/1676/1254 1593/1682/1260
f 1592/1683/1261 1593/1682/1260 1591/1681/1275
f 1592/1683/1261 1594/1677/1255 1593/1682/1260
f 1503/1684/1230 1504/1685/1233 1502/1686/1232
f 1502/1686/1232 1504/1685/1233 1656/1687/1229
f 1504/1685/1233 1657/1688/1234 1656/1687/1229
f 1560/1689/1236 1657/1688/1234 1504/1685/1233
f 1559/1690/1235 1560/1689/1236 1504/1685/1233
f 1559/1690/1235 1504/1685/1233 1658/1691/1231
f 1504/1685/1233 1503/1684/1230 1658/1691/1231
f 1658/1691/1231 1503/1684/1230 1539/1692/1220
f 1640/1693/1228 1502/1686/1232 1656/1687/1229
f 1640/1693/1228 1503/1684/1230 1502/1686/1232
f 1632/1694/1227 1640/1693/1228 1656/1687/1229
f 1503/1684/1230 1516/1695/1215 1539/1692/1220
f 1516/1695/1215 1503/1684/1230 1640/1693/1228
f 1640/1693/1228 1632/1694/1227 1631/1696/1225
f 1631/1696/1225 1516/1695/1215 1640/1693/1228
f 1632/1694/1227 1633/1697/1226 1631/1696/1225
f 1631/1696/1225 1633/1697/1226 1620/1698/1224
f 1539/1692/1220 1516/1695/1215 1515/1699/1214
f 1577/1700/1218 1539/1692/1220 1515/1699/1214
f 1576/1701/1217 1577/1700/1218 1515/1699/1214
f 1616/1702/1276 1576/1701/1217 1515/1699/1214
f 1514/1703/1216 1631/1696/1225 1620/1698/1224
f 1631/1696/1225 1514/1703/1216 1516/1695/1215
f 1515/1699/1214 1516/1695/1215 1514/1703/1216
f 1514/1703/1216 1620/1698/1224 1619/1704/1277
f 1617/1705/1278 1616/1702/1276 1515/1699/1214
f 1617/1705/1278 1515/1699/1214 1514/1703/1216
f 1514/1703/1216 1619/1704/1277 1617/1705/1278
f 1617/1705/1278 1618/1706/1279 1616/1702/1276
f 1619/1704/1277 1618/1706/1279 1617/1705/1278
f 1509/1707/1230 1510/1708/1233 1508/1709/1232
f 1508/1709/1232 1510/1708/1233 1651/1710/1229
f 1510/1708/1233 1650/1711/1234 1651/1710/1229
f 1553/1712/1236 1650/1711/1234 1510/1708/1233
f 1552/1713/1235 1553/1712/1236 1510/1708/1233
f 1552/1713/1235 1510/1708/1233 1660/1714/1231
f 1510/1708/1233 1509/1707/1230 1660/1714/1231
f 1660/1714/1231 1509/1707/1230 1540/1715/1220
f 1641/1716/1228 1508/1709/1232 1651/1710/1229
f 1641/1716/1228 1509/1707/1230 1508/1709/1232
f 1625/1717/1227 1641/1716/1228 1651/1710/1229
f 1509/1707/1230 1522/1718/1215 1540/1715/1220
f 1522/1718/1215 1509/1707/1230 1641/1716/1228
f 1641/1716/1228 1625/1717/1227 1624/1719/1225
f 1624/1719/1225 1522/1718/1215 1641/1716/1228
f 1625/1717/1227 1626/1720/1226 1624/1719/1225
f 1626/1720/1226 1615/1721/1224 1624/1719/1225
f 1540/1715/1220 1522/1718/1215 1521/1722/1214
f 1570/1723/1218 1540/1715/1220 1521/1722/1214
f 1569/1724/1217 1570/1723/1218 1521/1722/1214
f 1611/1725/1276 1569/1724/1217 1521/1722/1214
f 1615/1721/1224 1520/1726/1216 1624/1719/1225
f 1624/1719/1225 1520/1726/1216 1522/1718/1215
f 1521/1722/1214 1522/1718/1215 1520/1726/1216
f 1520/1726/1216 1615/1721/1224 1614/1727/1277
f 1612/1728/1278 1611/1725/1276 1521/1722/1214
f 1612/1728/1278 1521/1722/1214 1520/1726/1216
f 1520/1726/1216 1614/1727/1277 1612/1728/1278
f 1612/1728/1278 1613/1729/1279 1611/1725/1276
f 1614/1727/1277 1613/1729/1279 1612/1728/1278
f 1518/1730/1250 1519/1731/1271 1517/1732/1254
f 1518/1730/1250 1517/1732/1254 1590/1733/1252
f 1841/1734/1251 1518/1730/1250 1590/1733/1252
f 1590/1733/1252 1517/1732/1254 1589/1735/1280
f 1841/1734/1251 1630/1736/1244 1518/1730/1250
f 1630/1736/1244 1528/1737/1240 1518/1730/1250
f 1519/1731/1271 1518/1730/1250 1528/1737/1240
f 1528/1737/1240 1630/1736/1244 1644/1738/1242
f 1589/1735/1280 1517/1732/1254 1588/1739/1281
f 1587/1740/1282 1589/1735/1280 1588/1739/1281
f 1587/1740/1282 1588/1739/1281 1586/1741/1283
f 1588/1739/1281 1517/1732/1254 1565/1742/1272
f 1586/1741/1283 1588/1739/1281 1565/1742/1272
f 1565/1742/1272 1517/1732/1254 1519/1731/1271
f 1564/1743/1274 1586/1741/1283 1565/1742/1272
f 1564/1743/1274 1565/1742/1272 1563/1744/1273
f 1563/1744/1273 1565/1742/1272 1531/1745/1269
f 1565/1742/1272 1519/1731/1271 1531/1745/1269
f 1519/1731/1271 1527/1746/1262 1531/1745/1269
f 1527/1746/1262 1519/1731/1271 1528/1737/1240
f 1527/1746/1262 1532/1747/1268 1531/1745/1269
f 1527/1746/1262 1528/1737/1240 1526/1748/1241
f 1526/1748/1241 1528/1737/1240 1644/1738/1242
f 1532/1747/1268 1527/1746/1262 1545/1749/1264
f 1545/1749/1264 1527/1746/1262 1526/1748/1241
f 1545/1749/1264 1526/1748/1241 1644/1738/1242
f 1544/1750/1267 1532/1747/1268 1545/1749/1264
f 1645/1751/1284 1545/1749/1264 1644/1738/1242
f 1545/1749/1264 1546/1752/1285 1544/1750/1267
f 1645/1751/1284 1546/1752/1285 1545/1749/1264
f 1662/1753/1286 1663/1754/1287 1661/1755/1288
f 1666/1756/1289 1662/1753/1286 1661/1755/1288
f 1661/1755/1288 1664/1757/1290 1666/1756/1289
f 1665/1758/1291 1666/1756/1289 1664/1757/1290
f 1671/1759/1292 1665/1758/1291 1664/1757/1290
f 1665/1758/1291 1671/1759/1292 1670/1760/1293
f 1669/1761/1294 1665/1758/1291 1670/1760/1293
f 1667/1762/1295 1669/1761/1294 1670/1760/1293
f 1668/1763/1296 1669/1761/1294 1667/1762/1295
f 1842/1764/1297 1668/1763/1296 1667/1762/1295
f 1855/1765/1298 1663/1754/1287 1854/1766/1299
f 1854/1766/1299 1663/1754/1287 1722/1767/1300
f 1662/1753/1286 1722/1767/1300 1663/1754/1287
f 1722/1767/1300 1662/1753/1286 1852/1768/1301
f 1852/1768/1301 1662/1753/1286 1712/1769/1302
f 1852/1768/1301 1712/1769/1302 1711/1770/1303
f 1712/1769/1302 1713/1771/1304 1711/1770/1303
f 1851/1772/1305 1711/1770/1303 1713/1771/1304
f 1851/1772/1305 1713/1771/1304 1725/1773/1306
f 1713/1771/1304 1726/1774/1307 1725/1773/1306
f 1726/1774/1307 1731/1775/1308 1725/1773/1306
f 1726/1774/1307 1700/1776/1309 1731/1775/1308
f 1700/1776/1309 1732/1777/1309 1731/1775/1308
f 1732/1777/1309 1700/1776/1309 1699/1778/1310
f 1700/1776/1309 1701/1779/1311 1699/1778/1310
f 1699/1778/1310 1701/1779/1311 1723/1780/1312
f 1701/1779/1311 1708/1781/1313 1723/1780/1312
f 1707/1782/1314 1723/1780/1312 1708/1781/1313
f 1707/1782/1314 1708/1781/1313 1706/1783/1315
f 1849/1784/1316 1706/1783/1315 1708/1781/1313
f 1743/1785/1317 1706/1783/1315 1849/1784/1316
f 1717/1786/1318 1743/1785/1317 1849/1784/1316
f 1717/1786/1318 1744/1787/1319 1743/1785/1317
f 1861/1788/1320 1744/1787/1319 1717/1786/1318
f 1849/1784/1316 1718/1789/1321 1717/1786/1318
f 1718/1789/1321 1714/1790/1322 1717/1786/1318
f 1718/1789/1321 1715/1791/1323 1714/1790/1322
f 1715/1791/1323 1716/1792/1324 1714/1790/1322
f 1715/1791/1323 1724/1793/1325 1716/1792/1324
f 1857/1794/1326 1716/1792/1324 1724/1793/1325
f 1724/1793/1325 1715/1791/1323 1856/1795/1327
f 1856/1795/1327 1715/1791/1323 1853/1796/95
f 1719/1797/1328 1856/1795/1327 1853/1796/95
f 1853/1796/95 1720/1798/1329 1719/1797/1328
f 1720/1798/1329 1721/1799/1329 1719/1797/1328
f 1673/1800/1330 1674/1801/1064 1672/1802/1331
f 1843/1803/708 1672/1802/1331 1674/1801/1064
f 1741/1804/1332 1672/1802/1331 1843/1803/708
f 1675/1805/1333 1674/1801/1064 1673/1800/1330
f 1738/1806/1334 1672/1802/1331 1741/1804/1332
f 1860/1807/1335 1738/1806/1334 1741/1804/1332
f 1739/1808/1336 1672/1802/1331 1738/1806/1334
f 1672/1802/1331 1739/1808/1336 1673/1800/1330
f 1739/1808/1336 1736/1809/1337 1673/1800/1330
f 1737/1810/1338 1673/1800/1330 1736/1809/1337
f 1737/1810/1338 1675/1805/1333 1673/1800/1330
f 1737/1810/1338 1676/1811/1073 1675/1805/1333
f 1676/1811/1073 1677/1812/1074 1675/1805/1333
f 1676/1811/1073 1681/1813/1075 1677/1812/1074
f 1681/1813/1075 1682/1814/1076 1677/1812/1074
f 1681/1813/1075 1727/1815/1077 1682/1814/1076
f 1727/1815/1077 1692/1816/1078 1682/1814/1076
f 1727/1815/1077 1693/1817/1079 1692/1816/1078
f 1693/1817/1079 1689/1818/1080 1692/1816/1078
f 1693/1817/1079 1690/1819/1339 1689/1818/1080
f 1690/1819/1339 1691/1820/1082 1689/1818/1080
f 1690/1819/1339 1697/1821/1083 1691/1820/1082
f 1697/1821/1083 1698/1822/1084 1691/1820/1082
f 1697/1821/1083 1733/1823/1085 1698/1822/1084
f 1733/1823/1085 1686/1824/1086 1698/1822/1084
f 1733/1823/1085 1687/1825/1087 1686/1824/1086
f 1687/1825/1087 1688/1826/1087 1686/1824/1086
f 1688/1826/1087 1687/1825/1087 1742/1827/1087
f 1729/1828/1087 1688/1826/1087 1742/1827/1087
f 1742/1827/1087 1730/1829/1087 1729/1828/1087
f 1729/1828/1087 1730/1829/1087 1728/1830/1340
f 1858/1831/1087 1728/1830/1340 1730/1829/1087
f 1695/1832/1089 1728/1830/1340 1858/1831/1087
f 1728/1830/1340 1695/1832/1089 1694/1833/1341
f 1695/1832/1089 1696/1834/1091 1694/1833/1341
f 1694/1833/1341 1696/1834/1091 1702/1835/1092
f 1696/1834/1091 1703/1836/1093 1702/1835/1092
f 1702/1835/1092 1703/1836/1093 1704/1837/1094
f 1703/1836/1093 1705/1838/1095 1704/1837/1094
f 1704/1837/1094 1705/1838/1095 1734/1839/175
f 1705/1838/1095 1735/1840/175 1734/1839/175
f 1679/1841/1342 1680/1842/1087 1678/1843/1343
f 1679/1841/1342 1678/1843/1343 1740/1844/1344
f 1859/1845/1344 1679/1841/1342 1740/1844/1344
f 1678/1843/1343 1680/1842/1087 1845/1846/1087
f 1844/1847/1087 1845/1846/1087 1680/1842/1087
f 1846/1848/1087 1845/1846/1087 1844/1847/1087
f 1847/1849/1087 1845/1846/1087 1846/1848/1087
f 1847/1849/1087 1685/1850/1104 1845/1846/1087
f 1848/1851/1087 1685/1850/1104 1847/1849/1087
f 1683/1852/1108 1685/1850/1104 1848/1851/1087
f 1684/1853/1345 1685/1850/1104 1683/1852/1108
f 1709/1854/1346 1684/1853/1345 1683/1852/1108
f 1710/1855/1111 1684/1853/1345 1709/1854/1346
f 1850/1856/1111 1710/1855/1111 1709/1854/1346
f 1863/1857/1347 1864/1858/1348 1862/1859/1349
f 1863/1857/1347 1916/1860/1350 1864/1858/1348
f 1862/1859/1349 1972/1861/1351 1863/1857/1347
f 1863/1857/1347 1972/1861/1351 1916/1860/1350
f 1862/1859/1349 1973/1862/1352 1972/1861/1351
f 1973/1862/1352 1862/1859/1349 1915/1863/1353
f 1972/1861/1351 1994/1864/1354 1916/1860/1350
f 1864/1858/1348 1886/1865/1355 1862/1859/1349
f 1916/1860/1350 1994/1864/1354 1993/1866/1356
f 1864/1858/1348 1916/1860/1350 1918/1867/1357
f 1862/1859/1349 1885/1868/1358 1915/1863/1353
f 1862/1859/1349 1886/1865/1355 1885/1868/1358
f 1917/1869/1359 1916/1860/1350 1993/1866/1356
f 1917/1869/1359 1918/1867/1357 1916/1860/1350
f 1917/1869/1359 1993/1866/1356 2076/1870/1360
f 1918/1867/1357 1917/1869/1359 2076/1870/1360
f 1993/1866/1356 2126/1871/1361 2076/1870/1360
f 2076/1870/1360 2026/1872/1362 1918/1867/1357
f 2126/1871/1361 2107/1873/1363 2076/1870/1360
f 2076/1870/1360 2027/1874/1364 2026/1872/1362
f 2107/1873/1363 2027/1874/1364 2076/1870/1360
f 2026/1872/1362 2027/1874/1364 2025/1875/1365
f 2107/1873/1363 2025/1875/1365 2027/1874/1364
f 2075/1876/1366 2025/1875/1365 2107/1873/1363
f 2047/1877/1367 2026/1872/1362 2025/1875/1365
f 2025/1875/1365 2075/1876/1366 2074/1878/1368
f 2045/1879/1369 2025/1875/1365 2074/1878/1368
f 2047/1877/1367 2025/1875/1365 2045/1879/1369
f 2074/1878/1368 2106/1880/1370 2045/1879/1369
f 2045/1879/1369 2029/1881/1371 2047/1877/1367
f 2047/1877/1367 2029/1881/1371 2028/1882/1372
f 2106/1880/1370 2046/1883/1373 2045/1879/1369
f 2046/1883/1373 2106/1880/1370 2103/1884/1374
f 2045/1879/1369 2031/1885/1375 2029/1881/1371
f 2045/1879/1369 2046/1883/1373 2031/1885/1375
f 2029/1881/1371 2030/1886/1376 2028/1882/1372
f 2051/1887/1377 2046/1883/1373 2103/1884/1374
f 2051/1887/1377 2103/1884/1374 2102/1888/1378
f 2051/1887/1377 2102/1888/1378 2104/1889/1379
f 2046/1883/1373 2051/1887/1377 2032/1890/1380
f 2032/1890/1380 2051/1887/1377 2104/1889/1379
f 2032/1890/1380 2031/1885/1375 2046/1883/1373
f 2105/1891/1381 2032/1890/1380 2104/1889/1379
f 2030/1886/1376 2029/1881/1371 2044/1892/1382
f 2044/1892/1382 2029/1881/1371 2031/1885/1375
f 2032/1890/1380 2105/1891/1381 1963/1893/1383
f 2105/1891/1381 1995/1894/1384 1963/1893/1383
f 1963/1893/1383 1995/1894/1384 1970/1895/1385
f 2032/1890/1380 1963/1893/1383 1869/1896/1386
f 2032/1890/1380 1869/1896/1386 2031/1885/1375
f 1870/1897/1387 1963/1893/1383 1970/1895/1385
f 1963/1893/1383 1870/1897/1387 1869/1896/1386
f 1870/1897/1387 1970/1895/1385 1969/1898/1388
f 1890/1899/1389 1870/1897/1387 1969/1898/1388
f 1967/1900/1390 1890/1899/1389 1969/1898/1388
f 1968/1901/1391 1890/1899/1389 1967/1900/1390
f 1884/1902/1392 1890/1899/1389 1968/1901/1391
f 1890/1899/1389 1884/1902/1392 1870/1897/1387
f 1971/1903/1393 1884/1902/1392 1968/1901/1391
f 1869/1896/1386 1870/1897/1387 1868/1904/1394
f 1868/1904/1394 1870/1897/1387 1884/1902/1392
f 1884/1902/1392 1971/1903/1393 1885/1868/1358
f 1971/1903/1393 1915/1863/1353 1885/1868/1358
f 1884/1902/1392 1885/1868/1358 1868/1904/1394
f 1932/1905/1395 1869/1896/1386 1868/1904/1394
f 2031/1885/1375 1869/1896/1386 1932/1905/1395
f 1868/1904/1394 1885/1868/1358 1865/1906/1396
f 1865/1906/1396 1885/1868/1358 1886/1865/1355
f 1886/1865/1355 1866/1907/1397 1865/1906/1396
f 2085/1908/1398 2031/1885/1375 1932/1905/1395
f 2085/1908/1398 2044/1892/1382 2031/1885/1375
f 2084/1909/1399 2085/1908/1398 1932/1905/1395
f 2044/1892/1382 2085/1908/1398 2084/1909/1399
f 1930/1910/1400 1932/1905/1395 1868/1904/1394
f 1930/1910/1400 1868/1904/1394 1865/1906/1396
f 1931/1911/1401 1932/1905/1395 1930/1910/1400
f 1931/1911/1401 2084/1909/1399 1932/1905/1395
f 1929/1912/1402 1931/1911/1401 1930/1910/1400
f 1882/1913/1403 1930/1910/1400 1865/1906/1396
f 1929/1912/1402 1930/1910/1400 1882/1913/1403
f 1880/1914/1404 1882/1913/1403 1865/1906/1396
f 1866/1907/1397 1867/1915/1405 1865/1906/1396
f 1867/1915/1405 1880/1914/1404 1865/1906/1396
f 1867/1915/1405 1866/1907/1397 1914/1916/1406
f 1881/1917/1407 1882/1913/1403 1880/1914/1404
f 1881/1917/1407 1929/1912/1402 1882/1913/1403
f 1877/1918/1408 1880/1914/1404 1867/1915/1405
f 1914/1916/1406 1877/1918/1408 1867/1915/1405
f 1879/1919/1409 1881/1917/1407 1880/1914/1404
f 1879/1919/1409 1880/1914/1404 1877/1918/1408
f 1881/1917/1407 1900/1920/1410 1929/1912/1402
f 1879/1919/1409 1899/1921/1411 1881/1917/1407
f 1899/1921/1411 1900/1920/1410 1881/1917/1407
f 1897/1922/1412 1899/1921/1411 1879/1919/1409
f 1899/1921/1411 1898/1923/1413 1900/1920/1410
f 1898/1923/1413 1899/1921/1411 1897/1922/1412
f 1898/1923/1413 1901/1924/1414 1900/1920/1410
f 1901/1924/1414 1902/1925/1415 1900/1920/1410
f 1896/1926/1416 1898/1923/1413 1897/1922/1412
f 1902/1925/1415 1903/1927/1417 1900/1920/1410
f 1900/1920/1410 1903/1927/1417 1929/1912/1402
f 1902/1925/1415 1904/1928/708 1903/1927/1417
f 1903/1927/1417 1905/1929/1418 1929/1912/1402
f 1904/1928/708 1905/1929/1418 1903/1927/1417
f 1905/1929/1418 1931/1911/1401 1929/1912/1402
f 2064/1930/1419 1905/1929/1418 1904/1928/708
f 1905/1929/1418 2064/1930/1419 1931/1911/1401
f 2063/1931/1420 2064/1930/1419 1904/1928/708
f 2064/1930/1419 2084/1909/1399 1931/1911/1401
f 2062/1932/1421 2064/1930/1419 2063/1931/1420
f 2064/1930/1419 2062/1932/1421 2084/1909/1399
f 2061/1933/1422 2062/1932/1421 2063/1931/1420
f 2062/1932/1421 2043/1934/1423 2084/1909/1399
f 2060/1935/1424 2062/1932/1421 2061/1933/1422
f 2062/1932/1421 2060/1935/1424 2043/1934/1423
f 2059/1936/1425 2060/1935/1424 2061/1933/1422
f 2043/1934/1423 2044/1892/1382 2084/1909/1399
f 2058/1937/1426 2060/1935/1424 2059/1936/1425
f 2056/1938/1427 2058/1937/1426 2059/1936/1425
f 2060/1935/1424 2041/1939/1428 2043/1934/1423
f 2060/1935/1424 2058/1937/1426 2041/1939/1428
f 2042/1940/1429 2044/1892/1382 2043/1934/1423
f 2041/1939/1428 2042/1940/1429 2043/1934/1423
f 2042/1940/1429 2030/1886/1376 2044/1892/1382
f 2058/1937/1426 2110/1941/1430 2041/1939/1428
f 2073/1942/1431 2030/1886/1376 2042/1940/1429
f 2030/1886/1376 2073/1942/1431 2028/1882/1372
f 2039/1943/1432 2042/1940/1429 2041/1939/1428
f 2110/1941/1430 2039/1943/1432 2041/1939/1428
f 2039/1943/1432 2073/1942/1431 2042/1940/1429
f 2040/1944/1433 2110/1941/1430 2058/1937/1426
f 2110/1941/1430 2040/1944/1433 2039/1943/1432
f 2057/1945/1434 2058/1937/1426 2056/1938/1427
f 2057/1945/1434 2040/1944/1433 2058/1937/1426
f 2099/1946/1435 2057/1945/1434 2056/1938/1427
f 2037/1947/1436 2040/1944/1433 2057/1945/1434
f 2054/1948/1437 2057/1945/1434 2099/1946/1435
f 2054/1948/1437 2037/1947/1436 2057/1945/1434
f 2052/1949/1438 2054/1948/1437 2099/1946/1435
f 2053/1950/1439 2054/1948/1437 2052/1949/1438
f 2055/1951/1440 2053/1950/1439 2052/1949/1438
f 2053/1950/1439 2109/1952/1441 2054/1948/1437
f 2109/1952/1441 2037/1947/1436 2054/1948/1437
f 2050/1953/1442 2053/1950/1439 2055/1951/1440
f 2053/1950/1439 2050/1953/1442 2109/1952/1441
f 2048/1954/1443 2050/1953/1442 2055/1951/1440
f 2049/1955/1444 2050/1953/1442 2048/1954/1443
f 4469/1956/1445 2049/1955/1444 2048/1954/1443
f 4469/1956/1445 2317/1957/1446 2049/1955/1444
f 2050/1953/1442 2034/1958/1447 2109/1952/1441
f 2050/1953/1442 2049/1955/1444 2034/1958/1447
f 2109/1952/1441 2033/1959/1448 2037/1947/1436
f 2109/1952/1441 2034/1958/1447 2033/1959/1448
f 2317/1957/1446 2318/1960/1449 2049/1955/1444
f 2317/1957/1446 2323/1961/1450 2318/1960/1449
f 2049/1955/1444 2100/1962/1451 2034/1958/1447
f 2323/1961/1450 2320/1963/1452 2318/1960/1449
f 2323/1961/1450 2321/1964/1453 2320/1963/1452
f 2049/1955/1444 2318/1960/1449 2302/1965/1454
f 2100/1962/1451 2049/1955/1444 2302/1965/1454
f 2318/1960/1449 2320/1963/1452 2303/1966/1455
f 2302/1965/1454 2318/1960/1449 2303/1966/1455
f 2321/1964/1453 2322/1967/1456 2320/1963/1452
f 2320/1963/1452 2322/1967/1456 2303/1966/1455
f 2321/1964/1453 2369/1968/1457 2322/1967/1456
f 2034/1958/1447 2100/1962/1451 2035/1969/1458
f 2034/1958/1447 2035/1969/1458 2033/1959/1448
f 2369/1968/1457 2324/1970/1459 2322/1967/1456
f 2369/1968/1457 2325/1971/1460 2324/1970/1459
f 2322/1967/1456 2305/1972/1461 2303/1966/1455
f 2322/1967/1456 2324/1970/1459 2305/1972/1461
f 2325/1971/1460 2326/1973/1462 2324/1970/1459
f 2325/1971/1460 2327/1974/1463 2326/1973/1462
f 2033/1959/1448 2035/1969/1458 2081/1975/1464
f 2327/1974/1463 2328/1976/1465 2326/1973/1462
f 2327/1974/1463 2329/1977/1466 2328/1976/1465
f 2324/1970/1459 2326/1973/1462 2306/1978/1467
f 2324/1970/1459 2306/1978/1467 2305/1972/1461
f 2326/1973/1462 2328/1976/1465 2309/1979/1468
f 2326/1973/1462 2307/1980/1469 2306/1978/1467
f 2307/1980/1469 2326/1973/1462 2309/1979/1468
f 2305/1972/1461 2306/1978/1467 2304/1981/1470
f 2306/1978/1467 2307/1980/1469 2304/1981/1470
f 2329/1977/1466 2330/1982/1471 2328/1976/1465
f 2329/1977/1466 2331/1983/1472 2330/1982/1471
f 2328/1976/1465 2330/1982/1471 2312/1984/1473
f 2309/1979/1468 2328/1976/1465 2312/1984/1473
f 2331/1983/1472 2332/1985/1474 2330/1982/1471
f 2331/1983/1472 2333/1986/1475 2332/1985/1474
f 2333/1986/1475 2334/1987/1476 2332/1985/1474
f 2332/1985/1474 2334/1987/1476 2356/1988/1477
f 2330/1982/1471 2332/1985/1474 2353/1989/1478
f 2353/1989/1478 2332/1985/1474 2356/1988/1477
f 2312/1984/1473 2330/1982/1471 2353/1989/1478
f 2353/1989/1478 2356/1988/1477 2355/1990/1479
f 2312/1984/1473 2353/1989/1478 2311/1991/1480
f 2309/1979/1468 2312/1984/1473 2311/1991/1480
f 2354/1992/1481 2353/1989/1478 2355/1990/1479
f 2353/1989/1478 2354/1992/1481 2311/1991/1480
f 2354/1992/1481 2355/1990/1479 2299/1993/1482
f 2311/1991/1480 2354/1992/1481 2295/1994/1483
f 2298/1995/1484 2354/1992/1481 2299/1993/1482
f 2354/1992/1481 2298/1995/1484 2295/1994/1483
f 2299/1993/1482 2300/1996/1485 2298/1995/1484
f 2370/1997/1486 2300/1996/1485 2299/1993/1482
f 2370/1997/1486 2414/1998/1487 2378/1999/1488
f 2300/1996/1485 2370/1997/1486 2378/1999/1488
f 2300/1996/1485 2378/1999/1488 2377/2000/1489
f 2319/2001/1490 2300/1996/1485 2377/2000/1489
f 2375/2002/1491 2319/2001/1490 2377/2000/1489
f 2376/2003/1492 2319/2001/1490 2375/2002/1491
f 2319/2001/1490 2314/2004/1493 2300/1996/1485
f 2314/2004/1493 2319/2001/1490 2376/2003/1492
f 2298/1995/1484 2300/1996/1485 2314/2004/1493
f 2379/2005/1494 2314/2004/1493 2376/2003/1492
f 2314/2004/1493 2315/2006/1495 2298/1995/1484
f 2314/2004/1493 2379/2005/1494 2315/2006/1495
f 2298/1995/1484 2315/2006/1495 2295/1994/1483
f 2379/2005/1494 2342/2007/1496 2315/2006/1495
f 2295/1994/1483 2315/2006/1495 2316/2008/1497
f 2292/2009/1498 2315/2006/1495 2342/2007/1496
f 2292/2009/1498 2316/2008/1497 2315/2006/1495
f 2381/2010/1499 2292/2009/1498 2342/2007/1496
f 2292/2009/1498 2381/2010/1499 2380/2011/1500
f 2294/2012/1501 2316/2008/1497 2292/2009/1498
f 2316/2008/1497 2296/2013/1502 2295/1994/1483
f 2293/2014/1503 2294/2012/1501 2292/2009/1498
f 2292/2009/1498 2415/2015/1504 2293/2014/1503
f 2293/2014/1503 2343/2016/1505 2294/2012/1501
f 2293/2014/1503 2415/2015/1504 2343/2016/1505
f 2294/2012/1501 2343/2016/1505 2345/2017/1506
f 2415/2015/1504 2413/2018/1507 2343/2016/1505
f 2344/2019/1508 2345/2017/1506 2343/2016/1505
f 2343/2016/1505 2413/2018/1507 2412/2020/1509
f 2344/2019/1508 2343/2016/1505 2412/2020/1509
f 2296/2013/1502 2297/2021/1510 2295/1994/1483
f 2311/1991/1480 2295/1994/1483 2297/2021/1510
f 2297/2021/1510 2296/2013/1502 2341/2022/1511
f 2310/2023/1512 2311/1991/1480 2297/2021/1510
f 2310/2023/1512 2297/2021/1510 2341/2022/1511
f 2310/2023/1512 2309/1979/1468 2311/1991/1480
f 2309/1979/1468 2310/2023/1512 2308/2024/1513
f 2308/2024/1513 2310/2023/1512 2341/2022/1511
f 2307/1980/1469 2309/1979/1468 2308/2024/1513
f 2307/1980/1469 2308/2024/1513 2304/1981/1470
f 2304/1981/1470 2308/2024/1513 2358/2025/1514
f 2308/2024/1513 2341/2022/1511 2358/2025/1514
f 2296/2013/1502 2335/2026/1515 2341/2022/1511
f 2304/1981/1470 2358/2025/1514 2365/2027/1516
f 2357/2028/1517 2358/2025/1514 2341/2022/1511
f 2313/2029/1518 2304/1981/1470 2365/2027/1516
f 2313/2029/1518 2305/1972/1461 2304/1981/1470
f 2305/1972/1461 2313/2029/1518 2301/2030/1519
f 2303/1966/1455 2305/1972/1461 2301/2030/1519
f 2302/1965/1454 2303/1966/1455 2301/2030/1519
f 2301/2030/1519 2313/2029/1518 2351/2031/1520
f 2313/2029/1518 2365/2027/1516 2351/2031/1520
f 2371/2032/1521 2302/1965/1454 2301/2030/1519
f 2371/2032/1521 2301/2030/1519 2351/2031/1520
f 2100/1962/1451 2302/1965/1454 2371/2032/1521
f 2101/2033/1522 2100/1962/1451 2371/2032/1521
f 2100/1962/1451 2101/2033/1522 2035/1969/1458
f 2368/2034/1523 2371/2032/1521 2351/2031/1520
f 2101/2033/1522 2371/2032/1521 2368/2034/1523
f 2108/2035/1524 2101/2033/1522 2368/2034/1523
f 2035/1969/1458 2101/2033/1522 2097/2036/1525
f 2101/2033/1522 2108/2035/1524 2097/2036/1525
f 2035/1969/1458 2097/2036/1525 2081/1975/1464
f 2108/2035/1524 2368/2034/1523 2098/2037/1526
f 2108/2035/1524 2098/2037/1526 2097/2036/1525
f 2368/2034/1523 2351/2031/1520 2350/2038/1527
f 2368/2034/1523 2350/2038/1527 2098/2037/1526
f 2098/2037/1526 2350/2038/1527 2132/2039/1528
f 2098/2037/1526 2082/2040/1529 2097/2036/1525
f 2098/2037/1526 2132/2039/1528 2082/2040/1529
f 2097/2036/1525 2082/2040/1529 2081/1975/1464
f 2350/2038/1527 2427/2041/1530 2132/2039/1528
f 2132/2039/1528 2133/2042/1531 2082/2040/1529
f 2350/2038/1527 2352/2043/1532 2427/2041/1530
f 2351/2031/1520 2352/2043/1532 2350/2038/1527
f 2352/2043/1532 2434/2044/1533 2427/2041/1530
f 2352/2043/1532 2351/2031/1520 2365/2027/1516
f 2434/2044/1533 2352/2043/1532 2366/2045/1534
f 2366/2045/1534 2352/2043/1532 2365/2027/1516
f 2432/2046/1535 2434/2044/1533 2366/2045/1534
f 2082/2040/1529 2133/2042/1531 2083/2047/1536
f 2082/2040/1529 2083/2047/1536 2081/1975/1464
f 2133/2042/1531 2141/2048/1537 2083/2047/1536
f 2366/2045/1534 2365/2027/1516 2364/2049/1538
f 2366/2045/1534 2364/2049/1538 2432/2046/1535
f 2364/2049/1538 2365/2027/1516 2358/2025/1514
f 2364/2049/1538 2433/2050/1539 2432/2046/1535
f 2367/2051/1540 2364/2049/1538 2358/2025/1514
f 2433/2050/1539 2364/2049/1538 2367/2051/1540
f 4478/2052/1541 2433/2050/1539 2367/2051/1540
f 4478/2052/1541 2367/2051/1540 2431/2053/1542
f 2367/2051/1540 2358/2025/1514 2357/2028/1517
f 2367/2051/1540 2357/2028/1517 2431/2053/1542
f 2426/2054/1543 2431/2053/1542 2357/2028/1517
f 2363/2055/1544 2426/2054/1543 2357/2028/1517
f 2363/2055/1544 2357/2028/1517 2341/2022/1511
f 2426/2054/1543 2363/2055/1544 2362/2056/1545
f 2362/2056/1545 2363/2055/1544 2341/2022/1511
f 2425/2057/1546 2426/2054/1543 2362/2056/1545
f 2424/2058/1547 2425/2057/1546 2362/2056/1545
f 2362/2056/1545 2341/2022/1511 2335/2026/1515
f 2359/2059/1548 2424/2058/1547 2362/2056/1545
f 2359/2059/1548 2362/2056/1545 2335/2026/1515
f 2429/2060/1549 2424/2058/1547 2359/2059/1548
f 2335/2026/1515 2360/2061/1550 2359/2059/1548
f 2360/2061/1550 2429/2060/1549 2359/2059/1548
f 2335/2026/1515 2337/2062/1551 2360/2061/1550
f 2360/2061/1550 2337/2062/1551 2429/2060/1549
f 2336/2063/1552 2337/2062/1551 2335/2026/1515
f 2337/2062/1551 2430/2064/1553 2429/2060/1549
f 2337/2062/1551 2416/2065/1554 2430/2064/1553
f 2416/2065/1554 2337/2062/1551 2336/2063/1552
f 2416/2065/1554 2428/2066/1555 2430/2064/1553
f 2416/2065/1554 2336/2063/1552 2349/2067/1556
f 2428/2066/1555 2416/2065/1554 2349/2067/1556
f 2336/2063/1552 2347/2068/1557 2349/2067/1556
f 2436/2069/1558 2428/2066/1555 2349/2067/1556
f 2349/2067/1556 2347/2068/1557 2346/2070/1559
f 2436/2069/1558 2349/2067/1556 2346/2070/1559
f 2347/2068/1557 2348/2071/1560 2346/2070/1559
f 2422/2072/1561 2436/2069/1558 2346/2070/1559
f 2346/2070/1559 2348/2071/1560 2361/2073/1562
f 2422/2072/1561 2346/2070/1559 2361/2073/1562
f 2437/2074/1563 2422/2072/1561 2361/2073/1562
f 2348/2071/1560 2339/2075/1564 2361/2073/1562
f 2423/2076/1565 2437/2074/1563 2361/2073/1562
f 2361/2073/1562 2339/2075/1564 2338/2077/1566
f 2338/2077/1566 2423/2076/1565 2361/2073/1562
f 2339/2075/1564 2340/2078/1567 2338/2077/1566
f 2129/2079/1568 2423/2076/1565 2338/2077/1566
f 2338/2077/1566 2340/2078/1567 2071/2080/1569
f 2071/2080/1569 2129/2079/1568 2338/2077/1566
f 2340/2078/1567 2072/2081/367 2071/2080/1569
f 2071/2080/1569 2072/2081/367 2070/2082/1570
f 2129/2079/1568 2071/2080/1569 2069/2083/1571
f 2069/2083/1571 2071/2080/1569 2070/2082/1570
f 2144/2084/1572 2129/2079/1568 2069/2083/1571
f 2069/2083/1571 2070/2082/1570 2068/2085/1573
f 2144/2084/1572 2069/2083/1571 2090/2086/1574
f 2090/2086/1574 2069/2083/1571 2068/2085/1573
f 4470/2087/1575 2144/2084/1572 2090/2086/1574
f 2090/2086/1574 2068/2085/1573 2079/2088/1576
f 4470/2087/1575 2090/2086/1574 2128/2089/1577
f 2078/2090/1578 2090/2086/1574 2079/2088/1576
f 2090/2086/1574 2078/2090/1578 2128/2089/1577
f 2078/2090/1578 2079/2088/1576 2077/2091/1579
f 2128/2089/1577 2078/2090/1578 2143/2092/1580
f 2080/2093/1581 2078/2090/1578 2077/2091/1579
f 2078/2090/1578 2080/2093/1581 2143/2092/1580
f 2080/2093/1581 2077/2091/1579 2067/2094/1582
f 2143/2092/1580 2080/2093/1581 2134/2095/1583
f 2080/2093/1581 2127/2096/1584 2134/2095/1583
f 2127/2096/1584 2080/2093/1581 2067/2094/1582
f 2136/2097/1585 2134/2095/1583 2127/2096/1584
f 2066/2098/1586 2127/2096/1584 2067/2094/1582
f 2066/2098/1586 2136/2097/1585 2127/2096/1584
f 2135/2099/1587 2136/2097/1585 2066/2098/1586
f 2066/2098/1586 2067/2094/1582 2065/2100/1588
f 2089/2101/1589 2135/2099/1587 2066/2098/1586
f 2066/2098/1586 2065/2100/1588 2089/2101/1589
f 2135/2099/1587 2089/2101/1589 2088/2102/1590
f 2089/2101/1589 2065/2100/1588 2088/2102/1590
f 2130/2103/1591 2135/2099/1587 2088/2102/1590
f 2130/2103/1591 2088/2102/1590 2091/2104/1592
f 2088/2102/1590 2065/2100/1588 2091/2104/1592
f 4471/2105/1593 2130/2103/1591 2091/2104/1592
f 4471/2105/1593 2091/2104/1592 2131/2106/1594
f 2065/2100/1588 2073/1942/1431 2091/2104/1592
f 2073/1942/1431 2065/2100/1588 2028/1882/1372
f 2091/2104/1592 2087/2107/1595 2131/2106/1594
f 2087/2107/1595 2091/2104/1592 2073/1942/1431
f 2131/2106/1594 2087/2107/1595 2086/2108/1596
f 2086/2108/1596 2087/2107/1595 2073/1942/1431
f 2137/2109/1597 2131/2106/1594 2086/2108/1596
f 2092/2110/1598 2086/2108/1596 2073/1942/1431
f 2086/2108/1596 2094/2111/1599 2137/2109/1597
f 2092/2110/1598 2094/2111/1599 2086/2108/1596
f 2094/2111/1599 2138/2112/1600 2137/2109/1597
f 2138/2112/1600 2094/2111/1599 2140/2113/1601
f 2092/2110/1598 2073/1942/1431 2039/1943/1432
f 2094/2111/1599 2093/2114/1602 2140/2113/1601
f 2093/2114/1602 2094/2111/1599 2092/2110/1598
f 2139/2115/1603 2140/2113/1601 2093/2114/1602
f 2036/2116/1604 2092/2110/1598 2039/1943/1432
f 2040/1944/1433 2036/2116/1604 2039/1943/1432
f 2040/1944/1433 2037/1947/1436 2036/2116/1604
f 2095/2117/1605 2092/2110/1598 2036/2116/1604
f 2095/2117/1605 2093/2114/1602 2092/2110/1598
f 2037/1947/1436 2038/2118/1606 2036/2116/1604
f 2038/2118/1606 2095/2117/1605 2036/2116/1604
f 2033/1959/1448 2038/2118/1606 2037/1947/1436
f 2033/1959/1448 2081/1975/1464 2038/2118/1606
f 2081/1975/1464 2095/2117/1605 2038/2118/1606
f 2081/1975/1464 2083/2047/1536 2095/2117/1605
f 2095/2117/1605 2096/2119/1607 2093/2114/1602
f 2083/2047/1536 2096/2119/1607 2095/2117/1605
f 2096/2119/1607 2139/2115/1603 2093/2114/1602
f 2096/2119/1607 2083/2047/1536 2141/2048/1537
f 2139/2115/1603 2096/2119/1607 2141/2048/1537
f 1872/2120/1608 1873/2121/1609 1871/2122/1610
f 1873/2121/1609 1875/2123/1611 1871/2122/1610
f 1872/2120/1608 1889/2124/1612 1873/2121/1609
f 1964/2125/1613 1872/2120/1608 1871/2122/1610
f 1889/2124/1612 1891/2126/1614 1873/2121/1609
f 1894/2127/1615 1891/2126/1614 1889/2124/1612
f 1888/2128/1616 1894/2127/1615 1889/2124/1612
f 1894/2127/1615 1892/2129/1617 1891/2126/1614
f 1888/2128/1616 1889/2124/1612 1887/2130/1618
f 1887/2130/1618 1889/2124/1612 1872/2120/1608
f 4462/2131/1619 1888/2128/1616 1887/2130/1618
f 1891/2126/1614 1893/2132/1620 1873/2121/1609
f 1892/2129/1617 1893/2132/1620 1891/2126/1614
f 1893/2132/1620 1875/2123/1611 1873/2121/1609
f 1892/2129/1617 1962/2133/1621 1893/2132/1620
f 4462/2131/1619 1887/2130/1618 2180/2134/1622
f 1962/2133/1621 1895/2135/1623 1893/2132/1620
f 1893/2132/1620 1895/2135/1623 1875/2123/1611
f 1962/2133/1621 1896/1926/1416 1895/2135/1623
f 1896/1926/1416 1897/1922/1412 1895/2135/1623
f 1887/2130/1618 2181/2136/1624 2180/2134/1622
f 2180/2134/1622 2181/2136/1624 2186/2137/1625
f 1895/2135/1623 1897/1922/1412 1878/2138/1626
f 1878/2138/1626 1897/1922/1412 1879/1919/1409
f 1878/2138/1626 1879/1919/1409 1877/1918/1408
f 1876/2139/1627 1895/2135/1623 1878/2138/1626
f 1876/2139/1627 1878/2138/1626 1877/1918/1408
f 1895/2135/1623 1876/2139/1627 1875/2123/1611
f 2181/2136/1624 2184/2140/1628 2186/2137/1625
f 2186/2137/1625 2184/2140/1628 2183/2141/1629
f 1874/2142/1630 1876/2139/1627 1877/1918/1408
f 1875/2123/1611 1876/2139/1627 1874/2142/1630
f 1874/2142/1630 1877/1918/1408 1934/2143/1631
f 1883/2144/1632 1875/2123/1611 1874/2142/1630
f 1875/2123/1611 1883/2144/1632 1871/2122/1610
f 1883/2144/1632 1874/2142/1630 1955/2145/1633
f 1874/2142/1630 1934/2143/1631 1955/2145/1633
f 1871/2122/1610 1883/2144/1632 1927/2146/1634
f 1883/2144/1632 1955/2145/1633 1927/2146/1634
f 1964/2125/1613 1871/2122/1610 1927/2146/1634
f 1877/1918/1408 1914/1916/1406 1934/2143/1631
f 1954/2147/1635 1955/2145/1633 1934/2143/1631
f 1961/2148/1636 1964/2125/1613 1927/2146/1634
f 1928/2149/1637 1927/2146/1634 1955/2145/1633
f 1956/2150/1638 1955/2145/1633 1954/2147/1635
f 1956/2150/1638 1928/2149/1637 1955/2145/1633
f 1956/2150/1638 1954/2147/1635 2009/2151/1639
f 2009/2151/1639 2011/2152/1640 1956/2150/1638
f 2011/2152/1640 1928/2149/1637 1956/2150/1638
f 1954/2147/1635 2010/2153/1641 2009/2151/1639
f 1928/2149/1637 2011/2152/1640 2004/2154/1642
f 2010/2153/1641 1954/2147/1635 1957/2155/1643
f 1957/2155/1643 1954/2147/1635 1934/2143/1631
f 4468/2156/1644 2010/2153/1641 1957/2155/1643
f 4468/2156/1644 1957/2155/1643 2008/2157/1645
f 1926/2158/1646 1928/2149/1637 2004/2154/1642
f 1927/2146/1634 1928/2149/1637 1926/2158/1646
f 1926/2158/1646 2004/2154/1642 2003/2159/1647
f 1961/2148/1636 1927/2146/1634 1926/2158/1646
f 1957/2155/1643 1933/2160/1648 2008/2157/1645
f 1957/2155/1643 1934/2143/1631 1933/2160/1648
f 2002/2161/1649 2008/2157/1645 1933/2160/1648
f 1933/2160/1648 1934/2143/1631 1914/1916/1406
f 1946/2162/1650 2002/2161/1649 1933/2160/1648
f 1946/2162/1650 1933/2160/1648 1914/1916/1406
f 2002/2161/1649 1946/2162/1650 1945/2163/1651
f 1945/2163/1651 1946/2162/1650 1914/1916/1406
f 2001/2164/1652 2002/2161/1649 1945/2163/1651
f 2000/2165/1653 2001/2164/1652 1945/2163/1651
f 1935/2166/1654 2000/2165/1653 1945/2163/1651
f 2006/2167/1655 2000/2165/1653 1935/2166/1654
f 1945/2163/1651 1914/1916/1406 1906/2168/1656
f 1935/2166/1654 1945/2163/1651 1906/2168/1656
f 1866/1907/1397 1906/2168/1656 1914/1916/1406
f 1936/2169/1657 2006/2167/1655 1935/2166/1654
f 1906/2168/1656 1936/2169/1657 1935/2166/1654
f 1936/2169/1657 1908/2170/1658 2006/2167/1655
f 1906/2168/1656 1908/2170/1658 1936/2169/1657
f 1908/2170/1658 2007/2171/1659 2006/2167/1655
f 1907/2172/1660 1908/2170/1658 1906/2168/1656
f 1908/2170/1658 1996/2173/1661 2007/2171/1659
f 1996/2173/1661 1908/2170/1658 1907/2172/1660
f 1996/2173/1661 2005/2174/1662 2007/2171/1659
f 1996/2173/1661 1907/2172/1660 1922/2175/1663
f 2005/2174/1662 1996/2173/1661 1922/2175/1663
f 1907/2172/1660 1920/2176/1664 1922/2175/1663
f 2013/2177/1665 2005/2174/1662 1922/2175/1663
f 1922/2175/1663 1920/2176/1664 1919/2178/1666
f 2013/2177/1665 1922/2175/1663 1919/2178/1666
f 1920/2176/1664 1921/2179/1667 1919/2178/1666
f 1997/2180/1668 2013/2177/1665 1919/2178/1666
f 1919/2178/1666 1921/2179/1667 1937/2181/1669
f 1997/2180/1668 1919/2178/1666 1937/2181/1669
f 2014/2182/1670 1997/2180/1668 1937/2181/1669
f 1921/2179/1667 1910/2183/1671 1937/2181/1669
f 1999/2184/1672 2014/2182/1670 1937/2181/1669
f 1937/2181/1669 1910/2183/1671 1909/2185/1673
f 1909/2185/1673 1999/2184/1672 1937/2181/1669
f 1910/2183/1671 1911/2186/1674 1909/2185/1673
f 1998/2187/1675 1999/2184/1672 1909/2185/1673
f 1909/2185/1673 1911/2186/1674 1912/2188/1676
f 1912/2188/1676 1998/2187/1675 1909/2185/1673
f 1911/2186/1674 1913/2189/378 1912/2188/1676
f 1912/2188/1676 1913/2189/378 2203/2190/1677
f 1998/2187/1675 1912/2188/1676 2202/2191/1678
f 2202/2191/1678 1912/2188/1676 2203/2190/1677
f 2281/2192/1679 1998/2187/1675 2202/2191/1678
f 2202/2191/1678 2203/2190/1677 2201/2193/1680
f 2281/2192/1679 2202/2191/1678 2224/2194/1681
f 2224/2194/1681 2202/2191/1678 2201/2193/1680
f 4472/2195/1682 2281/2192/1679 2224/2194/1681
f 2224/2194/1681 2201/2193/1680 2212/2196/1683
f 4472/2195/1682 2224/2194/1681 2267/2197/1684
f 2211/2198/1685 2224/2194/1681 2212/2196/1683
f 2224/2194/1681 2211/2198/1685 2267/2197/1684
f 2211/2198/1685 2212/2196/1683 2210/2199/1686
f 2267/2197/1684 2211/2198/1685 2280/2200/1687
f 2213/2201/1688 2211/2198/1685 2210/2199/1686
f 2211/2198/1685 2213/2201/1688 2280/2200/1687
f 2213/2201/1688 2210/2199/1686 2200/2202/1689
f 2280/2200/1687 2213/2201/1688 2271/2203/1690
f 2213/2201/1688 2266/2204/1691 2271/2203/1690
f 2266/2204/1691 2213/2201/1688 2200/2202/1689
f 2273/2205/1692 2271/2203/1690 2266/2204/1691
f 2199/2206/1693 2266/2204/1691 2200/2202/1689
f 2199/2206/1693 2273/2205/1692 2266/2204/1691
f 2272/2207/1694 2273/2205/1692 2199/2206/1693
f 2199/2206/1693 2200/2202/1689 2198/2208/1695
f 2223/2209/1696 2272/2207/1694 2199/2206/1693
f 2199/2206/1693 2198/2208/1695 2223/2209/1696
f 2272/2207/1694 2223/2209/1696 2222/2210/1697
f 2223/2209/1696 2198/2208/1695 2222/2210/1697
f 2268/2211/1698 2272/2207/1694 2222/2210/1697
f 2268/2211/1698 2222/2210/1697 2225/2212/1699
f 2222/2210/1697 2198/2208/1695 2225/2212/1699
f 4473/2213/1700 2268/2211/1698 2225/2212/1699
f 4473/2213/1700 2225/2212/1699 2269/2214/1701
f 2198/2208/1695 2204/2215/1702 2225/2212/1699
f 2225/2212/1699 2221/2216/1703 2269/2214/1701
f 2221/2216/1703 2225/2212/1699 2204/2215/1702
f 2269/2214/1701 2221/2216/1703 2220/2217/1704
f 2220/2217/1704 2221/2216/1703 2204/2215/1702
f 2274/2218/1705 2269/2214/1701 2220/2217/1704
f 2204/2215/1702 2198/2208/1695 2160/2219/1706
f 2220/2217/1704 2228/2220/1707 2274/2218/1705
f 2228/2220/1707 2275/2221/1708 2274/2218/1705
f 2275/2221/1708 2228/2220/1707 2277/2222/1709
f 2226/2223/1710 2228/2220/1707 2220/2217/1704
f 2226/2223/1710 2220/2217/1704 2204/2215/1702
f 2228/2220/1707 2227/2224/1711 2277/2222/1709
f 2227/2224/1711 2228/2220/1707 2226/2223/1710
f 2276/2225/1712 2277/2222/1709 2227/2224/1711
f 2162/2226/1713 2204/2215/1702 2160/2219/1706
f 2230/2227/1714 2276/2225/1712 2227/2224/1711
f 2276/2225/1712 2230/2227/1714 2278/2228/1715
f 2229/2229/1716 2227/2224/1711 2226/2223/1710
f 2229/2229/1716 2230/2227/1714 2227/2224/1711
f 2230/2227/1714 2216/2230/1717 2278/2228/1715
f 2216/2230/1717 2230/2227/1714 2229/2229/1716
f 2270/2231/1718 2278/2228/1715 2216/2230/1717
f 2226/2223/1710 2204/2215/1702 2172/2232/1719
f 2215/2233/1720 2270/2231/1718 2216/2230/1717
f 2003/2159/1647 2270/2231/1718 2215/2233/1720
f 2214/2234/1721 2216/2230/1717 2229/2229/1716
f 2215/2233/1720 2216/2230/1717 2214/2234/1721
f 2229/2229/1716 2226/2223/1710 2169/2235/1722
f 2169/2235/1722 2226/2223/1710 2172/2232/1719
f 2171/2236/1723 2229/2229/1716 2169/2235/1722
f 2214/2234/1721 2229/2229/1716 2171/2236/1723
f 1960/2237/1724 2003/2159/1647 2215/2233/1720
f 1960/2237/1724 1926/2158/1646 2003/2159/1647
f 1961/2148/1636 1926/2158/1646 1960/2237/1724
f 1960/2237/1724 2215/2233/1720 2231/2238/1725
f 2231/2238/1725 2215/2233/1720 2214/2234/1721
f 2240/2239/1726 1961/2148/1636 1960/2237/1724
f 2240/2239/1726 1960/2237/1724 2231/2238/1725
f 2240/2239/1726 1974/2240/1727 1961/2148/1636
f 1974/2240/1727 2240/2239/1726 2231/2238/1725
f 1974/2240/1727 1964/2125/1613 1961/2148/1636
f 2168/2241/1728 2231/2238/1725 2214/2234/1721
f 2168/2241/1728 1974/2240/1727 2231/2238/1725
f 1974/2240/1727 1965/2242/1729 1964/2125/1613
f 1965/2242/1729 1974/2240/1727 2168/2241/1728
f 1965/2242/1729 1872/2120/1608 1964/2125/1613
f 1965/2242/1729 1887/2130/1618 1872/2120/1608
f 1887/2130/1618 1965/2242/1729 2167/2243/1730
f 2167/2243/1730 1965/2242/1729 2168/2241/1728
f 2181/2136/1624 1887/2130/1618 2167/2243/1730
f 2166/2244/1731 2168/2241/1728 2214/2234/1721
f 2167/2243/1730 2168/2241/1728 2166/2244/1731
f 2166/2244/1731 2214/2234/1721 2171/2236/1723
f 2181/2136/1624 2167/2243/1730 2241/2245/1732
f 2241/2245/1732 2167/2243/1730 2166/2244/1731
f 2184/2140/1628 2181/2136/1624 2241/2245/1732
f 2166/2244/1731 2171/2236/1723 2170/2246/1733
f 2241/2245/1732 2166/2244/1731 2170/2246/1733
f 2170/2246/1733 2171/2236/1723 2169/2235/1722
f 2184/2140/1628 2241/2245/1732 2185/2247/1734
f 2241/2245/1732 2170/2246/1733 2185/2247/1734
f 2184/2140/1628 2185/2247/1734 2183/2141/1629
f 2183/2141/1629 2185/2247/1734 2232/2248/1735
f 2185/2247/1734 2188/2249/1736 2232/2248/1735
f 2185/2247/1734 2170/2246/1733 2188/2249/1736
f 2232/2248/1735 2188/2249/1736 2187/2250/1737
f 2173/2251/1738 2170/2246/1733 2169/2235/1722
f 2170/2246/1733 2173/2251/1738 2188/2249/1736
f 2173/2251/1738 2169/2235/1722 2172/2232/1719
f 2188/2249/1736 2189/2252/1739 2187/2250/1737
f 2188/2249/1736 2173/2251/1738 2242/2253/1740
f 2242/2253/1740 2173/2251/1738 2172/2232/1719
f 2189/2252/1739 2188/2249/1736 2242/2253/1740
f 2187/2250/1737 2189/2252/1739 2190/2254/1741
f 2242/2253/1740 2172/2232/1719 2174/2255/1742
f 2189/2252/1739 2242/2253/1740 2174/2255/1742
f 2189/2252/1739 2191/2256/1743 2190/2254/1741
f 2191/2256/1743 2189/2252/1739 2174/2255/1742
f 2190/2254/1741 2191/2256/1743 2192/2257/1744
f 2172/2232/1719 2175/2258/1745 2174/2255/1742
f 2172/2232/1719 2204/2215/1702 2175/2258/1745
f 2204/2215/1702 2162/2226/1713 2175/2258/1745
f 2191/2256/1743 2193/2259/1746 2192/2257/1744
f 2192/2257/1744 2193/2259/1746 2194/2260/1747
f 2191/2256/1743 2174/2255/1742 2243/2261/1748
f 2193/2259/1746 2191/2256/1743 2243/2261/1748
f 2174/2255/1742 2175/2258/1745 2176/2262/1749
f 2243/2261/1748 2174/2255/1742 2176/2262/1749
f 2175/2258/1745 2162/2226/1713 2161/2263/1750
f 2176/2262/1749 2175/2258/1745 2161/2263/1750
f 2161/2263/1750 2162/2226/1713 2160/2219/1706
f 2179/2264/1751 2161/2263/1750 2160/2219/1706
f 2193/2259/1746 2243/2261/1748 2217/2265/1752
f 2243/2261/1748 2176/2262/1749 2217/2265/1752
f 2193/2259/1746 2195/2266/1753 2194/2260/1747
f 2195/2266/1753 2193/2259/1746 2217/2265/1752
f 2194/2260/1747 2195/2266/1753 2196/2267/1754
f 2195/2266/1753 2197/2268/1755 2196/2267/1754
f 2195/2266/1753 2217/2265/1752 2197/2268/1755
f 2217/2265/1752 2244/2269/1756 2197/2268/1755
f 2244/2269/1756 2217/2265/1752 2219/2270/1757
f 2176/2262/1749 2218/2271/1758 2217/2265/1752
f 2217/2265/1752 2218/2271/1758 2219/2270/1757
f 2176/2262/1749 2161/2263/1750 2218/2271/1758
f 2218/2271/1758 2163/2272/1759 2219/2270/1757
f 2161/2263/1750 2163/2272/1759 2218/2271/1758
f 2163/2272/1759 2165/2273/1760 2219/2270/1757
f 2177/2274/1761 2163/2272/1759 2161/2263/1750
f 2177/2274/1761 2161/2263/1750 2179/2264/1751
f 2164/2275/1762 2165/2273/1760 2163/2272/1759
f 2164/2275/1762 2233/2276/1763 2165/2273/1760
f 2237/2277/1764 2264/2278/1765 2233/2276/1763
f 2164/2275/1762 2237/2277/1764 2233/2276/1763
f 2237/2277/1764 2164/2275/1762 2236/2279/1766
f 2164/2275/1762 2163/2272/1759 2178/2280/1767
f 2177/2274/1761 2178/2280/1767 2163/2272/1759
f 2164/2275/1762 2182/2281/1768 2236/2279/1766
f 2178/2280/1767 2182/2281/1768 2164/2275/1762
f 2182/2281/1768 2234/2282/1769 2236/2279/1766
f 2182/2281/1768 2235/2283/1770 2234/2282/1769
f 2182/2281/1768 2178/2280/1767 2235/2283/1770
f 2178/2280/1767 2238/2284/1771 2235/2283/1770
f 2238/2284/1771 2178/2280/1767 2177/2274/1761
f 2205/2285/1772 2238/2284/1771 2177/2274/1761
f 2177/2274/1761 2157/2286/1773 2205/2285/1772
f 2179/2264/1751 2157/2286/1773 2177/2274/1761
f 2157/2286/1773 2206/2287/1774 2205/2285/1772
f 2206/2287/1774 2157/2286/1773 2239/2288/1775
f 2179/2264/1751 2158/2289/1776 2157/2286/1773
f 2239/2288/1775 2157/2286/1773 2159/2290/1777
f 2158/2289/1776 2159/2290/1777 2157/2286/1773
f 2207/2291/1778 2159/2290/1777 2158/2289/1776
f 2207/2291/1778 2158/2289/1776 2208/2292/1779
f 2265/2293/1780 2159/2290/1777 2207/2291/1778
f 2208/2292/1779 2209/2294/1781 2207/2291/1778
f 2263/2295/1782 2265/2293/1780 2207/2291/1778
f 2209/2294/1781 2262/2296/1783 2207/2291/1778
f 2262/2296/1783 2263/2295/1782 2207/2291/1778
f 1924/2297/1784 1925/2298/1784 1923/2299/1785
f 2024/2300/1785 1924/2297/1784 1923/2299/1785
f 1924/2297/1784 1938/2301/1786 1925/2298/1784
f 1959/2302/1787 2024/2300/1785 1923/2299/1785
f 1938/2301/1786 1939/2303/1786 1925/2298/1784
f 1958/2304/1787 1959/2302/1787 1923/2299/1785
f 1939/2303/1786 1938/2301/1786 1940/2305/1788
f 1943/2306/1789 1959/2302/1787 1958/2304/1787
f 1938/2301/1786 1941/2307/1788 1940/2305/1788
f 1944/2308/1789 1943/2306/1789 1958/2304/1787
f 1940/2305/1788 1941/2307/1788 1952/2309/1790
f 1943/2306/1789 1944/2308/1789 1942/2310/1791
f 1941/2307/1788 1966/2311/1790 1952/2309/1790
f 1966/2311/1790 1948/2312/1792 1952/2309/1790
f 1948/2312/1792 1953/2313/1792 1952/2309/1790
f 1953/2313/1792 1948/2312/1792 1947/2314/1793
f 1948/2312/1792 1949/2315/1794 1947/2314/1793
f 4467/2316/1791 1943/2306/1789 1942/2310/1791
f 1947/2314/1793 1949/2315/1794 1950/2317/1795
f 1949/2315/1794 1951/2318/1796 1950/2317/1795
f 1942/2310/1791 4464/2319/1797 4467/2316/1791
f 4463/2320/1798 4464/2319/1797 1942/2310/1791
f 4467/2316/1791 4464/2319/1797 4465/2321/1798
f 4463/2320/1798 4563/2322/1799 4464/2319/1797
f 4464/2319/1797 4466/2323/1800 4465/2321/1798
f 4464/2319/1797 4563/2322/1799 4562/2324/1801
f 4562/2324/1801 4466/2323/1800 4464/2319/1797
f 4482/2325/1802 1950/2317/1795 1951/2318/1796
f 4482/2325/1802 1951/2318/1796 2451/2326/1803
f 2449/2327/1804 2451/2326/1803 1951/2318/1796
f 2450/2328/1805 2451/2326/1803 2449/2327/1804
f 4483/2329/1806 1950/2317/1795 4482/2325/1802
f 1950/2317/1795 4483/2329/1806 4485/2330/1807
f 4484/2331/1808 4485/2330/1807 4483/2329/1806
f 1976/2332/1809 1977/2333/1810 1975/2334/1811
f 2246/2335/1812 1976/2332/1809 1975/2334/1811
f 1976/2332/1809 2246/2335/1812 2245/2336/1813
f 1975/2334/1811 1977/2333/1810 1978/2337/1814
f 1977/2333/1810 1976/2332/1809 2015/2338/1047
f 2279/2339/1815 1976/2332/1809 2245/2336/1813
f 1976/2332/1809 2279/2339/1815 2015/2338/1047
f 2279/2339/1815 2245/2336/1813 2248/2340/1816
f 2023/2341/1047 1977/2333/1810 2015/2338/1047
f 2279/2339/1815 2282/2342/1047 2015/2338/1047
f 2012/2343/1817 1977/2333/1810 2023/2341/1047
f 1977/2333/1810 2012/2343/1817 1978/2337/1814
f 2017/2344/1047 2012/2343/1817 2023/2341/1047
f 2012/2343/1817 2017/2344/1047 2016/2345/1047
f 2279/2339/1815 2283/2346/1818 2282/2342/1047
f 2283/2346/1818 2279/2339/1815 2248/2340/1816
f 2283/2346/1818 2285/2347/1047 2282/2342/1047
f 2284/2348/1047 2285/2347/1047 2283/2346/1818
f 1979/2349/1819 2012/2343/1817 2016/2345/1047
f 2012/2343/1817 1979/2349/1819 1978/2337/1814
f 1979/2349/1819 2016/2345/1047 2018/2350/1047
f 1979/2349/1819 1980/2351/1820 1978/2337/1814
f 2247/2352/1821 2284/2348/1047 2283/2346/1818
f 2283/2346/1818 2248/2340/1816 2247/2352/1821
f 2286/2353/1047 2284/2348/1047 2247/2352/1821
f 2248/2340/1816 2249/2354/1822 2247/2352/1821
f 1979/2349/1819 1981/2355/1823 1980/2351/1820
f 1981/2355/1823 1979/2349/1819 2018/2350/1047
f 1981/2355/1823 1982/2356/1824 1980/2351/1820
f 1983/2357/1825 1981/2355/1823 2018/2350/1047
f 1981/2355/1823 1983/2357/1825 1982/2356/1824
f 2020/2358/1047 1983/2357/1825 2018/2350/1047
f 1983/2357/1825 1984/2359/1826 1982/2356/1824
f 1983/2357/1825 2020/2358/1047 2019/2360/1047
f 1983/2357/1825 1985/2361/1827 1984/2359/1826
f 1985/2361/1827 1983/2357/1825 2019/2360/1047
f 1985/2361/1827 1986/2362/1828 1984/2359/1826
f 1987/2363/1829 1985/2361/1827 2019/2360/1047
f 1985/2361/1827 1987/2363/1829 1986/2362/1828
f 2022/2364/1047 1987/2363/1829 2019/2360/1047
f 1987/2363/1829 1988/2365/1830 1986/2362/1828
f 1987/2363/1829 2022/2364/1047 2021/2366/1047
f 1987/2363/1829 1989/2367/1831 1988/2365/1830
f 1989/2367/1831 1987/2363/1829 2021/2366/1047
f 1989/2367/1831 1990/2368/1832 1988/2365/1830
f 1990/2368/1832 1989/2367/1831 1991/2369/1833
f 1992/2370/1834 1989/2367/1831 2021/2366/1047
f 1989/2367/1831 1992/2370/1834 1991/2369/1833
f 2156/2371/1047 1992/2370/1834 2021/2366/1047
f 2125/2372/1835 1991/2369/1833 1992/2370/1834
f 1992/2370/1834 2156/2371/1047 2155/2373/1047
f 2124/2374/1836 2125/2372/1835 1992/2370/1834
f 2124/2374/1836 1992/2370/1834 2155/2373/1047
f 2123/2375/1837 2125/2372/1835 2124/2374/1836
f 2124/2374/1836 2155/2373/1047 2122/2376/1838
f 2122/2376/1838 2123/2375/1837 2124/2374/1836
f 2155/2373/1047 2154/2377/1047 2122/2376/1838
f 2121/2378/1839 2123/2375/1837 2122/2376/1838
f 2122/2376/1838 2154/2377/1047 2153/2379/1047
f 2120/2380/1840 2121/2378/1839 2122/2376/1838
f 2120/2380/1840 2122/2376/1838 2153/2379/1047
f 2119/2381/1841 2121/2378/1839 2120/2380/1840
f 2120/2380/1840 2153/2379/1047 2151/2382/1842
f 2151/2382/1842 2119/2381/1841 2120/2380/1840
f 2153/2379/1047 2152/2383/1047 2151/2382/1842
f 2151/2382/1842 2152/2383/1047 2150/2384/1047
f 2151/2382/1842 2117/2385/1843 2119/2381/1841
f 2117/2385/1843 2151/2382/1842 2150/2384/1047
f 2117/2385/1843 2118/2386/1844 2119/2381/1841
f 2116/2387/1845 2118/2386/1844 2117/2385/1843
f 2117/2385/1843 2150/2384/1047 2114/2388/1846
f 2114/2388/1846 2116/2387/1845 2117/2385/1843
f 2150/2384/1047 2148/2389/1047 2114/2388/1846
f 2115/2390/1847 2116/2387/1845 2114/2388/1846
f 2114/2388/1846 2148/2389/1047 2147/2391/1848
f 2147/2391/1848 2115/2390/1847 2114/2388/1846
f 2148/2389/1047 2149/2392/1047 2147/2391/1848
f 2147/2391/1848 2149/2392/1047 2146/2393/1047
f 2147/2391/1848 2142/2394/1849 2115/2390/1847
f 2142/2394/1849 2147/2391/1848 2146/2393/1047
f 2142/2394/1849 2111/2395/1850 2115/2390/1847
f 2142/2394/1849 2146/2393/1047 2145/2396/1047
f 2142/2394/1849 2112/2397/1851 2111/2395/1850
f 2112/2397/1851 2142/2394/1849 2145/2396/1047
f 2112/2397/1851 2113/2398/1852 2111/2395/1850
f 2113/2398/1852 2112/2397/1851 2397/2399/1853
f 2398/2400/1854 2112/2397/1851 2145/2396/1047
f 2112/2397/1851 2398/2400/1854 2397/2399/1853
f 2447/2401/1047 2398/2400/1854 2145/2396/1047
f 2397/2399/1853 2398/2400/1854 2399/2402/1855
f 2435/2403/1856 2398/2400/1854 2447/2401/1047
f 2398/2400/1854 2435/2403/1856 2399/2402/1855
f 2441/2404/1047 2435/2403/1856 2447/2401/1047
f 2435/2403/1856 2441/2404/1047 2440/2405/1047
f 2435/2403/1856 2400/2406/1857 2399/2402/1855
f 2400/2406/1857 2435/2403/1856 2440/2405/1047
f 2400/2406/1857 2401/2407/1858 2399/2402/1855
f 2400/2406/1857 2440/2405/1047 2442/2408/1047
f 2400/2406/1857 2402/2409/1859 2401/2407/1858
f 2402/2409/1859 2400/2406/1857 2442/2408/1047
f 2402/2409/1859 2403/2410/1860 2401/2407/1858
f 2403/2410/1860 2402/2409/1859 2404/2411/1861
f 2405/2412/1862 2402/2409/1859 2442/2408/1047
f 2402/2409/1859 2405/2412/1862 2404/2411/1861
f 2443/2413/1047 2405/2412/1862 2442/2408/1047
f 2404/2411/1861 2405/2412/1862 2406/2414/1863
f 2407/2415/1864 2405/2412/1862 2443/2413/1047
f 2405/2412/1862 2407/2415/1864 2406/2414/1863
f 2444/2416/1047 2407/2415/1864 2443/2413/1047
f 2407/2415/1864 2408/2417/1865 2406/2414/1863
f 2408/2417/1865 2407/2415/1864 2444/2416/1047
f 2446/2418/1047 2408/2417/1865 2444/2416/1047
f 2408/2417/1865 2409/2419/1866 2406/2414/1863
f 2408/2417/1865 2446/2418/1047 2445/2420/1047
f 2408/2417/1865 2410/2421/1867 2409/2419/1866
f 2410/2421/1867 2408/2417/1865 2445/2420/1047
f 2410/2421/1867 2411/2422/1868 2409/2419/1866
f 2411/2422/1868 2410/2421/1867 2261/2423/1869
f 2260/2424/1870 2410/2421/1867 2445/2420/1047
f 2410/2421/1867 2260/2424/1870 2261/2423/1869
f 2291/2425/1047 2260/2424/1870 2445/2420/1047
f 2259/2426/1871 2261/2423/1869 2260/2424/1870
f 2260/2424/1870 2291/2425/1047 2290/2427/1047
f 2258/2428/1872 2259/2426/1871 2260/2424/1870
f 2258/2428/1872 2260/2424/1870 2290/2427/1047
f 2257/2429/1873 2259/2426/1871 2258/2428/1872
f 2258/2428/1872 2290/2427/1047 2256/2430/1874
f 2256/2430/1874 2257/2429/1873 2258/2428/1872
f 2290/2427/1047 2289/2431/1047 2256/2430/1874
f 2255/2432/1875 2257/2429/1873 2256/2430/1874
f 2256/2430/1874 2289/2431/1047 2288/2433/1047
f 2254/2434/1876 2255/2432/1875 2256/2430/1874
f 2254/2434/1876 2256/2430/1874 2288/2433/1047
f 2253/2435/1877 2255/2432/1875 2254/2434/1876
f 2254/2434/1876 2288/2433/1047 2287/2436/1047
f 2252/2437/1878 2253/2435/1877 2254/2434/1876
f 2252/2437/1878 2254/2434/1876 2287/2436/1047
f 2251/2438/1879 2253/2435/1877 2252/2437/1878
f 2252/2437/1878 2287/2436/1047 2286/2353/1047
f 2250/2439/1880 2251/2438/1879 2252/2437/1878
f 2250/2439/1880 2252/2437/1878 2286/2353/1047
f 2249/2354/1822 2251/2438/1879 2250/2439/1880
f 2250/2439/1880 2286/2353/1047 2247/2352/1821
f 2247/2352/1821 2249/2354/1822 2250/2439/1880
f 2373/2440/1881 2374/2441/1882 2372/2442/1883
f 2372/2442/1883 2374/2441/1882 2394/2443/1884
f 4474/2444/1885 2394/2443/1884 2374/2441/1882
f 4474/2444/1885 2395/2445/1886 2394/2443/1884
f 4475/2446/1887 2395/2445/1886 4474/2444/1885
f 2395/2445/1886 4475/2446/1887 4477/2447/1888
f 4476/2448/1889 4477/2447/1888 4475/2446/1887
f 2394/2443/1884 2395/2445/1886 2393/2449/1890
f 2396/2450/1891 2394/2443/1884 2393/2449/1890
f 2396/2450/1891 2393/2449/1890 2391/2451/1892
f 2392/2452/1892 2396/2450/1891 2391/2451/1892
f 2386/2453/1893 2392/2452/1892 2391/2451/1892
f 2387/2454/1893 2386/2453/1893 2391/2451/1892
f 2386/2453/1893 2387/2454/1893 2385/2455/1894
f 2419/2456/1894 2386/2453/1893 2385/2455/1894
f 2419/2456/1894 2385/2455/1894 2418/2457/1895
f 2421/2458/1895 2419/2456/1894 2418/2457/1895
f 2420/2459/1896 2421/2458/1895 2418/2457/1895
f 2448/2460/1896 2420/2459/1896 2418/2457/1895
f 2383/2461/1897 2420/2459/1896 2448/2460/1896
f 2384/2462/1897 2383/2461/1897 2448/2460/1896
f 2383/2461/1897 2384/2462/1897 2382/2463/1898
f 2388/2464/1899 2383/2461/1897 2382/2463/1898
f 2382/2463/1898 2389/2465/1900 2388/2464/1899
f 2389/2465/1900 2390/2466/1900 2388/2464/1899
f 2417/2467/1901 2390/2466/1900 2389/2465/1900
f 2438/2468/1901 2417/2467/1901 2389/2465/1900
f 2438/2468/1901 2439/2469/1902 2417/2467/1901
f 4565/2470/1903 2439/2469/1902 2438/2468/1901
f 2417/2467/1901 2439/2469/1902 4481/2471/1903
f 4479/2472/1904 2439/2469/1902 4565/2470/1903
f 2439/2469/1902 4564/2473/1905 4481/2471/1903
f 4480/2474/1906 2439/2469/1902 4479/2472/1904
f 4480/2474/1906 4564/2473/1905 2439/2469/1902
f 2453/2475/1047 2454/2476/1047 2452/2477/1047
f 2565/2478/1047 2453/2475/1047 2452/2477/1047
f 2565/2478/1047 2730/2479/1047 2729/2480/1047
f 2565/2478/1047 2564/2481/1047 2730/2479/1047
f 2564/2481/1047 2565/2478/1047 2563/2482/1047
f 2452/2477/1047 2563/2482/1047 2565/2478/1047
f 2563/2482/1047 2452/2477/1047 2733/2483/1047
f 2733/2483/1047 2452/2477/1047 2732/2484/1047
f 2731/2485/1047 2732/2484/1047 2452/2477/1047
f 2456/2486/1907 2457/2487/1908 2455/2488/1909
f 2455/2488/1909 2457/2487/1908 2499/2489/1910
f 2506/2490/1911 2455/2488/1909 2499/2489/1910
f 2514/2491/1912 2506/2490/1911 2499/2489/1910
f 2457/2487/1908 2500/2492/1913 2499/2489/1910
f 2506/2490/1911 2514/2491/1912 2513/2493/1914
f 2500/2492/1913 2457/2487/1908 2501/2494/1915
f 2502/2495/1916 2500/2492/1913 2501/2494/1915
f 2492/2496/1917 2502/2495/1916 2501/2494/1915
f 2501/2494/1915 2457/2487/1908 2593/2497/1918
f 2593/2497/1918 2457/2487/1908 2592/2498/1919
f 2592/2498/1919 2457/2487/1908 2456/2486/1907
f 2652/2499/1920 2501/2494/1915 2593/2497/1918
f 2490/2500/1921 2492/2496/1917 2501/2494/1915
f 2490/2500/1921 2501/2494/1915 2652/2499/1920
f 2747/2501/1922 2490/2500/1921 2652/2499/1920
f 2491/2502/1923 2492/2496/1917 2490/2500/1921
f 2747/2501/1922 2651/2503/1924 2490/2500/1921
f 2650/2504/1925 2592/2498/1919 2456/2486/1907
f 2651/2503/1924 2498/2505/1926 2490/2500/1921
f 2498/2505/1926 2491/2502/1923 2490/2500/1921
f 2651/2503/1924 2628/2506/1927 2498/2505/1926
f 2497/2507/1928 2491/2502/1923 2498/2505/1926
f 2628/2506/1927 2496/2508/1929 2498/2505/1926
f 2496/2508/1929 2497/2507/1928 2498/2505/1926
f 2496/2508/1929 2628/2506/1927 2627/2509/1930
f 2495/2510/1931 2497/2507/1928 2496/2508/1929
f 2493/2511/1932 2496/2508/1929 2627/2509/1930
f 2493/2511/1932 2495/2510/1931 2496/2508/1929
f 2493/2511/1932 2627/2509/1930 2585/2512/1933
f 2494/2513/1934 2495/2510/1931 2493/2511/1932
f 2530/2514/1935 2493/2511/1932 2585/2512/1933
f 2530/2514/1935 2494/2513/1934 2493/2511/1932
f 2530/2514/1935 2585/2512/1933 2584/2515/1936
f 2494/2513/1934 2530/2514/1935 2479/2516/1937
f 2530/2514/1935 2584/2515/1936 2486/2517/1938
f 2584/2515/1936 2629/2518/1939 2486/2517/1938
f 2530/2514/1935 2485/2519/1940 2479/2516/1937
f 2530/2514/1935 2486/2517/1938 2485/2519/1940
f 2485/2519/1940 2475/2520/1941 2479/2516/1937
f 2475/2520/1941 2480/2521/1942 2479/2516/1937
f 2486/2517/1938 2481/2522/1943 2485/2519/1940
f 2485/2519/1940 2481/2522/1943 2475/2520/1941
f 2480/2521/1942 2475/2520/1941 2474/2523/1944
f 2482/2524/1945 2481/2522/1943 2486/2517/1938
f 2486/2517/1938 2629/2518/1939 2483/2525/1946
f 2483/2525/1946 2482/2524/1945 2486/2517/1938
f 2629/2518/1939 2632/2526/1947 2483/2525/1946
f 2633/2527/1948 2483/2525/1946 2632/2526/1947
f 2745/2528/1949 2633/2527/1948 2632/2526/1947
f 2633/2527/1948 2484/2529/1950 2483/2525/1946
f 2484/2529/1950 2482/2524/1945 2483/2525/1946
f 2484/2529/1950 2531/2530/1951 2482/2524/1945
f 2481/2522/1943 2482/2524/1945 2476/2531/1952
f 2481/2522/1943 2476/2531/1952 2475/2520/1941
f 2531/2530/1951 2477/2532/1953 2482/2524/1945
f 2482/2524/1945 2477/2532/1953 2476/2531/1952
f 2477/2532/1953 2531/2530/1951 2462/2533/1954
f 2531/2530/1951 2478/2534/1955 2462/2533/1954
f 2476/2531/1952 2477/2532/1953 2465/2535/1956
f 2477/2532/1953 2462/2533/1954 2465/2535/1956
f 2475/2520/1941 2476/2531/1952 2467/2536/1957
f 2476/2531/1952 2465/2535/1956 2467/2536/1957
f 2475/2520/1941 2467/2536/1957 2474/2523/1944
f 2474/2523/1944 2467/2536/1957 2466/2537/1958
f 2467/2536/1957 2464/2538/1959 2466/2537/1958
f 2467/2536/1957 2465/2535/1956 2464/2538/1959
f 2466/2537/1958 2464/2538/1959 2473/2539/1960
f 2464/2538/1959 2472/2540/1961 2473/2539/1960
f 2465/2535/1956 2461/2541/1962 2464/2538/1959
f 2464/2538/1959 2461/2541/1962 2472/2540/1961
f 2465/2535/1956 2462/2533/1954 2461/2541/1962
f 2461/2541/1962 2471/2542/1963 2472/2540/1961
f 2462/2533/1954 2463/2543/1964 2461/2541/1962
f 2461/2541/1962 2463/2543/1964 2471/2542/1963
f 2462/2533/1954 2478/2534/1955 2463/2543/1964
f 2463/2543/1964 2458/2544/1965 2471/2542/1963
f 2478/2534/1955 2459/2545/1966 2463/2543/1964
f 2463/2543/1964 2459/2545/1966 2458/2544/1965
f 2459/2545/1966 2460/2546/1967 2458/2544/1965
f 2469/2547/1968 2470/2548/1969 2468/2549/1970
f 2630/2550/1971 2469/2547/1968 2468/2549/1970
f 2630/2550/1971 2634/2551/1972 2469/2547/1968
f 2634/2551/1972 2470/2548/1969 2469/2547/1968
f 2631/2552/1973 2630/2550/1971 2468/2549/1970
f 2634/2551/1972 2636/2553/1974 2470/2548/1969
f 2468/2549/1970 2586/2554/1975 2631/2552/1973
f 2586/2554/1975 2588/2555/1976 2631/2552/1973
f 2587/2556/1977 2588/2555/1976 2586/2554/1975
f 2586/2554/1975 2468/2549/1970 2653/2557/1978
f 2586/2554/1975 2653/2557/1978 2587/2556/1977
f 2468/2549/1970 2470/2548/1969 2653/2557/1978
f 2653/2557/1978 2611/2558/1979 2587/2556/1977
f 2636/2553/1974 2537/2559/1980 2470/2548/1969
f 2653/2557/1978 2536/2560/1981 2611/2558/1979
f 2653/2557/1978 2470/2548/1969 2536/2560/1981
f 2537/2559/1980 2536/2560/1981 2470/2548/1969
f 2536/2560/1981 2612/2561/1982 2611/2558/1979
f 2612/2561/1982 2536/2560/1981 2613/2562/1983
f 2537/2559/1980 2636/2553/1974 2635/2563/1984
f 2536/2560/1981 2535/2564/1985 2613/2562/1983
f 2536/2560/1981 2537/2559/1980 2535/2564/1985
f 2613/2562/1983 2535/2564/1985 2614/2565/1986
f 2637/2566/1987 2537/2559/1980 2635/2563/1984
f 2535/2564/1985 2615/2567/1988 2614/2565/1986
f 2537/2559/1980 2615/2567/1988 2535/2564/1985
f 2615/2567/1988 2537/2559/1980 2637/2566/1987
f 2614/2565/1986 2615/2567/1988 2616/2568/1989
f 2635/2563/1984 2638/2569/1990 2637/2566/1987
f 2615/2567/1988 2617/2570/1991 2616/2568/1989
f 2615/2567/1988 2637/2566/1987 2617/2570/1991
f 2617/2570/1991 2697/2571/1992 2616/2568/1989
f 2697/2571/1992 2695/2572/1993 2616/2568/1989
f 2617/2570/1991 2637/2566/1987 2716/2573/1994
f 2617/2570/1991 2716/2573/1994 2697/2571/1992
f 2638/2569/1990 2639/2574/1995 2637/2566/1987
f 2639/2574/1995 2716/2573/1994 2637/2566/1987
f 2640/2575/1996 2639/2574/1995 2638/2569/1990
f 2641/2576/1997 2640/2575/1996 2638/2569/1990
f 2697/2571/1992 2696/2577/1998 2695/2572/1993
f 2696/2577/1998 2694/2578/1999 2695/2572/1993
f 2697/2571/1992 2712/2579/2000 2696/2577/1998
f 2716/2573/1994 2712/2579/2000 2697/2571/1992
f 2696/2577/1998 2691/2580/2001 2694/2578/1999
f 2696/2577/1998 2712/2579/2000 2691/2580/2001
f 2691/2580/2001 2693/2581/2002 2694/2578/1999
f 2692/2582/2003 2693/2581/2002 2691/2580/2001
f 2716/2573/1994 2713/2583/2004 2712/2579/2000
f 2713/2583/2004 2714/2584/2005 2712/2579/2000
f 2713/2583/2004 2716/2573/1994 2715/2585/2006
f 2711/2586/2007 2712/2579/2000 2714/2584/2005
f 2711/2586/2007 2691/2580/2001 2712/2579/2000
f 2710/2587/2008 2711/2586/2007 2714/2584/2005
f 2725/2588/2009 2692/2582/2003 2691/2580/2001
f 2691/2580/2001 2711/2586/2007 2725/2588/2009
f 2687/2589/2010 2692/2582/2003 2725/2588/2009
f 2708/2590/2011 2711/2586/2007 2710/2587/2008
f 2706/2591/2012 2708/2590/2011 2710/2587/2008
f 2708/2590/2011 2707/2592/2013 2711/2586/2007
f 2707/2592/2013 2708/2590/2011 2706/2591/2012
f 2707/2592/2013 2725/2588/2009 2711/2586/2007
f 2709/2593/2014 2707/2592/2013 2706/2591/2012
f 2685/2594/2015 2687/2589/2010 2725/2588/2009
f 2685/2594/2015 2725/2588/2009 2707/2592/2013
f 2707/2592/2013 2709/2593/2014 2685/2594/2015
f 2686/2595/2016 2687/2589/2010 2685/2594/2015
f 2709/2593/2014 2686/2595/2016 2685/2594/2015
f 2639/2574/1995 2717/2596/2017 2716/2573/1994
f 2716/2573/1994 2717/2596/2017 2715/2585/2006
f 2640/2575/1996 2717/2596/2017 2639/2574/1995
f 2717/2596/2017 2718/2597/2018 2715/2585/2006
f 2640/2575/1996 2718/2597/2018 2717/2596/2017
f 2718/2597/2018 2719/2598/2019 2715/2585/2006
f 2718/2597/2018 2720/2599/2020 2719/2598/2019
f 2720/2599/2020 2721/2600/2021 2719/2598/2019
f 2640/2575/1996 2726/2601/2022 2718/2597/2018
f 2720/2599/2020 2684/2602/2023 2721/2600/2021
f 2684/2602/2023 2722/2603/2024 2721/2600/2021
f 2718/2597/2018 2698/2604/2025 2720/2599/2020
f 2698/2604/2025 2718/2597/2018 2726/2601/2022
f 2684/2602/2023 2683/2605/2026 2722/2603/2024
f 2683/2605/2026 2723/2606/2027 2722/2603/2024
f 2683/2605/2026 2682/2607/2028 2723/2606/2027
f 2683/2605/2026 2684/2602/2023 2682/2607/2028
f 2682/2607/2028 2724/2608/2029 2723/2606/2027
f 2726/2601/2022 2618/2609/2030 2698/2604/2025
f 2724/2608/2029 2682/2607/2028 2690/2610/2031
f 2689/2611/2032 2724/2608/2029 2690/2610/2031
f 2689/2611/2032 2690/2610/2031 2688/2612/2033
f 2690/2610/2031 2682/2607/2028 2705/2613/2034
f 2690/2610/2031 2705/2613/2034 2688/2612/2033
f 2705/2613/2034 2682/2607/2028 2684/2602/2023
f 2705/2613/2034 2704/2614/2035 2688/2612/2033
f 2705/2613/2034 2684/2602/2023 2702/2615/2036
f 2705/2613/2034 2702/2615/2036 2704/2614/2035
f 2702/2615/2036 2703/2616/2037 2704/2614/2035
f 2702/2615/2036 2684/2602/2023 2720/2599/2020
f 2701/2617/2038 2703/2616/2037 2702/2615/2036
f 2702/2615/2036 2720/2599/2020 2700/2618/2039
f 2700/2618/2039 2701/2617/2038 2702/2615/2036
f 2700/2618/2039 2720/2599/2020 2698/2604/2025
f 2699/2619/2040 2701/2617/2038 2700/2618/2039
f 2698/2604/2025 2699/2619/2040 2700/2618/2039
f 2618/2609/2030 2699/2619/2040 2698/2604/2025
f 2726/2601/2022 2619/2620/2041 2618/2609/2030
f 2640/2575/1996 2619/2620/2041 2726/2601/2022
f 2619/2620/2041 2620/2621/2042 2618/2609/2030
f 2642/2622/2043 2619/2620/2041 2640/2575/1996
f 2642/2622/2043 2640/2575/1996 2641/2576/1997
f 2619/2620/2041 2621/2623/2044 2620/2621/2042
f 2619/2620/2041 2642/2622/2043 2621/2623/2044
f 2621/2623/2044 2622/2624/2045 2620/2621/2042
f 2680/2625/2046 2642/2622/2043 2641/2576/1997
f 2621/2623/2044 2623/2626/2047 2622/2624/2045
f 2621/2623/2044 2642/2622/2043 2623/2626/2047
f 2623/2626/2047 2624/2627/2048 2622/2624/2045
f 2624/2627/2048 2623/2626/2047 2625/2628/2049
f 2645/2629/2050 2642/2622/2043 2680/2625/2046
f 2645/2629/2050 2623/2626/2047 2642/2622/2043
f 2643/2630/2051 2645/2629/2050 2680/2625/2046
f 2623/2626/2047 2626/2631/2052 2625/2628/2049
f 2623/2626/2047 2645/2629/2050 2626/2631/2052
f 2625/2628/2049 2626/2631/2052 2589/2632/2053
f 2644/2633/2054 2645/2629/2050 2643/2630/2051
f 2648/2634/2055 2644/2633/2054 2643/2630/2051
f 2644/2633/2054 2649/2635/2056 2645/2629/2050
f 2649/2635/2056 2644/2633/2054 2648/2634/2055
f 2649/2635/2056 2626/2631/2052 2645/2629/2050
f 2646/2636/2057 2649/2635/2056 2648/2634/2055
f 2626/2631/2052 2590/2637/2058 2589/2632/2053
f 2590/2637/2058 2626/2631/2052 2649/2635/2056
f 2649/2635/2056 2646/2636/2057 2590/2637/2058
f 2590/2637/2058 2591/2638/2059 2589/2632/2053
f 2646/2636/2057 2591/2638/2059 2590/2637/2058
f 2488/2639/2060 2489/2640/2061 2487/2641/2062
f 2489/2640/2061 2666/2642/2063 2487/2641/2062
f 2666/2642/2063 2603/2643/2064 2487/2641/2062
f 2487/2641/2062 2603/2643/2064 2602/2644/2065
f 2602/2644/2065 2600/2645/2066 2487/2641/2062
f 2599/2646/2067 2488/2639/2060 2487/2641/2062
f 2600/2645/2066 2599/2646/2067 2487/2641/2062
f 2488/2639/2060 2599/2646/2067 2744/2647/2068
f 2600/2645/2066 2601/2648/2069 2599/2646/2067
f 2597/2649/2070 2599/2646/2067 2601/2648/2069
f 2597/2649/2070 2744/2647/2068 2599/2646/2067
f 2598/2650/2071 2597/2649/2070 2601/2648/2069
f 2597/2649/2070 2598/2650/2071 2596/2651/2072
f 2596/2651/2072 2594/2652/2073 2597/2649/2070
f 2581/2653/2074 2744/2647/2068 2597/2649/2070
f 2594/2652/2073 2581/2653/2074 2597/2649/2070
f 2744/2647/2068 2581/2653/2074 2580/2654/2075
f 2595/2655/2076 2581/2653/2074 2594/2652/2073
f 2581/2653/2074 2505/2656/2077 2580/2654/2075
f 2505/2656/2077 2581/2653/2074 2595/2655/2076
f 2748/2657/2078 2505/2656/2077 2595/2655/2076
f 2504/2658/2079 2580/2654/2075 2505/2656/2077
f 2748/2657/2078 2665/2659/2080 2505/2656/2077
f 2504/2658/2079 2505/2656/2077 2503/2660/2081
f 2665/2659/2080 2503/2660/2081 2505/2656/2077
f 2538/2661/2082 2504/2658/2079 2503/2660/2081
f 2665/2659/2080 2664/2662/2083 2503/2660/2081
f 2503/2660/2081 2539/2663/2084 2538/2661/2082
f 2664/2662/2083 2539/2663/2084 2503/2660/2081
f 2539/2663/2084 2540/2664/2085 2538/2661/2082
f 2664/2662/2083 2663/2665/2086 2539/2663/2084
f 2539/2663/2084 2550/2666/2087 2540/2664/2085
f 2663/2665/2086 2550/2666/2087 2539/2663/2084
f 2550/2666/2087 2551/2667/2088 2540/2664/2085
f 2663/2665/2086 2662/2668/2089 2550/2666/2087
f 2551/2667/2088 2550/2666/2087 2549/2669/2090
f 2662/2668/2089 2549/2669/2090 2550/2666/2087
f 2548/2670/2091 2551/2667/2088 2549/2669/2090
f 2662/2668/2089 2661/2671/2092 2549/2669/2090
f 2548/2670/2091 2549/2669/2090 2547/2672/2093
f 2661/2671/2092 2547/2672/2093 2549/2669/2090
f 2552/2673/2094 2548/2670/2091 2547/2672/2093
f 2534/2674/2095 2552/2673/2094 2547/2672/2093
f 2547/2672/2093 2661/2671/2092 2532/2675/2096
f 2532/2675/2096 2534/2674/2095 2547/2672/2093
f 2661/2671/2092 2660/2676/2097 2532/2675/2096
f 2533/2677/2098 2534/2674/2095 2532/2675/2096
f 2532/2675/2096 2660/2676/2097 2578/2678/2099
f 2578/2678/2099 2533/2677/2098 2532/2675/2096
f 2660/2676/2097 2655/2679/2100 2578/2678/2099
f 2579/2680/2101 2533/2677/2098 2578/2678/2099
f 2578/2678/2099 2655/2679/2100 2542/2681/2102
f 2542/2681/2102 2579/2680/2101 2578/2678/2099
f 2655/2679/2100 2656/2682/2103 2542/2681/2102
f 2579/2680/2101 2542/2681/2102 2541/2683/2104
f 2542/2681/2102 2656/2682/2103 2543/2684/2105
f 2542/2681/2102 2543/2684/2105 2541/2683/2104
f 2656/2682/2103 2659/2685/2106 2543/2684/2105
f 2553/2686/2107 2541/2683/2104 2543/2684/2105
f 2543/2684/2105 2659/2685/2106 2657/2687/2108
f 2657/2687/2108 2553/2686/2107 2543/2684/2105
f 2659/2685/2106 2658/2688/2109 2657/2687/2108
f 2553/2686/2107 2657/2687/2108 2545/2689/2110
f 2657/2687/2108 2658/2688/2109 2607/2690/2111
f 2657/2687/2108 2546/2691/2112 2545/2689/2110
f 2546/2691/2112 2657/2687/2108 2607/2690/2111
f 2545/2689/2110 2546/2691/2112 2544/2692/2113
f 2608/2693/2114 2546/2691/2112 2607/2690/2111
f 2606/2694/2115 2546/2691/2112 2608/2693/2114
f 2606/2694/2115 2544/2692/2113 2546/2691/2112
f 2604/2695/2116 2606/2694/2115 2608/2693/2114
f 2605/2696/2117 2606/2694/2115 2604/2695/2116
f 2605/2696/2117 2609/2697/2118 2606/2694/2115
f 2562/2698/2119 2544/2692/2113 2606/2694/2115
f 2609/2697/2118 2562/2698/2119 2606/2694/2115
f 2561/2699/2120 2544/2692/2113 2562/2698/2119
f 2609/2697/2118 2610/2700/2121 2562/2698/2119
f 2561/2699/2120 2562/2698/2119 2560/2701/2122
f 2562/2698/2119 2610/2700/2121 2560/2701/2122
f 2728/2702/2123 2561/2699/2120 2560/2701/2122
f 2610/2700/2121 2582/2703/2124 2560/2701/2122
f 2728/2702/2123 2560/2701/2122 2654/2704/2125
f 2582/2703/2124 2583/2705/2126 2560/2701/2122
f 2560/2701/2122 2583/2705/2126 2654/2704/2125
f 2507/2706/2127 2455/2488/1909 2506/2490/1911
f 2507/2706/2127 2456/2486/1907 2455/2488/1909
f 2516/2707/2128 2507/2706/2127 2506/2490/1911
f 2516/2707/2128 2506/2490/1911 2515/2708/2129
f 2515/2708/2129 2506/2490/1911 2513/2493/1914
f 2515/2708/2129 2513/2493/1914 2519/2709/2130
f 2524/2710/2131 2515/2708/2129 2519/2709/2130
f 2524/2710/2131 2519/2709/2130 2523/2711/2132
f 2525/2712/2133 2524/2710/2131 2523/2711/2132
f 2520/2713/2134 2524/2710/2131 2525/2712/2133
f 2524/2710/2131 2520/2713/2134 2515/2708/2129
f 2526/2714/2135 2520/2713/2134 2525/2712/2133
f 2521/2715/2136 2520/2713/2134 2526/2714/2135
f 2520/2713/2134 2517/2716/2137 2515/2708/2129
f 2517/2716/2137 2516/2707/2128 2515/2708/2129
f 2520/2713/2134 2521/2715/2136 2517/2716/2137
f 2528/2717/2138 2521/2715/2136 2526/2714/2135
f 2529/2718/2139 2521/2715/2136 2528/2717/2138
f 2727/2719/2140 2529/2718/2139 2528/2717/2138
f 2529/2718/2139 2527/2720/2141 2521/2715/2136
f 2527/2720/2141 2522/2721/2142 2521/2715/2136
f 2521/2715/2136 2522/2721/2142 2517/2716/2137
f 2527/2720/2141 2518/2722/2143 2522/2721/2142
f 2508/2723/2144 2516/2707/2128 2517/2716/2137
f 2522/2721/2142 2508/2723/2144 2517/2716/2137
f 2518/2722/2143 2508/2723/2144 2522/2721/2142
f 2516/2707/2128 2508/2723/2144 2507/2706/2127
f 2508/2723/2144 2518/2722/2143 2509/2724/2145
f 2508/2723/2144 2509/2724/2145 2507/2706/2127
f 2518/2722/2143 2511/2725/2146 2509/2724/2145
f 2507/2706/2127 2509/2724/2145 2456/2486/1907
f 2509/2724/2145 2511/2725/2146 2510/2726/2147
f 2509/2724/2145 2510/2726/2147 2456/2486/1907
f 2456/2486/1907 2510/2726/2147 2650/2504/1925
f 2511/2725/2146 2512/2727/2148 2510/2726/2147
f 2510/2726/2147 2647/2728/2149 2650/2504/1925
f 2647/2728/2149 2510/2726/2147 2512/2727/2148
f 2746/2729/2150 2647/2728/2149 2512/2727/2148
f 2555/2730/2151 2556/2731/2152 2554/2732/2153
f 2675/2733/2154 2555/2730/2151 2554/2732/2153
f 2555/2730/2151 2673/2734/2155 2556/2731/2152
f 2675/2733/2154 2554/2732/2153 2674/2735/2156
f 2673/2734/2155 2575/2736/2157 2556/2731/2152
f 2681/2737/2158 2675/2733/2154 2674/2735/2156
f 2673/2734/2155 2576/2738/2159 2575/2736/2157
f 2681/2737/2158 2674/2735/2156 2678/2739/2160
f 2576/2738/2159 2577/2740/2161 2575/2736/2157
f 2577/2740/2161 2576/2738/2159 2672/2741/2162
f 2749/2742/2163 2577/2740/2161 2672/2741/2162
f 2677/2743/2164 2681/2737/2158 2678/2739/2160
f 2677/2743/2164 2678/2739/2160 2676/2744/2165
f 2737/2745/2166 2677/2743/2164 2676/2744/2165
f 2676/2744/2165 2735/2746/1087 2737/2745/2166
f 2734/2747/1087 2735/2746/1087 2676/2744/2165
f 2736/2748/1087 2735/2746/1087 2734/2747/1087
f 2735/2746/1087 2741/2749/1087 2737/2745/2166
f 2741/2749/1087 2742/2750/1087 2737/2745/2166
f 2742/2750/1087 2569/2751/1087 2737/2745/2166
f 2737/2745/2166 2569/2751/1087 2571/2752/2167
f 2570/2753/1087 2571/2752/2167 2569/2751/1087
f 2743/2754/1087 2571/2752/2167 2570/2753/1087
f 2739/2755/1087 2571/2752/2167 2743/2754/1087
f 2571/2752/2167 2739/2755/1087 2679/2756/2168
f 2571/2752/2167 2679/2756/2168 2559/2757/2169
f 2679/2756/2168 2739/2755/1087 2738/2758/1087
f 2740/2759/1087 2738/2758/1087 2739/2755/1087
f 2679/2756/2168 2557/2760/2170 2559/2757/2169
f 2558/2761/2171 2559/2757/2169 2557/2760/2170
f 2667/2762/2172 2558/2761/2171 2557/2760/2170
f 2574/2763/2173 2558/2761/2171 2667/2762/2172
f 2572/2764/2174 2574/2763/2173 2667/2762/2172
f 2573/2765/2175 2574/2763/2173 2572/2764/2174
f 2668/2766/2176 2573/2765/2175 2572/2764/2174
f 2573/2765/2175 2668/2766/2176 2568/2767/2177
f 2668/2766/2176 2566/2768/2178 2568/2767/2177
f 2567/2769/2179 2568/2767/2177 2566/2768/2178
f 2670/2770/2180 2567/2769/2179 2566/2768/2178
f 2567/2769/2179 2670/2770/2180 2669/2771/2181
f 2670/2770/2180 2671/2772/2182 2669/2771/2181
f 2751/2773/1047 2752/2774/1047 2750/2775/1047
f 2857/2776/1047 2751/2773/1047 2750/2775/1047
f 2857/2776/1047 2936/2777/1047 2935/2778/1047
f 2857/2776/1047 2856/2779/1047 2936/2777/1047
f 2856/2779/1047 2857/2776/1047 2855/2780/1047
f 2750/2775/1047 2855/2780/1047 2857/2776/1047
f 2855/2780/1047 2750/2775/1047 2939/2781/1047
f 2939/2781/1047 2750/2775/1047 2938/2782/1047
f 2937/2783/1047 2938/2782/1047 2750/2775/1047
f 2754/2784/2183 2755/2785/2184 2753/2786/2185
f 2753/2786/2185 2755/2785/2184 2794/2787/2186
f 2801/2788/2187 2753/2786/2185 2794/2787/2186
f 2809/2789/2188 2801/2788/2187 2794/2787/2186
f 2755/2785/2184 2795/2790/2189 2794/2787/2186
f 2801/2788/2187 2809/2789/2188 2808/2791/2190
f 2795/2790/2189 2755/2785/2184 2796/2792/2191
f 2797/2793/2192 2795/2790/2189 2796/2792/2191
f 2787/2794/2193 2797/2793/2192 2796/2792/2191
f 2796/2792/2191 2755/2785/2184 2879/2795/2194
f 2879/2795/2194 2755/2785/2184 2878/2796/2195
f 2878/2796/2195 2755/2785/2184 2754/2784/2183
f 2905/2797/2196 2796/2792/2191 2879/2795/2194
f 2785/2798/2197 2787/2794/2193 2796/2792/2191
f 2785/2798/2197 2796/2792/2191 2905/2797/2196
f 2953/2799/2198 2785/2798/2197 2905/2797/2196
f 2786/2800/2199 2787/2794/2193 2785/2798/2197
f 2953/2799/2198 2904/2801/2200 2785/2798/2197
f 2903/2802/2201 2878/2796/2195 2754/2784/2183
f 2904/2801/2200 2793/2803/2202 2785/2798/2197
f 2793/2803/2202 2786/2800/2199 2785/2798/2197
f 2904/2801/2200 2898/2804/2203 2793/2803/2202
f 2792/2805/2204 2786/2800/2199 2793/2803/2202
f 2898/2804/2203 2791/2806/2205 2793/2803/2202
f 2791/2806/2205 2792/2805/2204 2793/2803/2202
f 2791/2806/2205 2898/2804/2203 2897/2807/2206
f 2790/2808/2207 2792/2805/2204 2791/2806/2205
f 2788/2809/2208 2791/2806/2205 2897/2807/2206
f 2788/2809/2208 2790/2808/2207 2791/2806/2205
f 2788/2809/2208 2897/2807/2206 2877/2810/2209
f 2789/2811/2210 2790/2808/2207 2788/2809/2208
f 2825/2812/2211 2788/2809/2208 2877/2810/2209
f 2825/2812/2211 2789/2811/2210 2788/2809/2208
f 2825/2812/2211 2877/2810/2209 2876/2813/2212
f 2789/2811/2210 2825/2812/2211 2774/2814/2213
f 2825/2812/2211 2876/2813/2212 2781/2815/2214
f 2876/2813/2212 2899/2816/2215 2781/2815/2214
f 2825/2812/2211 2780/2817/2216 2774/2814/2213
f 2825/2812/2211 2781/2815/2214 2780/2817/2216
f 2780/2817/2216 2770/2818/2217 2774/2814/2213
f 2770/2818/2217 2775/2819/2218 2774/2814/2213
f 2781/2815/2214 2776/2820/2219 2780/2817/2216
f 2780/2817/2216 2776/2820/2219 2770/2818/2217
f 2775/2819/2218 2770/2818/2217 2769/2821/2220
f 2777/2822/2221 2776/2820/2219 2781/2815/2214
f 2781/2815/2214 2899/2816/2215 2778/2823/2222
f 2778/2823/2222 2777/2822/2221 2781/2815/2214
f 2899/2816/2215 2900/2824/2223 2778/2823/2222
f 2901/2825/2224 2778/2823/2222 2900/2824/2223
f 2951/2826/2225 2901/2825/2224 2900/2824/2223
f 2901/2825/2224 2779/2827/2226 2778/2823/2222
f 2779/2827/2226 2777/2822/2221 2778/2823/2222
f 2779/2827/2226 2826/2828/2227 2777/2822/2221
f 2776/2820/2219 2777/2822/2221 2771/2829/2228
f 2776/2820/2219 2771/2829/2228 2770/2818/2217
f 2826/2828/2227 2772/2830/2229 2777/2822/2221
f 2777/2822/2221 2772/2830/2229 2771/2829/2228
f 2772/2830/2229 2826/2828/2227 2760/2831/2230
f 2826/2828/2227 2773/2832/2231 2760/2831/2230
f 2771/2829/2228 2772/2830/2229 2763/2833/2232
f 2772/2830/2229 2760/2831/2230 2763/2833/2232
f 2770/2818/2217 2771/2829/2228 2765/2834/2233
f 2771/2829/2228 2763/2833/2232 2765/2834/2233
f 2770/2818/2217 2765/2834/2233 2769/2821/2220
f 2769/2821/2220 2765/2834/2233 2764/2835/2234
f 2765/2834/2233 2762/2836/2235 2764/2835/2234
f 2765/2834/2233 2763/2833/2232 2762/2836/2235
f 2764/2835/2234 2762/2836/2235 2768/2837/2236
f 2762/2836/2235 2767/2838/2237 2768/2837/2236
f 2763/2833/2232 2759/2839/2238 2762/2836/2235
f 2762/2836/2235 2759/2839/2238 2767/2838/2237
f 2763/2833/2232 2760/2831/2230 2759/2839/2238
f 2759/2839/2238 2766/2840/2239 2767/2838/2237
f 2760/2831/2230 2761/2841/2240 2759/2839/2238
f 2759/2839/2238 2761/2841/2240 2766/2840/2239
f 2760/2831/2230 2773/2832/2231 2761/2841/2240
f 2761/2841/2240 2756/2842/2241 2766/2840/2239
f 2773/2832/2231 2757/2843/2242 2761/2841/2240
f 2761/2841/2240 2757/2843/2242 2756/2842/2241
f 2757/2843/2242 2758/2844/2243 2756/2842/2241
f 2783/2845/2244 2784/2846/2245 2782/2847/2246
f 2784/2846/2245 2918/2848/2247 2782/2847/2246
f 2918/2848/2247 2889/2849/2248 2782/2847/2246
f 2782/2847/2246 2889/2849/2248 2888/2850/2249
f 2888/2850/2249 2886/2851/2250 2782/2847/2246
f 2885/2852/2251 2783/2845/2244 2782/2847/2246
f 2886/2851/2250 2885/2852/2251 2782/2847/2246
f 2783/2845/2244 2885/2852/2251 2950/2853/2252
f 2886/2851/2250 2887/2854/2253 2885/2852/2251
f 2883/2855/2254 2885/2852/2251 2887/2854/2253
f 2883/2855/2254 2950/2853/2252 2885/2852/2251
f 2884/2856/2255 2883/2855/2254 2887/2854/2253
f 2883/2855/2254 2884/2856/2255 2882/2857/2256
f 2882/2857/2256 2880/2858/2257 2883/2855/2254
f 2873/2859/2258 2950/2853/2252 2883/2855/2254
f 2880/2858/2257 2873/2859/2258 2883/2855/2254
f 2950/2853/2252 2873/2859/2258 2872/2860/2259
f 2881/2861/2260 2873/2859/2258 2880/2858/2257
f 2873/2859/2258 2800/2862/2261 2872/2860/2259
f 2800/2862/2261 2873/2859/2258 2881/2861/2260
f 2954/2863/2262 2800/2862/2261 2881/2861/2260
f 2799/2864/2263 2872/2860/2259 2800/2862/2261
f 2954/2863/2262 2917/2865/2264 2800/2862/2261
f 2799/2864/2263 2800/2862/2261 2798/2866/2265
f 2917/2865/2264 2798/2866/2265 2800/2862/2261
f 2830/2867/2266 2799/2864/2263 2798/2866/2265
f 2917/2865/2264 2916/2868/2267 2798/2866/2265
f 2798/2866/2265 2831/2869/2268 2830/2867/2266
f 2916/2868/2267 2831/2869/2268 2798/2866/2265
f 2831/2869/2268 2832/2870/2269 2830/2867/2266
f 2916/2868/2267 2915/2871/2270 2831/2869/2268
f 2831/2869/2268 2842/2872/2271 2832/2870/2269
f 2915/2871/2270 2842/2872/2271 2831/2869/2268
f 2842/2872/2271 2843/2873/2272 2832/2870/2269
f 2915/2871/2270 2914/2874/2273 2842/2872/2271
f 2843/2873/2272 2842/2872/2271 2841/2875/2274
f 2914/2874/2273 2841/2875/2274 2842/2872/2271
f 2840/2876/2275 2843/2873/2272 2841/2875/2274
f 2914/2874/2273 2913/2877/2276 2841/2875/2274
f 2840/2876/2275 2841/2875/2274 2839/2878/2277
f 2913/2877/2276 2839/2878/2277 2841/2875/2274
f 2844/2879/2278 2840/2876/2275 2839/2878/2277
f 2829/2880/2279 2844/2879/2278 2839/2878/2277
f 2839/2878/2277 2913/2877/2276 2827/2881/2280
f 2827/2881/2280 2829/2880/2279 2839/2878/2277
f 2913/2877/2276 2912/2882/2281 2827/2881/2280
f 2828/2883/2282 2829/2880/2279 2827/2881/2280
f 2827/2881/2280 2912/2882/2281 2870/2884/2283
f 2870/2884/2283 2828/2883/2282 2827/2881/2280
f 2912/2882/2281 2907/2885/2284 2870/2884/2283
f 2871/2886/2285 2828/2883/2282 2870/2884/2283
f 2870/2884/2283 2907/2885/2284 2834/2887/2286
f 2834/2887/2286 2871/2886/2285 2870/2884/2283
f 2907/2885/2284 2908/2888/2287 2834/2887/2286
f 2871/2886/2285 2834/2887/2286 2833/2889/2288
f 2834/2887/2286 2908/2888/2287 2835/2890/2289
f 2834/2887/2286 2835/2890/2289 2833/2889/2288
f 2908/2888/2287 2911/2891/2290 2835/2890/2289
f 2845/2892/2291 2833/2889/2288 2835/2890/2289
f 2835/2890/2289 2911/2891/2290 2909/2893/2292
f 2909/2893/2292 2845/2892/2291 2835/2890/2289
f 2911/2891/2290 2910/2894/2293 2909/2893/2292
f 2845/2892/2291 2909/2893/2292 2837/2895/2294
f 2909/2893/2292 2910/2894/2293 2893/2896/2295
f 2909/2893/2292 2838/2897/2296 2837/2895/2294
f 2838/2897/2296 2909/2893/2292 2893/2896/2295
f 2837/2895/2294 2838/2897/2296 2836/2898/2297
f 2894/2899/2298 2838/2897/2296 2893/2896/2295
f 2892/2900/2299 2838/2897/2296 2894/2899/2298
f 2892/2900/2299 2836/2898/2297 2838/2897/2296
f 2890/2901/2300 2892/2900/2299 2894/2899/2298
f 2891/2902/2301 2892/2900/2299 2890/2901/2300
f 2891/2902/2301 2895/2903/2302 2892/2900/2299
f 2854/2904/2303 2836/2898/2297 2892/2900/2299
f 2895/2903/2302 2854/2904/2303 2892/2900/2299
f 2853/2905/2304 2836/2898/2297 2854/2904/2303
f 2895/2903/2302 2896/2906/2305 2854/2904/2303
f 2853/2905/2304 2854/2904/2303 2852/2907/2306
f 2854/2904/2303 2896/2906/2305 2852/2907/2306
f 2934/2908/2307 2853/2905/2304 2852/2907/2306
f 2896/2906/2305 2874/2909/2308 2852/2907/2306
f 2934/2908/2307 2852/2907/2306 2906/2910/2309
f 2874/2909/2308 2875/2911/2310 2852/2907/2306
f 2852/2907/2306 2875/2911/2310 2906/2910/2309
f 2802/2912/2311 2753/2786/2185 2801/2788/2187
f 2802/2912/2311 2754/2784/2183 2753/2786/2185
f 2811/2913/2312 2802/2912/2311 2801/2788/2187
f 2811/2913/2312 2801/2788/2187 2810/2914/2313
f 2810/2914/2313 2801/2788/2187 2808/2791/2190
f 2810/2914/2313 2808/2791/2190 2814/2915/2314
f 2819/2916/2315 2810/2914/2313 2814/2915/2314
f 2819/2916/2315 2814/2915/2314 2818/2917/2316
f 2820/2918/2317 2819/2916/2315 2818/2917/2316
f 2815/2919/2318 2819/2916/2315 2820/2918/2317
f 2819/2916/2315 2815/2919/2318 2810/2914/2313
f 2821/2920/2319 2815/2919/2318 2820/2918/2317
f 2816/2921/2320 2815/2919/2318 2821/2920/2319
f 2815/2919/2318 2812/2922/2321 2810/2914/2313
f 2812/2922/2321 2811/2913/2312 2810/2914/2313
f 2815/2919/2318 2816/2921/2320 2812/2922/2321
f 2823/2923/2322 2816/2921/2320 2821/2920/2319
f 2824/2924/2323 2816/2921/2320 2823/2923/2322
f 2933/2925/2324 2824/2924/2323 2823/2923/2322
f 2824/2924/2323 2822/2926/2325 2816/2921/2320
f 2822/2926/2325 2817/2927/2326 2816/2921/2320
f 2816/2921/2320 2817/2927/2326 2812/2922/2321
f 2822/2926/2325 2813/2928/2327 2817/2927/2326
f 2803/2929/2328 2811/2913/2312 2812/2922/2321
f 2817/2927/2326 2803/2929/2328 2812/2922/2321
f 2813/2928/2327 2803/2929/2328 2817/2927/2326
f 2811/2913/2312 2803/2929/2328 2802/2912/2311
f 2803/2929/2328 2813/2928/2327 2804/2930/2329
f 2803/2929/2328 2804/2930/2329 2802/2912/2311
f 2813/2928/2327 2806/2931/2330 2804/2930/2329
f 2802/2912/2311 2804/2930/2329 2754/2784/2183
f 2804/2930/2329 2806/2931/2330 2805/2932/2331
f 2804/2930/2329 2805/2932/2331 2754/2784/2183
f 2754/2784/2183 2805/2932/2331 2903/2802/2201
f 2806/2931/2330 2807/2933/2332 2805/2932/2331
f 2805/2932/2331 2902/2934/2333 2903/2802/2201
f 2902/2934/2333 2805/2932/2331 2807/2933/2332
f 2952/2935/2334 2902/2934/2333 2807/2933/2332
f 2847/2936/2175 2848/2937/2335 2846/2937/2336
f 2927/2936/2337 2847/2936/2175 2846/2937/2336
f 2847/2936/2175 2925/2938/2177 2848/2937/2335
f 2927/2936/2337 2846/2937/2336 2926/2939/2338
f 2925/2938/2177 2867/2940/2339 2848/2937/2335
f 2932/2941/2340 2927/2936/2337 2926/2939/2338
f 2925/2938/2177 2868/2942/2179 2867/2940/2339
f 2932/2941/2340 2926/2939/2338 2930/2943/2341
f 2868/2942/2179 2869/2944/2342 2867/2940/2339
f 2869/2944/2342 2868/2942/2179 2924/2945/2181
f 2955/2946/2343 2869/2944/2342 2924/2945/2181
f 2929/2941/2169 2932/2941/2340 2930/2943/2341
f 2929/2941/2169 2930/2943/2341 2928/2947/2168
f 2943/2948/2167 2929/2941/2169 2928/2947/2168
f 2928/2947/2168 2941/2949/1087 2943/2948/2167
f 2940/2950/1087 2941/2949/1087 2928/2947/2168
f 2942/2951/1087 2941/2949/1087 2940/2950/1087
f 2941/2949/1087 2947/2952/1087 2943/2948/2167
f 2947/2952/1087 2948/2953/1087 2943/2948/2167
f 2948/2953/1087 2861/2954/1087 2943/2948/2167
f 2943/2948/2167 2861/2954/1087 2863/2955/2166
f 2862/2956/1087 2863/2955/2166 2861/2954/1087
f 2949/2957/1087 2863/2955/2166 2862/2956/1087
f 2945/2958/1087 2863/2955/2166 2949/2957/1087
f 2863/2955/2166 2945/2958/1087 2931/2959/2344
f 2863/2955/2166 2931/2959/2344 2851/2960/2345
f 2931/2959/2344 2945/2958/1087 2944/2961/1087
f 2946/2962/1087 2944/2961/1087 2945/2958/1087
f 2931/2959/2344 2849/2963/2346 2851/2960/2345
f 2850/2964/2347 2851/2960/2345 2849/2963/2346
f 2919/2965/2348 2850/2964/2347 2849/2963/2346
f 2866/2966/2154 2850/2964/2347 2919/2965/2348
f 2864/2967/2153 2866/2966/2154 2919/2965/2348
f 2865/2968/2151 2866/2966/2154 2864/2967/2153
f 2920/2969/2152 2865/2968/2151 2864/2967/2153
f 2865/2968/2151 2920/2969/2152 2860/2970/2155
f 2920/2969/2152 2858/2971/2349 2860/2970/2155
f 2859/2972/2159 2860/2970/2155 2858/2971/2349
f 2922/2973/2350 2859/2972/2159 2858/2971/2349
f 2859/2972/2159 2922/2973/2350 2921/2974/2162
f 2922/2973/2350 2923/2975/2351 2921/2974/2162
f 2957/2976/2352 2958/2977/2353 2956/2978/2354
f 3025/2979/2355 2957/2976/2352 2956/2978/2354
f 2958/2977/2353 2957/2976/2352 3024/2980/2356
f 2956/2978/2354 3026/2981/2357 3025/2979/2355
f 3026/2981/2357 3009/2982/2358 3025/2979/2355
f 3026/2981/2357 3010/2983/2359 3009/2982/2358
f 3010/2983/2359 3011/2984/2360 3009/2982/2358
f 3011/2984/2360 3010/2983/2359 3250/2985/2361
f 3358/2986/2362 3011/2984/2360 3250/2985/2361
f 3010/2983/2359 3167/2987/2363 3250/2985/2361
f 3010/2983/2359 3026/2981/2357 3167/2987/2363
f 3250/2985/2361 3167/2987/2363 3115/2988/2364
f 3026/2981/2357 2956/2978/2354 3165/2989/2365
f 3026/2981/2357 3165/2989/2365 3167/2987/2363
f 2956/2978/2354 3084/2990/2366 3165/2989/2365
f 3084/2990/2366 2956/2978/2354 2958/2977/2353
f 3166/2991/2367 3167/2987/2363 3165/2989/2365
f 3167/2987/2363 3166/2991/2367 3115/2988/2364
f 3209/2992/2368 3165/2989/2365 3084/2990/2366
f 3209/2992/2368 3166/2991/2367 3165/2989/2365
f 3058/2993/2369 3084/2990/2366 2958/2977/2353
f 3166/2991/2367 2964/2994/2370 3115/2988/2364
f 2964/2994/2370 2966/2995/2371 3115/2988/2364
f 2966/2995/2371 3116/2996/2372 3115/2988/2364
f 2965/2997/2373 2966/2995/2371 2964/2994/2370
f 2964/2994/2370 3166/2991/2367 3135/2998/2374
f 3135/2998/2374 2965/2997/2373 2964/2994/2370
f 3166/2991/2367 3209/2992/2368 3135/2998/2374
f 2965/2997/2373 3135/2998/2374 3134/2999/2375
f 3083/3000/2376 3209/2992/2368 3084/2990/2366
f 3083/3000/2376 3084/2990/2366 3058/2993/2369
f 3136/3001/2377 3135/2998/2374 3209/2992/2368
f 3135/2998/2374 3136/3001/2377 3134/2999/2375
f 3083/3000/2376 3136/3001/2377 3209/2992/2368
f 3134/2999/2375 3136/3001/2377 3406/3002/2378
f 3136/3001/2377 3081/3003/2379 3406/3002/2378
f 3081/3003/2379 3136/3001/2377 3083/3000/2376
f 3406/3002/2378 3081/3003/2379 3080/3004/2380
f 3057/3005/2381 3083/3000/2376 3058/2993/2369
f 3057/3005/2381 3081/3003/2379 3083/3000/2376
f 3081/3003/2379 3082/3006/2382 3080/3004/2380
f 3082/3006/2382 3081/3003/2379 3057/3005/2381
f 3274/3007/2383 3080/3004/2380 3082/3006/2382
f 3057/3005/2381 3058/2993/2369 3056/3008/2384
f 3199/3009/2385 3082/3006/2382 3057/3005/2381
f 3199/3009/2385 3057/3005/2381 3056/3008/2384
f 3261/3010/2386 3274/3007/2383 3082/3006/2382
f 3082/3006/2382 3199/3009/2385 3261/3010/2386
f 3261/3010/2386 3260/3011/2387 3274/3007/2383
f 3260/3011/2387 3275/3012/2388 3274/3007/2383
f 3199/3009/2385 3201/3013/2389 3261/3010/2386
f 3261/3010/2386 3201/3013/2389 3260/3011/2387
f 3200/3014/2390 3201/3013/2389 3199/3009/2385
f 3260/3011/2387 3201/3013/2389 3200/3014/2390
f 3056/3008/2384 3200/3014/2390 3199/3009/2385
f 3243/3015/2391 3260/3011/2387 3200/3014/2390
f 3244/3016/2392 3200/3014/2390 3056/3008/2384
f 3200/3014/2390 3244/3016/2392 3243/3015/2391
f 3244/3016/2392 3299/3017/2393 3243/3015/2391
f 3299/3017/2393 3300/3018/2394 3243/3015/2391
f 3321/3019/2395 3244/3016/2392 3056/3008/2384
f 3244/3016/2392 3321/3019/2395 3299/3017/2393
f 3321/3019/2395 3056/3008/2384 3058/2993/2369
f 3321/3019/2395 3024/2980/2356 3299/3017/2393
f 2958/2977/2353 3321/3019/2395 3058/2993/2369
f 3321/3019/2395 2958/2977/2353 3024/2980/2356
f 3296/3020/2396 3300/3018/2394 3361/3021/2397
f 3300/3018/2394 3362/3017/2398 3361/3021/2397
f 3362/3017/2398 3373/2980/2399 3361/3021/2397
f 3373/2980/2399 3371/3022/2400 3361/3021/2397
f 3373/2980/2399 3370/2976/2401 3371/3022/2400
f 3370/2976/2401 3369/2976/2402 3371/3022/2400
f 3369/2976/2402 3370/2976/2401 3368/2979/2403
f 3364/3023/2404 3369/2976/2402 3368/2979/2403
f 3368/2979/2403 3365/2982/2405 3364/3023/2404
f 3365/2982/2405 3366/2982/2406 3364/3023/2404
f 3365/2982/2405 3360/2984/2407 3366/2982/2406
f 3360/2984/2407 3359/3024/2408 3366/2982/2406
f 3359/3024/2408 3360/2984/2407 3358/2986/2362
f 3053/3025/2409 3359/3024/2408 3358/2986/2362
f 3052/3024/2410 3053/3025/2409 3051/3026/2411
f 2986/3027/2412 3052/3024/2410 3051/3026/2411
f 3052/3024/2410 2986/3027/2412 2985/2982/2413
f 2986/3027/2412 2987/3028/2414 2985/2982/2413
f 2985/2982/2413 2987/3028/2414 3126/3023/2415
f 3051/3026/2411 3150/3029/2416 2986/3027/2412
f 2986/3027/2412 3150/3029/2416 2987/3028/2414
f 3268/3030/2417 3150/3029/2416 3051/3026/2411
f 3269/3031/2418 3268/3030/2417 3051/3026/2411
f 2987/3028/2414 3127/3032/2419 3126/3023/2415
f 3126/3023/2415 3127/3032/2419 3032/2976/2420
f 3150/3029/2416 3152/3033/2421 2987/3028/2414
f 3127/3032/2419 2987/3028/2414 3152/3033/2421
f 3268/3030/2417 3151/3034/2422 3150/3029/2416
f 3151/3034/2422 3152/3033/2421 3150/3029/2416
f 3268/3030/2417 3269/3031/2418 3267/3035/2423
f 3267/3035/2423 3269/3031/2418 3277/3036/2424
f 3269/3031/2418 3278/3037/2425 3277/3036/2424
f 3267/3035/2423 3277/3036/2424 3074/3038/2426
f 3267/3035/2423 3073/3039/2427 3268/3030/2417
f 3073/3039/2427 3267/3035/2423 3074/3038/2426
f 3073/3039/2427 3151/3034/2422 3268/3030/2417
f 3073/3039/2427 3074/3038/2426 3072/3040/2428
f 3312/3041/2429 3073/3039/2427 3072/3040/2428
f 3073/3039/2427 3312/3041/2429 3151/3034/2422
f 3072/3040/2428 3357/3042/2430 3312/3041/2429
f 3312/3041/2429 3206/3043/2431 3151/3034/2422
f 3152/3033/2421 3151/3034/2422 3206/3043/2431
f 3357/3042/2430 3196/3044/2432 3312/3041/2429
f 3312/3041/2429 3196/3044/2432 3206/3043/2431
f 3357/3042/2430 3197/3045/2433 3196/3044/2432
f 3100/3046/2434 3152/3033/2421 3206/3043/2431
f 3100/3046/2434 3127/3032/2419 3152/3033/2421
f 3196/3044/2432 3101/3047/2435 3206/3043/2431
f 3206/3043/2431 3101/3047/2435 3100/3046/2434
f 3197/3045/2433 3198/3048/2436 3196/3044/2432
f 3196/3044/2432 3198/3048/2436 3101/3047/2435
f 3197/3045/2433 3141/3049/2437 3198/3048/2436
f 3030/3050/2438 3127/3032/2419 3100/3046/2434
f 3127/3032/2419 3030/3050/2438 3032/2976/2420
f 3031/3022/2439 3032/2976/2420 3030/3050/2438
f 3102/3051/2440 3030/3050/2438 3100/3046/2434
f 3101/3047/2435 3102/3051/2440 3100/3046/2434
f 2974/3052/2441 3031/3022/2439 3030/3050/2438
f 2974/3052/2441 3030/3050/2438 3102/3051/2440
f 3031/3022/2439 2974/3052/2441 2973/3021/2442
f 3102/3051/2440 3101/3047/2435 3153/3053/2443
f 3198/3048/2436 3153/3053/2443 3101/3047/2435
f 3090/3054/2444 2974/3052/2441 3102/3051/2440
f 3090/3054/2444 3102/3051/2440 3153/3053/2443
f 2974/3052/2441 2975/3055/2445 2973/3021/2442
f 2974/3052/2441 3090/3054/2444 2975/3055/2445
f 2975/3055/2445 3259/3056/2446 2973/3021/2442
f 3259/3056/2446 3296/3020/2396 2973/3021/2442
f 3090/3054/2444 3092/3057/2447 2975/3055/2445
f 3092/3057/2447 3259/3056/2446 2975/3055/2445
f 3091/3058/2448 3092/3057/2447 3090/3054/2444
f 3259/3056/2446 3092/3057/2447 3091/3058/2448
f 3153/3053/2443 3091/3058/2448 3090/3054/2444
f 3142/3059/2449 3259/3056/2446 3091/3058/2448
f 3143/3060/2450 3091/3058/2448 3153/3053/2443
f 3198/3048/2436 3143/3060/2450 3153/3053/2443
f 3142/3059/2449 3091/3058/2448 3143/3060/2450
f 3141/3049/2437 3143/3060/2450 3198/3048/2436
f 3142/3059/2449 3143/3060/2450 3141/3049/2437
f 3346/3061/2451 3142/3059/2449 3141/3049/2437
f 3345/3062/2452 3346/3061/2451 3344/3049/2453
f 3355/3063/2454 3345/3062/2452 3344/3049/2453
f 3344/3049/2453 3356/3045/2455 3355/3063/2454
f 3356/3045/2455 3354/3045/2456 3355/3063/2454
f 3356/3045/2455 3353/3042/2457 3354/3045/2456
f 3353/3042/2457 3352/3064/2458 3354/3045/2456
f 3352/3064/2458 3353/3042/2457 3351/3040/2459
f 3347/3065/2460 3352/3064/2458 3351/3040/2459
f 3351/3040/2459 3348/3038/2461 3347/3065/2460
f 3348/3038/2461 3349/3066/2462 3347/3065/2460
f 3348/3038/2461 3343/3036/2463 3349/3066/2462
f 3343/3036/2463 3342/3067/2464 3349/3066/2462
f 3342/3067/2464 3343/3036/2463 3278/3037/2425
f 3341/3068/2465 3342/3067/2464 3278/3037/2425
f 3005/3067/2466 3341/3068/2465 3251/3069/2467
f 3003/3070/2468 3005/3067/2466 3251/3069/2467
f 3004/3066/2469 3005/3067/2466 3003/3070/2468
f 3076/3071/2470 3004/3066/2469 3003/3070/2468
f 3004/3066/2469 3076/3071/2470 3075/3065/2471
f 3214/3072/2472 3003/3070/2468 3251/3069/2467
f 3003/3070/2468 3214/3072/2472 3076/3071/2470
f 3215/3073/2473 3214/3072/2472 3251/3069/2467
f 3258/3074/2474 3215/3073/2473 3251/3069/2467
f 3076/3071/2470 3077/3075/2475 3075/3065/2471
f 3350/3064/2476 3075/3065/2471 3077/3075/2475
f 3214/3072/2472 3022/3076/2477 3076/3071/2470
f 3077/3075/2475 3076/3071/2470 3022/3076/2477
f 3214/3072/2472 3215/3073/2473 3023/3077/2478
f 3022/3076/2477 3214/3072/2472 3023/3077/2478
f 3067/3078/2479 3215/3073/2473 3258/3074/2474
f 3068/3079/2480 3067/3078/2479 3258/3074/2474
f 3367/3080/2481 3068/3079/2480 3258/3074/2474
f 3067/3078/2479 3068/3079/2480 3066/3081/2482
f 3067/3078/2479 3096/3082/2483 3215/3073/2473
f 3096/3082/2483 3067/3078/2479 3066/3081/2482
f 3096/3082/2483 3023/3077/2478 3215/3073/2473
f 3096/3082/2483 3066/3081/2482 3029/3083/2484
f 3028/3084/2485 3096/3082/2483 3029/3083/2484
f 3096/3082/2483 3028/3084/2485 3023/3077/2478
f 3028/3084/2485 3029/3083/2484 3027/3085/2486
f 3028/3084/2485 3021/3086/2487 3023/3077/2478
f 3022/3076/2477 3023/3077/2478 3021/3086/2487
f 3110/3087/2488 3028/3084/2485 3027/3085/2486
f 3021/3086/2487 3028/3084/2485 3110/3087/2488
f 3027/3085/2486 3111/3088/2489 3110/3087/2488
f 3118/3089/2490 3022/3076/2477 3021/3086/2487
f 3118/3089/2490 3077/3075/2475 3022/3076/2477
f 3117/3090/2491 3021/3086/2487 3110/3087/2488
f 3118/3089/2490 3021/3086/2487 3117/3090/2491
f 3111/3088/2489 2982/3091/2492 3110/3087/2488
f 3110/3087/2488 2982/3091/2492 3117/3090/2491
f 3111/3088/2489 2983/3092/2493 2982/3091/2492
f 3311/3093/2494 3077/3075/2475 3118/3089/2490
f 3311/3093/2494 3350/3064/2476 3077/3075/2475
f 3281/3045/2495 3350/3064/2476 3311/3093/2494
f 3211/3094/2496 3311/3093/2494 3118/3089/2490
f 3211/3094/2496 3118/3089/2490 3117/3090/2491
f 3279/3095/2497 3281/3045/2495 3311/3093/2494
f 3279/3095/2497 3311/3093/2494 3211/3094/2496
f 3280/3063/2498 3281/3045/2495 3279/3095/2497
f 3211/3094/2496 3117/3090/2491 3114/3096/2499
f 2982/3091/2492 3114/3096/2499 3117/3090/2491
f 3113/3097/2500 3279/3095/2497 3211/3094/2496
f 3113/3097/2500 3211/3094/2496 3114/3096/2499
f 3246/3098/2501 3280/3063/2498 3279/3095/2497
f 3246/3098/2501 3279/3095/2497 3113/3097/2500
f 3280/3063/2498 3246/3098/2501 3245/3099/2502
f 3345/3062/2452 3280/3063/2498 3245/3099/2502
f 3247/3100/2503 3246/3098/2501 3113/3097/2500
f 3246/3098/2501 3247/3100/2503 3245/3099/2502
f 3247/3100/2503 3113/3097/2500 3112/3101/2504
f 3245/3099/2502 3247/3100/2503 3112/3101/2504
f 3113/3097/2500 3114/3096/2499 3112/3101/2504
f 3257/3102/2505 3245/3099/2502 3112/3101/2504
f 2984/3103/2506 3112/3101/2504 3114/3096/2499
f 2982/3091/2492 2984/3103/2506 3114/3096/2499
f 3112/3101/2504 2984/3103/2506 3257/3102/2505
f 2983/3092/2493 2984/3103/2506 2982/3091/2492
f 3257/3102/2505 2984/3103/2506 2983/3092/2493
f 3372/3104/2507 3257/3102/2505 2983/3092/2493
f 3372/3104/2507 3303/3092/2508 3302/3105/2509
f 3282/3106/2510 3372/3104/2507 3302/3105/2509
f 3302/3105/2509 3303/3092/2508 3301/3088/2511
f 3158/3107/2512 3302/3105/2509 3301/3088/2511
f 3301/3088/2511 3159/3085/2513 3158/3107/2512
f 3159/3085/2513 3160/3108/2514 3158/3107/2512
f 3159/3085/2513 3363/3083/2515 3160/3108/2514
f 3363/3083/2515 3305/3109/2516 3160/3108/2514
f 3363/3083/2515 3306/3081/2517 3305/3109/2516
f 3306/3081/2517 3123/3110/2518 3305/3109/2516
f 3306/3081/2517 3124/3079/2519 3123/3110/2518
f 3124/3079/2519 3125/3079/2520 3123/3110/2518
f 3125/3079/2520 3124/3079/2519 3367/3080/2481
f 3284/3080/2521 3125/3079/2520 3367/3080/2481
f 3283/3079/2522 3284/3080/2521 3253/3111/2523
f 2992/3112/2524 3283/3079/2522 3253/3111/2523
f 3283/3079/2522 2992/3112/2524 2991/3110/2525
f 2992/3112/2524 2993/3113/2526 2991/3110/2525
f 2991/3110/2525 2993/3113/2526 3093/3109/2527
f 3253/3111/2523 3147/3114/2528 2992/3112/2524
f 2992/3112/2524 3147/3114/2528 2993/3113/2526
f 3266/3115/2529 3147/3114/2528 3253/3111/2523
f 3012/3116/2530 3266/3115/2529 3253/3111/2523
f 2993/3113/2526 3094/3117/2531 3093/3109/2527
f 3093/3109/2527 3094/3117/2531 3179/3108/2532
f 3147/3114/2528 3149/3118/2533 2993/3113/2526
f 3094/3117/2531 2993/3113/2526 3149/3118/2533
f 3266/3115/2529 3148/3119/2534 3147/3114/2528
f 3148/3119/2534 3149/3118/2533 3147/3114/2528
f 3266/3115/2529 3012/3116/2530 3014/3120/2535
f 3013/3121/2536 3014/3120/2535 3012/3116/2530
f 2994/3122/2537 3013/3121/2536 3012/3116/2530
f 3013/3121/2536 3035/3123/2538 3014/3120/2535
f 3014/3120/2535 3034/3124/2539 3266/3115/2529
f 3035/3123/2538 3034/3124/2539 3014/3120/2535
f 3034/3124/2539 3148/3119/2534 3266/3115/2529
f 3034/3124/2539 3035/3123/2538 3033/3125/2540
f 3289/3126/2541 3034/3124/2539 3033/3125/2540
f 3034/3124/2539 3289/3126/2541 3148/3119/2534
f 3289/3126/2541 3033/3125/2540 3288/3127/2542
f 3289/3126/2541 3173/3128/2543 3148/3119/2534
f 3149/3118/2533 3148/3119/2534 3173/3128/2543
f 3187/3129/2544 3289/3126/2541 3288/3127/2542
f 3173/3128/2543 3289/3126/2541 3187/3129/2544
f 3288/3127/2542 3188/3130/2545 3187/3129/2544
f 3172/3131/2546 3149/3118/2533 3173/3128/2543
f 3172/3131/2546 3094/3117/2531 3149/3118/2533
f 3171/3132/2547 3173/3128/2543 3187/3129/2544
f 3172/3131/2546 3173/3128/2543 3171/3132/2547
f 3188/3130/2545 3189/3133/2548 3187/3129/2544
f 3187/3129/2544 3189/3133/2548 3171/3132/2547
f 3188/3130/2545 3207/3134/2549 3189/3133/2548
f 3180/3135/2550 3094/3117/2531 3172/3131/2546
f 3094/3117/2531 3180/3135/2550 3179/3108/2532
f 3179/3108/2532 3180/3135/2550 3202/3107/2551
f 3204/3136/2552 3180/3135/2550 3172/3131/2546
f 3204/3136/2552 3172/3131/2546 3171/3132/2547
f 3180/3135/2550 3001/3137/2553 3202/3107/2551
f 3001/3137/2553 3180/3135/2550 3204/3136/2552
f 3202/3107/2551 3001/3137/2553 3000/3105/2554
f 3171/3132/2547 3205/3138/2555 3204/3136/2552
f 3189/3133/2548 3205/3138/2555 3171/3132/2547
f 3104/3139/2556 3001/3137/2553 3204/3136/2552
f 3205/3138/2555 3104/3139/2556 3204/3136/2552
f 3001/3137/2553 3002/3140/2557 3000/3105/2554
f 3001/3137/2553 3104/3139/2556 3002/3140/2557
f 3002/3140/2557 3252/3141/2558 3000/3105/2554
f 3252/3141/2558 3282/3106/2510 3000/3105/2554
f 3104/3139/2556 3106/3142/2559 3002/3140/2557
f 3106/3142/2559 3252/3141/2558 3002/3140/2557
f 3105/3143/2560 3106/3142/2559 3104/3139/2556
f 3252/3141/2558 3106/3142/2559 3105/3143/2560
f 3205/3138/2555 3105/3143/2560 3104/3139/2556
f 3265/3144/2561 3252/3141/2558 3105/3143/2560
f 3208/3145/2562 3105/3143/2560 3205/3138/2555
f 3189/3133/2548 3208/3145/2562 3205/3138/2555
f 3265/3144/2561 3105/3143/2560 3208/3145/2562
f 3207/3134/2549 3208/3145/2562 3189/3133/2548
f 3208/3145/2562 3207/3134/2549 3265/3144/2561
f 3207/3134/2549 3276/3146/2563 3265/3144/2561
f 3020/3147/2564 3276/3146/2563 3386/3148/2565
f 3276/3146/2563 3390/3134/2566 3386/3148/2565
f 3390/3134/2566 3387/3130/2567 3386/3148/2565
f 3387/3130/2567 3128/3130/2568 3386/3148/2565
f 3387/3130/2567 3129/3127/2569 3128/3130/2568
f 3129/3127/2569 3130/3149/2570 3128/3130/2568
f 3129/3127/2569 3286/3125/2571 3130/3149/2570
f 3286/3125/2571 3287/3150/2572 3130/3149/2570
f 3286/3125/2571 3290/3123/2573 3287/3150/2572
f 3290/3123/2573 3140/3123/2574 3287/3150/2572
f 3290/3123/2573 2996/3121/2575 3140/3123/2574
f 2996/3121/2575 2995/3151/2576 3140/3123/2574
f 2995/3151/2576 2996/3121/2575 2994/3122/2537
f 4487/3152/2577 2995/3151/2576 2994/3122/2537
f 4487/3152/2577 3254/3153/2578 2999/3151/2579
f 3254/3153/2578 2997/3154/2580 2999/3151/2579
f 2998/3123/2581 2999/3151/2579 2997/3154/2580
f 3043/3155/2582 2998/3123/2581 2997/3154/2580
f 2998/3123/2581 3043/3155/2582 3042/3150/2583
f 3060/3156/2584 2997/3154/2580 3254/3153/2578
f 2997/3154/2580 3060/3156/2584 3043/3155/2582
f 3037/3157/2585 3060/3156/2584 3254/3153/2578
f 3319/3158/2586 3037/3157/2585 3254/3153/2578
f 3043/3155/2582 3044/3159/2587 3042/3150/2583
f 3095/3149/2588 3042/3150/2583 3044/3159/2587
f 3060/3156/2584 3213/3160/2589 3043/3155/2582
f 3044/3159/2587 3043/3155/2582 3213/3160/2589
f 3060/3156/2584 3037/3157/2585 3059/3161/2590
f 3213/3160/2589 3060/3156/2584 3059/3161/2590
f 3038/3162/2591 3037/3157/2585 3319/3158/2586
f 3317/3163/2592 3038/3162/2591 3319/3158/2586
f 3059/3161/2590 3037/3157/2585 3036/3164/2593
f 3037/3157/2585 3038/3162/2591 3036/3164/2593
f 3174/3165/2594 3038/3162/2591 3317/3163/2592
f 3318/3166/2595 3174/3165/2594 3317/3163/2592
f 3175/3167/2596 3036/3164/2593 3038/3162/2591
f 3174/3165/2594 3175/3167/2596 3038/3162/2591
f 3181/3168/2597 3174/3165/2594 3318/3166/2595
f 3340/3169/2598 3181/3168/2597 3318/3166/2595
f 3086/3170/2599 3175/3167/2596 3174/3165/2594
f 3181/3168/2597 3086/3170/2599 3174/3165/2594
f 3231/3171/2600 3181/3168/2597 3340/3169/2598
f 3335/3172/2601 3231/3171/2600 3340/3169/2598
f 3087/3173/2602 3086/3170/2599 3181/3168/2597
f 3231/3171/2600 3087/3173/2602 3181/3168/2597
f 3232/3174/2603 3231/3171/2600 3335/3172/2601
f 3334/3175/2604 3232/3174/2603 3335/3172/2601
f 3236/3176/2605 3232/3174/2603 3334/3175/2604
f 4491/3177/2606 3236/3176/2605 3334/3175/2604
f 3232/3174/2603 3236/3176/2605 3235/3178/2607
f 3231/3171/2600 3232/3174/2603 3230/3179/2608
f 3230/3179/2608 3232/3174/2603 3235/3178/2607
f 3087/3173/2602 3231/3171/2600 3230/3179/2608
f 3230/3179/2608 3235/3178/2607 3240/3180/2609
f 3239/3181/2610 3230/3179/2608 3240/3180/2609
f 3087/3173/2602 3230/3179/2608 3239/3181/2610
f 3239/3181/2610 3240/3180/2609 3238/3182/2611
f 3085/3183/2612 3087/3173/2602 3239/3181/2610
f 3086/3170/2599 3087/3173/2602 3085/3183/2612
f 3237/3184/2613 3239/3181/2610 3238/3182/2611
f 3085/3183/2612 3239/3181/2610 3237/3184/2613
f 3237/3184/2613 3238/3182/2611 3233/3185/2614
f 3186/3186/2615 3086/3170/2599 3085/3183/2612
f 3175/3167/2596 3086/3170/2599 3186/3186/2615
f 3216/3187/2616 3085/3183/2612 3237/3184/2613
f 3085/3183/2612 3216/3187/2616 3186/3186/2615
f 3228/3188/2617 3237/3184/2613 3233/3185/2614
f 3216/3187/2616 3237/3184/2613 3228/3188/2617
f 3228/3188/2617 3233/3185/2614 3229/3189/2618
f 3233/3185/2614 3234/3190/2619 3229/3189/2618
f 3229/3189/2618 3234/3190/2619 3337/3191/2620
f 3336/3192/2621 3229/3189/2618 3337/3191/2620
f 3070/3193/2622 3229/3189/2618 3336/3192/2621
f 3228/3188/2617 3229/3189/2618 3070/3193/2622
f 3338/3194/2623 3070/3193/2622 3336/3192/2621
f 3217/3195/2624 3216/3187/2616 3228/3188/2617
f 3217/3195/2624 3228/3188/2617 3070/3193/2622
f 3216/3187/2616 3217/3195/2624 3183/3196/2625
f 3216/3187/2616 3183/3196/2625 3186/3186/2615
f 3217/3195/2624 3070/3193/2622 3069/3197/2626
f 3217/3195/2624 3069/3197/2626 3183/3196/2625
f 3071/3198/2627 3070/3193/2622 3338/3194/2623
f 3070/3193/2622 3071/3198/2627 3069/3197/2626
f 3315/3199/2628 3071/3198/2627 3338/3194/2623
f 3186/3186/2615 3183/3196/2625 3182/3200/2629
f 3182/3200/2629 3175/3167/2596 3186/3186/2615
f 3036/3164/2593 3175/3167/2596 3182/3200/2629
f 3183/3196/2625 3184/3201/2630 3182/3200/2629
f 3183/3196/2625 3069/3197/2626 3184/3201/2630
f 3185/3202/2631 3036/3164/2593 3182/3200/2629
f 3182/3200/2629 3184/3201/2630 3185/3202/2631
f 3059/3161/2590 3036/3164/2593 3185/3202/2631
f 3069/3197/2626 3098/3203/2632 3184/3201/2630
f 3098/3203/2632 3069/3197/2626 3071/3198/2627
f 3184/3201/2630 3079/3204/2633 3185/3202/2631
f 3184/3201/2630 3098/3203/2632 3079/3204/2633
f 3078/3205/2634 3059/3161/2590 3185/3202/2631
f 3185/3202/2631 3079/3204/2633 3078/3205/2634
f 3213/3160/2589 3059/3161/2590 3078/3205/2634
f 3097/3206/2635 3071/3198/2627 3315/3199/2628
f 3097/3206/2635 3098/3203/2632 3071/3198/2627
f 3316/3207/2636 3097/3206/2635 3315/3199/2628
f 3098/3203/2632 2980/3208/2637 3079/3204/2633
f 2980/3208/2637 3098/3203/2632 3097/3206/2635
f 3241/3209/2638 3097/3206/2635 3316/3207/2636
f 3241/3209/2638 2980/3208/2637 3097/3206/2635
f 3320/3210/2639 3241/3209/2638 3316/3207/2636
f 3079/3204/2633 2980/3208/2637 2979/3211/2640
f 3079/3204/2633 2979/3211/2640 3078/3205/2634
f 2981/3212/2641 2980/3208/2637 3241/3209/2638
f 2980/3208/2637 2981/3212/2641 2979/3211/2640
f 3155/3213/2642 3241/3209/2638 3320/3210/2639
f 3155/3213/2642 2981/3212/2641 3241/3209/2638
f 3310/3214/2643 3155/3213/2642 3320/3210/2639
f 3103/3215/2644 3078/3205/2634 2979/3211/2640
f 3103/3215/2644 3213/3160/2589 3078/3205/2634
f 3103/3215/2644 3044/3159/2587 3213/3160/2589
f 3099/3216/2645 3103/3215/2644 2979/3211/2640
f 3099/3216/2645 2979/3211/2640 2981/3212/2641
f 3291/3217/2646 3044/3159/2587 3103/3215/2644
f 3099/3216/2645 3291/3217/2646 3103/3215/2644
f 3291/3217/2646 3095/3149/2588 3044/3159/2587
f 3292/3130/2647 3095/3149/2588 3291/3217/2646
f 3293/3218/2648 3292/3130/2647 3291/3217/2646
f 3293/3218/2648 3291/3217/2646 3099/3216/2645
f 3018/3148/2649 3292/3130/2647 3293/3218/2648
f 3156/3219/2650 3099/3216/2645 2981/3212/2641
f 3156/3219/2650 3293/3218/2648 3099/3216/2645
f 3156/3219/2650 2981/3212/2641 3155/3213/2642
f 3255/3220/2651 3018/3148/2649 3293/3218/2648
f 3293/3218/2648 3156/3219/2650 3255/3220/2651
f 3255/3220/2651 3019/3221/2652 3018/3148/2649
f 3019/3221/2652 3020/3147/2564 3018/3148/2649
f 3156/3219/2650 3256/3222/2653 3255/3220/2651
f 3256/3222/2653 3156/3219/2650 3155/3213/2642
f 3255/3220/2651 3256/3222/2653 3019/3221/2652
f 3155/3213/2642 3310/3214/2643 3256/3222/2653
f 3310/3214/2643 3019/3221/2652 3256/3222/2653
f 2960/3223/367 2961/3224/2654 2959/3225/2655
f 4486/3226/2656 2960/3223/367 2959/3225/2655
f 2962/3227/367 2961/3224/2654 2960/3223/367
f 4486/3226/2656 2959/3225/2655 3331/3228/2657
f 2959/3225/2655 3332/3229/2658 3331/3228/2657
f 3332/3229/2658 2959/3225/2655 3326/3230/2659
f 2962/3227/367 2963/3231/367 2961/3224/2654
f 2963/3231/367 3218/3232/367 2961/3224/2654
f 3333/3233/2660 2961/3224/2654 3218/3232/367
f 2959/3225/2655 3227/3234/2661 3326/3230/2659
f 2959/3225/2655 2961/3224/2654 3227/3234/2661
f 3326/3230/2659 3227/3234/2661 3327/3235/2662
f 3330/3236/2663 2961/3224/2654 3333/3233/2660
f 4490/3237/2664 3330/3236/2663 3333/3233/2660
f 2961/3224/2654 3330/3236/2663 3329/3238/2665
f 3226/3239/2666 2961/3224/2654 3329/3238/2665
f 2961/3224/2654 3226/3239/2666 3227/3234/2661
f 3226/3239/2666 3329/3238/2665 3328/3240/2667
f 3227/3234/2661 3225/3241/2668 3327/3235/2662
f 3227/3234/2661 3226/3239/2666 3225/3241/2668
f 3225/3241/2668 3176/3242/2669 3327/3235/2662
f 3176/3242/2669 3325/3243/2670 3327/3235/2662
f 3226/3239/2666 3177/3244/2671 3225/3241/2668
f 3225/3241/2668 3177/3244/2671 3176/3242/2669
f 3177/3244/2671 3226/3239/2666 3328/3240/2667
f 3177/3244/2671 3178/3245/2672 3176/3242/2669
f 3178/3245/2672 3177/3244/2671 3328/3240/2667
f 4489/3246/2673 3178/3245/2672 3328/3240/2667
f 3324/3247/2674 3325/3243/2670 3109/3242/2675
f 3108/3248/2676 3324/3247/2674 3109/3242/2675
f 3108/3248/2676 3109/3242/2675 3107/3245/2677
f 3323/3249/2678 3108/3248/2676 3107/3245/2677
f 4489/3246/2673 3322/3250/2679 3107/3245/2677
f 3322/3250/2679 3323/3249/2678 3107/3245/2677
f 3224/3251/2680 3339/3252/2681 3324/3247/2674
f 3222/3248/2682 3224/3251/2680 3324/3247/2674
f 3223/3253/1087 3224/3251/2680 3222/3248/2682
f 3190/3249/2683 3223/3253/1087 3222/3248/2682
f 3192/3254/1087 3223/3253/1087 3190/3249/2683
f 3191/3255/1087 3192/3254/1087 3190/3249/2683
f 3191/3255/1087 3190/3249/2683 3220/3256/1087
f 3190/3249/2683 3221/3257/2684 3220/3256/1087
f 3221/3257/2684 3190/3249/2683 3322/3250/2679
f 4492/3258/2685 3221/3257/2684 3322/3250/2679
f 2968/3259/2686 2969/3260/2687 2967/3261/2688
f 2967/3261/2688 2969/3260/2687 3249/3262/2689
f 2969/3260/2687 3304/3263/2690 3249/3262/2689
f 3132/3264/2691 2968/3259/2686 2967/3261/2688
f 2968/3259/2686 3132/3264/2691 3131/3265/2692
f 3249/3262/2689 3144/3266/2693 2967/3261/2688
f 2967/3261/2688 3144/3266/2693 3132/3264/2691
f 3272/3267/2694 3144/3266/2693 3249/3262/2689
f 3273/3268/2695 3272/3267/2694 3249/3262/2689
f 3132/3264/2691 3133/3269/2696 3131/3265/2692
f 3407/3270/2697 3131/3265/2692 3133/3269/2696
f 3144/3266/2693 3146/3271/2698 3132/3264/2691
f 3133/3269/2696 3132/3264/2691 3146/3271/2698
f 3272/3267/2694 3145/3272/2699 3144/3266/2693
f 3145/3272/2699 3146/3271/2698 3144/3266/2693
f 3272/3267/2694 3273/3268/2695 3271/3273/2700
f 3271/3273/2700 3273/3268/2695 3377/3274/2701
f 3273/3268/2695 3374/3275/2702 3377/3274/2701
f 3377/3274/2701 3047/3276/2703 3271/3273/2700
f 3116/2996/2372 3375/2995/2704 3374/3275/2702
f 3375/2995/2704 3376/3274/2705 3374/3275/2702
f 3376/3274/2705 3375/2995/2704 3383/2997/2706
f 3382/3276/2707 3376/3274/2705 3383/2997/2706
f 3382/3276/2707 3383/2997/2706 3381/2999/2708
f 3385/3277/2709 3382/3276/2707 3381/2999/2708
f 3385/3277/2709 3381/2999/2708 3384/3002/2710
f 3389/3002/2711 3385/3277/2709 3384/3002/2710
f 3389/3002/2711 3384/3002/2710 3388/3004/2712
f 3391/3278/2713 3389/3002/2711 3388/3004/2712
f 3388/3004/2712 3378/3007/2714 3391/3278/2713
f 3378/3007/2714 3380/3007/2715 3391/3278/2713
f 3379/3012/2716 3380/3007/2715 3378/3007/2714
f 3275/3012/2388 3379/3012/2716 3378/3007/2714
f 3379/3012/2716 3270/3279/2717 2977/3007/2718
f 3270/3279/2717 2978/3280/2719 2977/3007/2718
f 3270/3279/2717 3168/3281/2720 2978/3280/2719
f 2977/3007/2718 2978/3280/2719 2976/3282/2721
f 3193/3278/2722 2977/3007/2718 2976/3282/2721
f 2976/3282/2721 2978/3280/2719 3170/3283/2723
f 2978/3280/2719 3168/3281/2720 3170/3283/2723
f 3270/3279/2717 3054/3284/2724 3168/3281/2720
f 3054/3284/2724 3248/3285/2725 3168/3281/2720
f 2976/3282/2721 3194/3286/2726 3193/3278/2722
f 3194/3286/2726 3195/3002/2727 3193/3278/2722
f 2976/3282/2721 3170/3283/2723 3048/3287/2728
f 3194/3286/2726 2976/3282/2721 3048/3287/2728
f 3169/3288/2729 3170/3283/2723 3168/3281/2720
f 3248/3285/2725 3169/3288/2729 3168/3281/2720
f 3242/3289/2730 3048/3287/2728 3170/3283/2723
f 3169/3288/2729 3242/3289/2730 3170/3283/2723
f 3194/3286/2726 3313/3290/2731 3195/3002/2727
f 3313/3290/2731 3045/3277/2732 3195/3002/2727
f 3194/3286/2726 3048/3287/2728 3050/3291/2733
f 3313/3290/2731 3194/3286/2726 3050/3291/2733
f 3242/3289/2730 3049/3292/2734 3048/3287/2728
f 3049/3292/2734 3050/3291/2733 3048/3287/2728
f 3313/3290/2731 3050/3291/2733 3145/3272/2699
f 3049/3292/2734 3146/3271/2698 3050/3291/2733
f 3146/3271/2698 3145/3272/2699 3050/3291/2733
f 3049/3292/2734 3133/3269/2696 3146/3271/2698
f 3046/3293/2735 3313/3290/2731 3145/3272/2699
f 3313/3290/2731 3046/3293/2735 3045/3277/2732
f 3046/3293/2735 3145/3272/2699 3272/3267/2694
f 3046/3293/2735 3047/3276/2703 3045/3277/2732
f 3271/3273/2700 3046/3293/2735 3272/3267/2694
f 3047/3276/2703 3046/3293/2735 3271/3273/2700
f 3314/3294/2736 3133/3269/2696 3049/3292/2734
f 3242/3289/2730 3314/3294/2736 3049/3292/2734
f 3314/3294/2736 3407/3270/2697 3133/3269/2696
f 3407/3270/2697 3314/3294/2736 3400/3295/2737
f 3016/3296/2738 3314/3294/2736 3242/3289/2730
f 3314/3294/2736 3016/3296/2738 3400/3295/2737
f 3169/3288/2729 3016/3296/2738 3242/3289/2730
f 3400/3295/2737 3016/3296/2738 3015/3297/2739
f 3016/3296/2738 3169/3288/2729 3017/3298/2740
f 3016/3296/2738 3017/3298/2740 3015/3297/2739
f 3169/3288/2729 3248/3285/2725 3017/3298/2740
f 3248/3285/2725 3054/3284/2724 3017/3298/2740
f 3017/3298/2740 3054/3284/2724 3015/3297/2739
f 3054/3284/2724 3055/3299/2741 3015/3297/2739
f 3055/3299/2741 3395/3300/2742 3394/3297/2743
f 3395/3300/2742 3396/3301/2744 3394/3297/2743
f 3394/3297/2743 3396/3301/2744 3405/3295/2745
f 3404/3295/2746 3394/3297/2743 3405/3295/2745
f 3405/3295/2745 3403/3302/2747 3404/3295/2746
f 3403/3302/2747 3402/3270/2748 3404/3295/2746
f 3402/3270/2748 3403/3302/2747 3401/3303/2749
f 3397/3265/2750 3402/3270/2748 3401/3303/2749
f 3401/3303/2749 3398/3259/2751 3397/3265/2750
f 3398/3259/2751 3399/3259/2752 3397/3265/2750
f 3398/3259/2751 3393/3304/2753 3399/3259/2752
f 3393/3304/2753 3392/3260/2754 3399/3259/2752
f 3392/3260/2754 3393/3304/2753 3307/3305/2755
f 3304/3263/2690 3392/3260/2754 3307/3305/2755
f 3264/3306/2756 3307/3305/2755 2990/3304/2757
f 2989/3307/2758 3264/3306/2756 2990/3304/2757
f 2989/3307/2758 2990/3304/2757 2988/3259/2759
f 3119/3308/2760 3264/3306/2756 2989/3307/2758
f 3210/3309/2761 2989/3307/2758 2988/3259/2759
f 2989/3307/2758 3210/3309/2761 3119/3308/2760
f 3210/3309/2761 2988/3259/2759 3041/3303/2762
f 3264/3306/2756 3119/3308/2760 3309/3310/2763
f 3040/3311/2764 3210/3309/2761 3041/3303/2762
f 3040/3311/2764 3041/3303/2762 3039/3302/2765
f 3210/3309/2761 3062/3312/2766 3119/3308/2760
f 3210/3309/2761 3040/3311/2764 3062/3312/2766
f 3119/3308/2760 2971/3313/2767 3309/3310/2763
f 2971/3313/2767 3119/3308/2760 3062/3312/2766
f 2971/3313/2767 3089/3314/2768 3309/3310/2763
f 3089/3314/2768 3295/3315/2769 3309/3310/2763
f 3295/3315/2769 3089/3314/2768 3294/3316/2770
f 4488/3317/2771 3295/3315/2769 3294/3316/2770
f 3294/3316/2770 3089/3314/2768 3088/3318/2772
f 3089/3314/2768 2970/3319/2773 3088/3318/2772
f 3089/3314/2768 2971/3313/2767 2970/3319/2773
f 3088/3318/2772 2970/3319/2773 3212/3320/2774
f 2972/3321/2775 2971/3313/2767 3062/3312/2766
f 2971/3313/2767 2972/3321/2775 2970/3319/2773
f 2970/3319/2773 3162/3322/2776 3212/3320/2774
f 2970/3319/2773 2972/3321/2775 3162/3322/2776
f 3212/3320/2774 3162/3322/2776 3164/3323/2777
f 2972/3321/2775 3062/3312/2766 3061/3324/2778
f 3040/3311/2764 3061/3324/2778 3062/3312/2766
f 2972/3321/2775 3120/3325/2779 3162/3322/2776
f 3120/3325/2779 2972/3321/2775 3061/3324/2778
f 3162/3322/2776 3161/3326/2780 3164/3323/2777
f 3161/3326/2780 3162/3322/2776 3120/3325/2779
f 3164/3323/2777 3161/3326/2780 3163/3327/2781
f 3040/3311/2764 3063/3328/2782 3061/3324/2778
f 3063/3328/2782 3040/3311/2764 3039/3302/2765
f 3039/3302/2765 3064/3295/2783 3063/3328/2782
f 3063/3328/2782 3121/3329/2784 3061/3324/2778
f 3061/3324/2778 3121/3329/2784 3120/3325/2779
f 3064/3295/2783 3065/3330/2785 3063/3328/2782
f 3063/3328/2782 3065/3330/2785 3121/3329/2784
f 3064/3295/2783 3285/3301/2786 3065/3330/2785
f 3122/3331/2787 3161/3326/2780 3120/3325/2779
f 3121/3329/2784 3122/3331/2787 3120/3325/2779
f 3161/3326/2780 3157/3332/2788 3163/3327/2781
f 3161/3326/2780 3122/3331/2787 3157/3332/2788
f 3163/3327/2781 3157/3332/2788 3219/3333/2789
f 3122/3331/2787 3121/3329/2784 3203/3334/2790
f 3065/3330/2785 3203/3334/2790 3121/3329/2784
f 3122/3331/2787 3138/3335/2791 3157/3332/2788
f 3138/3335/2791 3122/3331/2787 3203/3334/2790
f 3157/3332/2788 3137/3336/2792 3219/3333/2789
f 3157/3332/2788 3138/3335/2791 3137/3336/2792
f 3137/3336/2792 3297/3337/2793 3219/3333/2789
f 3297/3337/2793 3298/3338/2794 3219/3333/2789
f 3297/3337/2793 3137/3336/2792 3139/3339/2795
f 3138/3335/2791 3139/3339/2795 3137/3336/2792
f 3308/3340/2796 3297/3337/2793 3139/3339/2795
f 3154/3341/2797 3139/3339/2795 3138/3335/2791
f 3308/3340/2796 3139/3339/2795 3154/3341/2797
f 3203/3334/2790 3154/3341/2797 3138/3335/2791
f 3263/3342/2798 3308/3340/2796 3154/3341/2797
f 3262/3343/2799 3154/3341/2797 3203/3334/2790
f 3065/3330/2785 3262/3343/2799 3203/3334/2790
f 3263/3342/2798 3154/3341/2797 3262/3343/2799
f 3285/3301/2786 3262/3343/2799 3065/3330/2785
f 3263/3342/2798 3262/3343/2799 3285/3301/2786
f 3395/3300/2742 3263/3342/2798 3285/3301/2786
f 3007/3344/708 3008/3345/708 3006/3346/708
f 4493/3347/708 3008/3345/708 3423/3348/708
f 3008/3345/708 3424/3349/708 3423/3348/708
f 3424/3349/708 3008/3345/708 3007/3344/708
f 3451/3350/708 3007/3344/708 3006/3346/708
f 3478/3351/708 3451/3350/708 3006/3346/708
f 3479/3352/708 3451/3350/708 3478/3351/708
f 3477/3353/708 3007/3344/708 3451/3350/708
f 3409/3354/708 3424/3349/708 3007/3344/708
f 3007/3344/708 3477/3353/708 3462/3355/708
f 3477/3353/708 3475/3356/708 3462/3355/708
f 3475/3356/708 3476/3357/708 3462/3355/708
f 3007/3344/708 3462/3355/708 3458/3358/708
f 3456/3359/708 3458/3358/708 3462/3355/708
f 3409/3354/708 3430/3360/708 3424/3349/708
f 3457/3361/708 3458/3358/708 3456/3359/708
f 3457/3361/708 3456/3359/708 3465/3362/708
f 4494/3363/708 3457/3361/708 3465/3362/708
f 3459/3364/2800 3458/3358/708 3457/3361/708
f 3458/3358/708 3459/3364/2800 3464/3365/708
f 3464/3365/708 3459/3364/2800 3463/3366/2801
f 3463/3366/2801 3459/3364/2800 3454/3366/2802
f 3459/3364/2800 3452/3367/2803 3454/3366/2802
f 3453/3368/2804 3454/3366/2802 3452/3367/2803
f 3455/3369/2805 3454/3366/2802 3453/3368/2804
f 3431/3370/708 3432/3371/708 3430/3360/708
f 3474/3372/708 3431/3370/708 3430/3360/708
f 3430/3360/708 3409/3354/708 3474/3372/708
f 3474/3372/708 3409/3354/708 3466/3373/708
f 3466/3373/708 3409/3354/708 3408/3374/708
f 3409/3354/708 3410/3375/708 3408/3374/708
f 3408/3374/708 3410/3375/708 3469/3376/708
f 3468/3377/708 3469/3376/708 3410/3375/708
f 3408/3374/708 3467/3378/708 3466/3373/708
f 3470/3379/708 3466/3373/708 3467/3378/708
f 3471/3380/708 3466/3373/708 3470/3379/708
f 3472/3381/708 3466/3373/708 3471/3380/708
f 3412/3382/2806 3413/3383/2807 3411/3384/2808
f 3434/3385/175 3412/3382/2806 3411/3384/2808
f 3435/3386/175 3434/3385/175 3411/3384/2808
f 3434/3385/175 3435/3386/175 3433/3387/175
f 3411/3384/2808 3413/3383/2807 3437/3388/2809
f 3437/3388/2809 3413/3383/2807 3436/3389/2810
f 3436/3389/2810 3413/3383/2807 3439/3390/2811
f 3439/3390/2811 3413/3383/2807 3438/3391/2812
f 3427/3392/2813 3413/3383/2807 3412/3382/2806
f 3412/3382/2806 3428/3393/2814 3427/3392/2813
f 3428/3393/2814 3429/3394/2815 3427/3392/2813
f 3473/3395/2816 3427/3392/2813 3429/3394/2815
f 4495/3396/175 3473/3395/2816 3429/3394/2815
f 3428/3393/2814 3445/3397/175 3429/3394/2815
f 3428/3393/2814 3448/3398/175 3445/3397/175
f 3445/3397/175 3448/3398/175 3460/3399/175
f 3448/3398/175 3461/3400/175 3460/3399/175
f 3448/3398/175 3428/3393/2814 3444/3401/175
f 3441/3402/175 3444/3401/175 3428/3393/2814
f 3444/3401/175 3441/3402/175 3446/3403/175
f 3441/3402/175 3447/3404/175 3446/3403/175
f 3440/3405/175 3441/3402/175 3428/3393/2814
f 3440/3405/175 3428/3393/2814 3418/3406/175
f 3440/3405/175 3418/3406/175 3442/3407/175
f 3418/3406/175 3443/3408/175 3442/3407/175
f 3428/3393/2814 3416/3409/175 3418/3406/175
f 3416/3409/175 3415/3410/175 3418/3406/175
f 3415/3410/175 3416/3409/175 3414/3411/175
f 3417/3412/175 3414/3411/175 3416/3409/175
f 3426/3413/175 3415/3410/175 3414/3411/175
f 3415/3410/175 3426/3413/175 3449/3414/175
f 3426/3413/175 3450/3415/175 3449/3414/175
f 3420/3416/175 3426/3413/175 3414/3411/175
f 3419/3417/175 3420/3416/175 3414/3411/175
f 3420/3416/175 3419/3417/175 3425/3418/175
f 3419/3417/175 3422/3419/175 3425/3418/175
f 3421/3420/175 3422/3419/175 3419/3417/175
f 3481/3421/2817 3482/3422/2818 3480/3423/2819
f 3482/3422/2818 3483/3424/2820 3480/3423/2819
f 3532/3425/2821 3482/3422/2818 3481/3421/2817
f 3482/3422/2818 3532/3425/2821 3483/3424/2820
f 3532/3425/2821 3536/3426/2822 3483/3424/2820
f 3516/3427/2823 3532/3425/2821 3481/3421/2817
f 3532/3425/2821 3531/3428/2824 3536/3426/2822
f 3531/3428/2824 3532/3425/2821 3516/3427/2823
f 3536/3426/2822 3531/3428/2824 3540/3429/2825
f 3536/3426/2822 3540/3429/2825 3483/3424/2820
f 3483/3424/2820 3484/3430/2826 3480/3423/2819
f 3484/3430/2826 3483/3424/2820 3485/3431/2827
f 3480/3423/2819 3484/3430/2826 3552/3432/2828
f 3484/3430/2826 3485/3431/2827 3552/3432/2828
f 3551/3433/2829 3480/3423/2819 3552/3432/2828
f 3485/3431/2827 3553/3434/2830 3552/3432/2828
f 3480/3423/2819 3551/3433/2829 3550/3435/2831
f 3553/3434/2830 3485/3431/2827 3554/3436/2832
f 3510/3437/2833 3480/3423/2819 3550/3435/2831
f 3510/3437/2833 3481/3421/2817 3480/3423/2819
f 3510/3437/2833 3550/3435/2831 3549/3438/2834
f 3511/3439/2835 3481/3421/2817 3510/3437/2833
f 3515/3440/2836 3510/3437/2833 3549/3438/2834
f 3515/3440/2836 3511/3439/2835 3510/3437/2833
f 3515/3440/2836 3549/3438/2834 3565/3441/2837
f 3516/3427/2823 3481/3421/2817 3511/3439/2835
f 3508/3442/2838 3515/3440/2836 3565/3441/2837
f 3511/3439/2835 3515/3440/2836 3508/3442/2838
f 3506/3443/2839 3508/3442/2838 3565/3441/2837
f 3564/3444/2840 3506/3443/2839 3565/3441/2837
f 3509/3445/2841 3511/3439/2835 3508/3442/2838
f 3506/3443/2839 3507/3446/2842 3508/3442/2838
f 3507/3446/2842 3509/3445/2841 3508/3442/2838
f 3505/3447/2843 3506/3443/2839 3564/3444/2840
f 3563/3448/2844 3505/3447/2843 3564/3444/2840
f 3505/3447/2843 3504/3449/2845 3506/3443/2839
f 3504/3449/2845 3507/3446/2842 3506/3443/2839
f 3502/3450/2846 3505/3447/2843 3563/3448/2844
f 3504/3449/2845 3505/3447/2843 3502/3450/2846
f 3562/3451/2847 3502/3450/2846 3563/3448/2844
f 3509/3445/2841 3527/3452/2848 3511/3439/2835
f 3527/3452/2848 3509/3445/2841 3507/3446/2842
f 3527/3452/2848 3517/3453/2849 3511/3439/2835
f 3517/3453/2849 3516/3427/2823 3511/3439/2835
f 3521/3454/2850 3527/3452/2848 3507/3446/2842
f 3517/3453/2849 3518/3455/2851 3516/3427/2823
f 3527/3452/2848 3520/3456/2852 3517/3453/2849
f 3521/3454/2850 3520/3456/2852 3527/3452/2848
f 3520/3456/2852 3518/3455/2851 3517/3453/2849
f 3519/3457/2853 3521/3454/2850 3507/3446/2842
f 3504/3449/2845 3519/3457/2853 3507/3446/2842
f 3520/3456/2852 3521/3454/2850 3519/3457/2853
f 3518/3455/2851 3531/3428/2824 3516/3427/2823
f 3584/3458/2854 3518/3455/2851 3520/3456/2852
f 3584/3458/2854 3573/3459/2855 3518/3455/2851
f 3573/3459/2855 3531/3428/2824 3518/3455/2851
f 3583/3460/2856 3584/3458/2854 3520/3456/2852
f 3573/3459/2855 3574/3461/2857 3531/3428/2824
f 3583/3460/2856 3520/3456/2852 3546/3462/2858
f 3546/3462/2858 3520/3456/2852 3519/3457/2853
f 3582/3463/2859 3583/3460/2856 3546/3462/2858
f 3581/3464/2860 3582/3463/2859 3546/3462/2858
f 3574/3461/2857 3541/3465/2861 3531/3428/2824
f 3574/3461/2857 3575/3466/2862 3541/3465/2861
f 3531/3428/2824 3541/3465/2861 3540/3429/2825
f 3537/3467/2863 3581/3464/2860 3546/3462/2858
f 3580/3468/2864 3581/3464/2860 3537/3467/2863
f 3575/3466/2862 3514/3469/2865 3541/3465/2861
f 3540/3429/2825 3541/3465/2861 3545/3470/2866
f 3541/3465/2861 3514/3469/2865 3545/3470/2866
f 3514/3469/2865 3575/3466/2862 3525/3471/2867
f 3575/3466/2862 3576/3472/2868 3525/3471/2867
f 3514/3469/2865 3513/3473/2869 3545/3470/2866
f 3540/3429/2825 3545/3470/2866 3488/3474/2870
f 3545/3470/2866 3513/3473/2869 3488/3474/2870
f 3486/3429/2871 3540/3429/2825 3488/3474/2870
f 3540/3429/2825 3486/3429/2871 3483/3424/2820
f 3483/3424/2820 3486/3429/2871 3485/3431/2827
f 3485/3431/2827 3486/3429/2871 3487/3475/2872
f 3486/3429/2871 3488/3474/2870 3487/3475/2872
f 3485/3431/2827 3487/3475/2872 3554/3436/2832
f 3513/3473/2869 3489/3476/2873 3488/3474/2870
f 3488/3474/2870 3489/3476/2873 3487/3475/2872
f 3513/3473/2869 3514/3469/2865 3512/3477/2874
f 3513/3473/2869 3512/3477/2874 3489/3476/2873
f 3514/3469/2865 3525/3471/2867 3512/3477/2874
f 3487/3475/2872 3490/3478/2875 3554/3436/2832
f 3489/3476/2873 3490/3478/2875 3487/3475/2872
f 3490/3478/2875 3555/3479/2876 3554/3436/2832
f 3512/3477/2874 3491/3480/2877 3489/3476/2873
f 3489/3476/2873 3491/3480/2877 3490/3478/2875
f 3490/3478/2875 3492/3481/2878 3555/3479/2876
f 3491/3480/2877 3492/3481/2878 3490/3478/2875
f 3492/3481/2878 3556/3482/2879 3555/3479/2876
f 3492/3481/2878 3494/3483/2880 3556/3482/2879
f 3494/3483/2880 3557/3484/2881 3556/3482/2879
f 3493/3485/2882 3494/3483/2880 3492/3481/2878
f 3491/3480/2877 3493/3485/2882 3492/3481/2878
f 3512/3477/2874 3526/3486/2883 3491/3480/2877
f 3526/3486/2883 3493/3485/2882 3491/3480/2877
f 3525/3471/2867 3526/3486/2883 3512/3477/2874
f 3526/3486/2883 3530/3487/2884 3493/3485/2882
f 3526/3486/2883 3525/3471/2867 3530/3487/2884
f 3530/3487/2884 3566/3488/2885 3493/3485/2882
f 3525/3471/2867 3534/3489/2886 3530/3487/2884
f 3525/3471/2867 3576/3472/2868 3534/3489/2886
f 3530/3487/2884 3535/3490/2887 3566/3488/2885
f 3534/3489/2886 3535/3490/2887 3530/3487/2884
f 3535/3490/2887 3567/3491/2888 3566/3488/2885
f 3567/3491/2888 3535/3490/2887 3568/3492/2889
f 3576/3472/2868 3577/3493/2890 3534/3489/2886
f 3535/3490/2887 3539/3494/2891 3568/3492/2889
f 3535/3490/2887 3534/3489/2886 3539/3494/2891
f 3568/3492/2889 3539/3494/2891 3569/3495/2892
f 3534/3489/2886 3577/3493/2890 3544/3496/2893
f 3539/3494/2891 3534/3489/2886 3543/3497/2894
f 3539/3494/2891 3543/3497/2894 3569/3495/2892
f 3534/3489/2886 3544/3496/2893 3543/3497/2894
f 3577/3493/2890 3578/3498/2895 3544/3496/2893
f 3543/3497/2894 3548/3499/2896 3569/3495/2892
f 3543/3497/2894 3544/3496/2893 3548/3499/2896
f 3548/3499/2896 3570/3500/2897 3569/3495/2892
f 3570/3500/2897 3548/3499/2896 3571/3501/2898
f 3544/3496/2893 3578/3498/2895 3524/3502/2899
f 3548/3499/2896 3544/3496/2893 3523/3503/2900
f 3548/3499/2896 3523/3503/2900 3571/3501/2898
f 3544/3496/2893 3524/3502/2899 3523/3503/2900
f 3578/3498/2895 3579/3504/2901 3524/3502/2899
f 3523/3503/2900 3522/3505/2902 3571/3501/2898
f 3523/3503/2900 3524/3502/2899 3522/3505/2902
f 3522/3505/2902 3572/3506/2903 3571/3501/2898
f 3522/3505/2902 3528/3507/2904 3572/3506/2903
f 3522/3505/2902 3524/3502/2899 3528/3507/2904
f 3528/3507/2904 3496/3508/2905 3572/3506/2903
f 3524/3502/2899 3579/3504/2901 3529/3509/2906
f 3524/3502/2899 3529/3509/2906 3528/3507/2904
f 3579/3504/2901 3580/3468/2864 3529/3509/2906
f 3529/3509/2906 3580/3468/2864 3537/3467/2863
f 3528/3507/2904 3529/3509/2906 3533/3510/2907
f 3529/3509/2906 3537/3467/2863 3533/3510/2907
f 3496/3508/2905 3528/3507/2904 3497/3511/2908
f 3528/3507/2904 3533/3510/2907 3497/3511/2908
f 3537/3467/2863 3538/3512/2909 3533/3510/2907
f 3496/3508/2905 3497/3511/2908 3495/3513/2910
f 4496/3514/2911 3496/3508/2905 3495/3513/2910
f 4496/3514/2911 3495/3513/2910 3558/3515/2912
f 3495/3513/2910 3559/3516/2913 3558/3515/2912
f 3559/3516/2913 3495/3513/2910 3560/3517/2914
f 3538/3512/2909 3537/3467/2863 3542/3518/2915
f 3537/3467/2863 3546/3462/2858 3542/3518/2915
f 3533/3510/2907 3538/3512/2909 3499/3519/2916
f 3538/3512/2909 3542/3518/2915 3499/3519/2916
f 3497/3511/2908 3533/3510/2907 3499/3519/2916
f 3495/3513/2910 3497/3511/2908 3498/3520/2917
f 3497/3511/2908 3499/3519/2916 3498/3520/2917
f 3495/3513/2910 3498/3520/2917 3560/3517/2914
f 3542/3518/2915 3500/3521/2918 3499/3519/2916
f 3499/3519/2916 3500/3521/2918 3498/3520/2917
f 3546/3462/2858 3547/3522/2919 3542/3518/2915
f 3542/3518/2915 3547/3522/2919 3500/3521/2918
f 3547/3522/2919 3546/3462/2858 3519/3457/2853
f 3498/3520/2917 3501/3523/2920 3560/3517/2914
f 3500/3521/2918 3501/3523/2920 3498/3520/2917
f 3501/3523/2920 3561/3524/2921 3560/3517/2914
f 3561/3524/2921 3501/3523/2920 3562/3451/2847
f 3501/3523/2920 3502/3450/2846 3562/3451/2847
f 3501/3523/2920 3500/3521/2918 3502/3450/2846
f 3547/3522/2919 3519/3457/2853 3503/3525/2922
f 3547/3522/2919 3503/3525/2922 3500/3521/2918
f 3500/3521/2918 3503/3525/2922 3502/3450/2846
f 3519/3457/2853 3504/3449/2845 3503/3525/2922
f 3503/3525/2922 3504/3449/2845 3502/3450/2846
f 3586/3526/2923 3587/3527/2924 3585/3528/2925
f 3657/3529/2926 3587/3527/2924 3586/3526/2923
f 3657/3529/2926 3643/3530/2927 3587/3527/2924
f 3632/3531/2928 3657/3529/2926 3586/3526/2923
f 3643/3530/2927 3588/3532/2929 3587/3527/2924
f 3585/3528/2925 3587/3527/2924 3588/3532/2929
f 3643/3530/2927 3644/3533/2930 3588/3532/2929
f 3632/3531/2928 3586/3526/2923 3626/3534/2931
f 3632/3531/2928 3626/3534/2931 3625/3535/2932
f 3627/3536/2933 3632/3531/2928 3625/3535/2932
f 3626/3534/2931 3586/3526/2923 3639/3537/2934
f 3639/3537/2934 3586/3526/2923 3585/3528/2925
f 3624/3538/2935 3626/3534/2931 3639/3537/2934
f 3625/3535/2932 3626/3534/2931 3624/3538/2935
f 3639/3537/2934 3585/3528/2925 3662/3539/2936
f 3640/3540/2937 3624/3538/2935 3639/3537/2934
f 3640/3540/2937 3639/3537/2934 3662/3539/2936
f 3658/3541/2938 3624/3538/2935 3640/3540/2937
f 3658/3541/2938 3625/3535/2932 3624/3538/2935
f 3636/3542/2939 3658/3541/2938 3640/3540/2937
f 3585/3528/2925 3590/3543/2940 3662/3539/2936
f 3590/3543/2940 3585/3528/2925 3588/3532/2929
f 3590/3543/2940 3663/3544/2941 3662/3539/2936
f 3658/3541/2938 3636/3542/2939 3619/3545/2942
f 3658/3541/2938 3619/3545/2942 3625/3535/2932
f 3636/3542/2939 3620/3546/2943 3619/3545/2942
f 3619/3545/2942 3620/3546/2943 3618/3547/2944
f 3590/3543/2940 3671/3548/2945 3663/3544/2941
f 3671/3548/2945 3672/3549/2946 3663/3544/2941
f 3672/3549/2946 3671/3548/2945 3670/3550/2947
f 3671/3548/2945 3590/3543/2940 3589/3551/2948
f 3590/3543/2940 3588/3532/2929 3589/3551/2948
f 3644/3533/2930 3589/3551/2948 3588/3532/2929
f 3671/3548/2945 3591/3552/2949 3670/3550/2947
f 3671/3548/2945 3589/3551/2948 3591/3552/2949
f 3670/3550/2947 3591/3552/2949 3666/3553/2950
f 3591/3552/2949 3593/3554/2951 3666/3553/2950
f 3589/3551/2948 3592/3555/2952 3591/3552/2949
f 3589/3551/2948 3644/3533/2930 3592/3555/2952
f 3591/3552/2949 3592/3555/2952 3593/3554/2951
f 3644/3533/2930 3645/3556/2953 3592/3555/2952
f 3592/3555/2952 3594/3557/2954 3593/3554/2951
f 3592/3555/2952 3645/3556/2953 3594/3557/2954
f 3593/3554/2951 3594/3557/2954 3595/3558/1047
f 3645/3556/2953 3646/3559/2955 3594/3557/2954
f 3594/3557/2954 3596/3560/2956 3595/3558/1047
f 3594/3557/2954 3646/3559/2955 3596/3560/2956
f 3646/3559/2955 3647/3561/2957 3596/3560/2956
f 3595/3558/1047 3596/3560/2956 3597/3562/1047
f 3647/3561/2957 3648/3563/2958 3596/3560/2956
f 3596/3560/2956 3598/3564/2959 3597/3562/1047
f 3648/3563/2958 3598/3564/2959 3596/3560/2956
f 3597/3562/1047 3598/3564/2959 3599/3565/1047
f 3648/3563/2958 3649/3566/2960 3598/3564/2959
f 3598/3564/2959 3600/3567/2961 3599/3565/1047
f 3649/3566/2960 3600/3567/2961 3598/3564/2959
f 3602/3568/2962 3603/3569/2963 3601/3570/1047
f 4497/3571/1047 3602/3568/2962 3601/3570/1047
f 3650/3572/2964 3603/3569/2963 3602/3568/2962
f 4499/3573/2965 3650/3572/2964 3602/3568/2962
f 3601/3570/1047 3603/3569/2963 3604/3574/2966
f 3603/3569/2963 3650/3572/2964 3604/3574/2966
f 3650/3572/2964 3651/3575/2967 3604/3574/2966
f 3606/3576/1047 3601/3570/1047 3604/3574/2966
f 3651/3575/2967 3652/3577/2968 3604/3574/2966
f 3606/3576/1047 3604/3574/2966 3605/3578/2969
f 3652/3577/2968 3605/3578/2969 3604/3574/2966
f 3608/3579/2970 3606/3576/1047 3605/3578/2969
f 3652/3577/2968 3653/3580/2971 3605/3578/2969
f 3653/3580/2971 3607/3581/2972 3605/3578/2969
f 3608/3579/2970 3605/3578/2969 3607/3581/2972
f 3653/3580/2971 3654/3582/2973 3607/3581/2972
f 3610/3583/2974 3608/3579/2970 3607/3581/2972
f 3608/3579/2970 3610/3583/2974 3667/3584/2975
f 3610/3583/2974 3664/3585/2976 3667/3584/2975
f 3610/3583/2974 3607/3581/2972 3609/3586/2977
f 3654/3582/2973 3609/3586/2977 3607/3581/2972
f 3610/3583/2974 3661/3587/2978 3664/3585/2976
f 3661/3587/2978 3610/3583/2974 3609/3586/2977
f 3661/3587/2978 3665/3588/2979 3664/3585/2976
f 3665/3588/2979 3661/3587/2978 3660/3589/2980
f 3661/3587/2978 3611/3590/2981 3660/3589/2980
f 3661/3587/2978 3609/3586/2977 3611/3590/2981
f 3660/3589/2980 3611/3590/2981 3659/3591/2982
f 3609/3586/2977 3654/3582/2973 3612/3592/2983
f 3609/3586/2977 3612/3592/2983 3611/3590/2981
f 3654/3582/2973 3655/3593/2984 3612/3592/2983
f 3611/3590/2981 3613/3594/2985 3659/3591/2982
f 3611/3590/2981 3612/3592/2983 3613/3594/2985
f 3612/3592/2983 3655/3593/2984 3614/3595/2986
f 3612/3592/2983 3614/3595/2986 3613/3594/2985
f 3655/3593/2984 3656/3596/2987 3614/3595/2986
f 3614/3595/2986 3656/3596/2987 3623/3597/2988
f 3613/3594/2985 3614/3595/2986 3623/3597/2988
f 3656/3596/2987 3631/3598/2989 3623/3597/2988
f 3613/3594/2985 3638/3599/2990 3659/3591/2982
f 3638/3599/2990 3613/3594/2985 3623/3597/2988
f 3638/3599/2990 3637/3600/2991 3659/3591/2982
f 3631/3598/2989 3617/3601/2992 3623/3597/2988
f 3638/3599/2990 3623/3597/2988 3617/3601/2992
f 3617/3601/2992 3631/3598/2989 3615/3602/2993
f 3616/3603/2994 3638/3599/2990 3617/3601/2992
f 3637/3600/2991 3638/3599/2990 3616/3603/2994
f 3616/3603/2994 3617/3601/2992 3615/3602/2993
f 3631/3598/2989 3629/3604/2995 3615/3602/2993
f 3616/3603/2994 3635/3605/2996 3637/3600/2991
f 3635/3605/2996 3616/3603/2994 3615/3602/2993
f 3635/3605/2996 3634/3606/2997 3637/3600/2991
f 3634/3606/2997 3635/3605/2996 3633/3607/2998
f 3635/3605/2996 3615/3602/2993 3633/3607/2998
f 4498/3608/2999 3634/3606/2997 3633/3607/2998
f 3615/3602/2993 3629/3604/2995 3628/3609/3000
f 3615/3602/2993 3628/3609/3000 3633/3607/2998
f 3629/3604/2995 3630/3610/3001 3628/3609/3000
f 4498/3608/2999 3633/3607/2998 3668/3611/3002
f 3630/3610/3001 3641/3612/3003 3628/3609/3000
f 3641/3612/3003 3642/3613/3004 3628/3609/3000
f 3633/3607/2998 3628/3609/3000 3642/3613/3004
f 3641/3612/3003 3673/3614/3005 3642/3613/3004
f 3633/3607/2998 3669/3615/3006 3668/3611/3002
f 3669/3615/3006 3633/3607/2998 3642/3613/3004
f 3668/3611/3002 3669/3615/3006 3675/3616/3007
f 3618/3547/2944 3668/3611/3002 3675/3616/3007
f 3675/3616/3007 3619/3545/2942 3618/3547/2944
f 3621/3617/3008 3675/3616/3007 3669/3615/3006
f 3642/3613/3004 3621/3617/3008 3669/3615/3006
f 3675/3616/3007 3621/3617/3008 3619/3545/2942
f 3673/3614/3005 3621/3617/3008 3642/3613/3004
f 3621/3617/3008 3622/3618/3009 3619/3545/2942
f 3621/3617/3008 3673/3614/3005 3622/3618/3009
f 3619/3545/2942 3622/3618/3009 3625/3535/2932
f 3673/3614/3005 3674/3619/3010 3622/3618/3009
f 3627/3536/2933 3625/3535/2932 3622/3618/3009
f 3674/3619/3010 3627/3536/2933 3622/3618/3009
f 3677/3620/708 3678/3621/3011 3676/3622/3011
f 3714/3623/708 3677/3620/708 3676/3622/3011
f 3676/3622/3011 3678/3621/3011 3731/3624/3012
f 3715/3625/3013 3677/3620/708 3714/3623/708
f 3678/3621/3011 3732/3626/3012 3731/3624/3012
f 4500/3627/3013 3715/3625/3013 3714/3623/708
f 3731/3624/3012 3732/3626/3012 3735/3628/3014
f 4500/3627/3013 3722/3629/3015 3715/3625/3013
f 3732/3626/3012 3736/3630/3014 3735/3628/3014
f 3722/3629/3015 3723/3631/3015 3715/3625/3013
f 3735/3628/3014 3736/3630/3014 3721/3632/3016
f 3724/3633/3017 3723/3631/3015 3722/3629/3015
f 3720/3634/3016 3735/3628/3014 3721/3632/3016
f 3737/3635/3017 3724/3633/3017 3722/3629/3015
f 3720/3634/3016 3721/3632/3016 3719/3636/3018
f 3709/3637/3019 3724/3633/3017 3737/3635/3017
f 4501/3638/3018 3720/3634/3016 3719/3636/3018
f 3707/3639/3019 3709/3637/3019 3737/3635/3017
f 4501/3638/3018 3719/3636/3018 3739/3640/3020
f 3708/3641/3021 3709/3637/3019 3707/3639/3019
f 3719/3636/3018 3729/3642/3020 3739/3640/3020
f 3733/3643/3021 3708/3641/3021 3707/3639/3019
f 3739/3640/3020 3729/3642/3020 3728/3644/3022
f 3734/3645/3023 3708/3641/3021 3733/3643/3021
f 3729/3642/3020 3730/3646/3022 3728/3644/3022
f 3728/3644/3022 3730/3646/3022 3744/3647/3024
f 4503/3648/3024 3728/3644/3022 3744/3647/3024
f 3743/3649/3023 3734/3645/3023 3733/3643/3021
f 3727/3650/3025 3734/3645/3023 3743/3649/3023
f 3725/3651/3025 3727/3650/3025 3743/3649/3023
f 3726/3652/3026 3727/3650/3025 3725/3651/3025
f 4502/3653/3026 3726/3652/3026 3725/3651/3025
f 3680/3654/3027 3681/3655/3028 3679/3656/3029
f 3679/3656/3029 3681/3655/3028 3801/3657/3030
f 3681/3655/3028 3802/3658/3031 3801/3657/3030
f 3802/3658/3031 3681/3655/3028 3803/3659/3032
f 3679/3656/3029 3801/3657/3030 3800/3660/3033
f 3681/3655/3028 3682/3661/3034 3803/3659/3032
f 3681/3655/3028 3680/3654/3027 3682/3661/3034
f 3682/3661/3034 3685/3662/3035 3803/3659/3032
f 3685/3662/3035 3804/3663/3036 3803/3659/3032
f 3738/3664/3037 3679/3656/3029 3800/3660/3033
f 3685/3662/3035 3687/3665/3038 3804/3663/3036
f 3687/3665/3038 3805/3666/3039 3804/3663/3036
f 3805/3666/3039 3687/3665/3038 3806/3667/3040
f 3710/3668/3041 3738/3664/3037 3800/3660/3033
f 3816/3669/3042 3710/3668/3041 3800/3660/3033
f 3738/3664/3037 3712/3670/3043 3679/3656/3029
f 3712/3670/3043 3738/3664/3037 3710/3668/3041
f 3710/3668/3041 3816/3669/3042 3815/3671/3044
f 3712/3670/3043 3713/3672/3045 3679/3656/3029
f 3713/3672/3045 3680/3654/3027 3679/3656/3029
f 3711/3673/3046 3712/3670/3043 3710/3668/3041
f 3712/3670/3043 3741/3674/3047 3713/3672/3045
f 3741/3674/3047 3712/3670/3043 3711/3673/3046
f 3741/3674/3047 3740/3675/2896 3713/3672/3045
f 3761/3676/3048 3680/3654/3027 3713/3672/3045
f 3740/3675/2896 3761/3676/3048 3713/3672/3045
f 3680/3654/3027 3761/3676/3048 3683/3677/3049
f 3680/3654/3027 3683/3677/3049 3682/3661/3034
f 3760/3678/3050 3761/3676/3048 3740/3675/2896
f 3683/3677/3049 3684/3679/3051 3682/3661/3034
f 3684/3679/3051 3685/3662/3035 3682/3661/3034
f 3761/3676/3048 3765/3680/3052 3683/3677/3049
f 3761/3676/3048 3760/3678/3050 3765/3680/3052
f 3770/3681/3053 3684/3679/3051 3683/3677/3049
f 3765/3680/3052 3770/3681/3053 3683/3677/3049
f 3684/3679/3051 3686/3682/3054 3685/3662/3035
f 3684/3679/3051 3770/3681/3053 3686/3682/3054
f 3686/3682/3054 3687/3665/3038 3685/3662/3035
f 3769/3683/3055 3770/3681/3053 3765/3680/3052
f 3760/3678/3050 3769/3683/3055 3765/3680/3052
f 3770/3681/3053 3774/3684/3056 3686/3682/3054
f 3770/3681/3053 3769/3683/3055 3774/3684/3056
f 3686/3682/3054 3688/3685/3057 3687/3665/3038
f 3686/3682/3054 3774/3684/3056 3688/3685/3057
f 3826/3686/3058 3769/3683/3055 3760/3678/3050
f 3825/3687/3059 3826/3686/3058 3760/3678/3050
f 3826/3686/3058 3827/3688/3060 3769/3683/3055
f 3825/3687/3059 3760/3678/3050 3742/3689/3061
f 3836/3690/3062 3825/3687/3059 3742/3689/3061
f 3742/3689/3061 3760/3678/3050 3740/3675/2896
f 3827/3688/3060 3718/3691/3063 3769/3683/3055
f 3769/3683/3055 3718/3691/3063 3774/3684/3056
f 3827/3688/3060 3828/3692/3064 3718/3691/3063
f 3741/3674/3047 3742/3689/3061 3740/3675/2896
f 3835/3693/2890 3836/3690/3062 3742/3689/3061
f 3742/3689/3061 3741/3674/3047 3753/3694/3065
f 3753/3694/3065 3741/3674/3047 3711/3673/3046
f 3746/3695/3066 3835/3693/2890 3742/3689/3061
f 3746/3695/3066 3742/3689/3061 3753/3694/3065
f 3834/3696/3067 3835/3693/2890 3746/3695/3066
f 3747/3697/3068 3753/3694/3065 3711/3673/3046
f 3747/3697/3068 3746/3695/3066 3753/3694/3065
f 3706/3698/3069 3747/3697/3068 3711/3673/3046
f 3706/3698/3069 3711/3673/3046 3710/3668/3041
f 3746/3695/3066 3747/3697/3068 3745/3699/3070
f 3745/3699/3070 3747/3697/3068 3706/3698/3069
f 3775/3700/3071 3834/3696/3067 3746/3695/3066
f 3775/3700/3071 3746/3695/3066 3745/3699/3070
f 3834/3696/3067 3775/3700/3071 3767/3701/3072
f 3833/3702/3073 3834/3696/3067 3767/3701/3072
f 3705/3703/3074 3706/3698/3069 3710/3668/3041
f 3705/3703/3074 3710/3668/3041 3815/3671/3044
f 3704/3704/3075 3745/3699/3070 3706/3698/3069
f 3704/3704/3075 3706/3698/3069 3705/3703/3074
f 3833/3702/3073 3767/3701/3072 3755/3705/2861
f 3832/3706/2857 3833/3702/3073 3755/3705/2861
f 3703/3707/3076 3705/3703/3074 3815/3671/3044
f 3703/3707/3076 3704/3704/3075 3705/3703/3074
f 3814/3708/3077 3703/3707/3076 3815/3671/3044
f 3776/3709/3078 3745/3699/3070 3704/3704/3075
f 3776/3709/3078 3775/3700/3071 3745/3699/3070
f 3702/3710/3079 3704/3704/3075 3703/3707/3076
f 3702/3710/3079 3776/3709/3078 3704/3704/3075
f 3701/3711/3080 3703/3707/3076 3814/3708/3077
f 3701/3711/3080 3702/3710/3079 3703/3707/3076
f 3813/3712/3081 3701/3711/3080 3814/3708/3077
f 3701/3711/3080 3813/3712/3081 3812/3713/3082
f 3775/3700/3071 3776/3709/3078 3771/3714/3083
f 3771/3714/3083 3776/3709/3078 3702/3710/3079
f 3767/3701/3072 3775/3700/3071 3771/3714/3083
f 3700/3715/3084 3702/3710/3079 3701/3711/3080
f 3700/3715/3084 3771/3714/3083 3702/3710/3079
f 3699/3716/3085 3701/3711/3080 3812/3713/3082
f 3699/3716/3085 3700/3715/3084 3701/3711/3080
f 3699/3716/3085 3812/3713/3082 3811/3717/3086
f 3771/3714/3083 3700/3715/3084 3697/3718/3087
f 3697/3718/3087 3700/3715/3084 3699/3716/3085
f 3766/3719/3088 3767/3701/3072 3771/3714/3083
f 3766/3719/3088 3771/3714/3083 3697/3718/3087
f 3755/3705/2861 3767/3701/3072 3766/3719/3088
f 3698/3720/3089 3699/3716/3085 3811/3717/3086
f 3698/3720/3089 3697/3718/3087 3699/3716/3085
f 3698/3720/3089 3811/3717/3086 3810/3721/3090
f 3696/3722/3091 3698/3720/3089 3810/3721/3090
f 3697/3718/3087 3698/3720/3089 3696/3722/3091
f 3696/3722/3091 3810/3721/3090 3809/3723/3092
f 3694/3724/3093 3696/3722/3091 3809/3723/3092
f 3695/3725/3094 3697/3718/3087 3696/3722/3091
f 3695/3725/3094 3696/3722/3091 3694/3724/3093
f 3766/3719/3088 3697/3718/3087 3695/3725/3094
f 3824/3726/3095 3695/3725/3094 3694/3724/3093
f 3762/3727/3096 3766/3719/3088 3695/3725/3094
f 3762/3727/3096 3695/3725/3094 3824/3726/3095
f 3762/3727/3096 3755/3705/2861 3766/3719/3088
f 3754/3728/3097 3762/3727/3096 3824/3726/3095
f 3754/3728/3097 3755/3705/2861 3762/3727/3096
f 3754/3728/3097 3824/3726/3095 3823/3729/3098
f 3750/3730/2824 3755/3705/2861 3754/3728/3097
f 3832/3706/2857 3755/3705/2861 3750/3730/2824
f 3748/3731/3099 3754/3728/3097 3823/3729/3098
f 3748/3731/3099 3750/3730/2824 3754/3728/3097
f 3748/3731/3099 3823/3729/3098 3822/3732/3100
f 3831/3733/2855 3832/3706/2857 3750/3730/2824
f 3831/3733/2855 3750/3730/2824 3772/3734/3101
f 3830/3735/2854 3831/3733/2855 3772/3734/3101
f 3749/3736/3102 3750/3730/2824 3748/3731/3099
f 3749/3736/3102 3748/3731/3099 3822/3732/3100
f 3772/3734/3101 3750/3730/2824 3749/3736/3102
f 3777/3737/2823 3749/3736/3102 3822/3732/3100
f 3777/3737/2823 3772/3734/3101 3749/3736/3102
f 3821/3738/3103 3777/3737/2823 3822/3732/3100
f 3777/3737/2823 3821/3738/3103 3820/3739/3104
f 3773/3740/2849 3772/3734/3101 3777/3737/2823
f 3773/3740/2849 3777/3737/2823 3820/3739/3104
f 3768/3741/2848 3773/3740/2849 3820/3739/3104
f 3772/3734/3101 3773/3740/2849 3768/3741/2848
f 3819/3742/3105 3768/3741/2848 3820/3739/3104
f 3768/3741/2848 3819/3742/3105 3818/3743/3106
f 3764/3744/3107 3772/3734/3101 3768/3741/2848
f 3830/3735/2854 3772/3734/3101 3764/3744/3107
f 3829/3745/3108 3830/3735/2854 3764/3744/3107
f 3763/3746/2850 3764/3744/3107 3768/3741/2848
f 3763/3746/2850 3768/3741/2848 3818/3743/3106
f 3829/3745/3108 3764/3744/3107 3751/3747/3109
f 3751/3747/3109 3764/3744/3107 3763/3746/2850
f 3828/3692/3064 3829/3745/3108 3751/3747/3109
f 3756/3748/3110 3763/3746/2850 3818/3743/3106
f 3756/3748/3110 3751/3747/3109 3763/3746/2850
f 3817/3749/3111 3756/3748/3110 3818/3743/3106
f 3828/3692/3064 3751/3747/3109 3718/3691/3063
f 3752/3750/3112 3756/3748/3110 3817/3749/3111
f 3752/3750/3112 3751/3747/3109 3756/3748/3110
f 3692/3751/3113 3752/3750/3112 3817/3749/3111
f 3751/3747/3109 3752/3750/3112 3716/3752/3114
f 3716/3752/3114 3752/3750/3112 3692/3751/3113
f 3718/3691/3063 3751/3747/3109 3716/3752/3114
f 3717/3753/3115 3718/3691/3063 3716/3752/3114
f 3718/3691/3063 3717/3753/3115 3774/3684/3056
f 3774/3684/3056 3717/3753/3115 3688/3685/3057
f 3717/3753/3115 3716/3752/3114 3690/3754/3116
f 3690/3754/3116 3716/3752/3114 3692/3751/3113
f 3688/3685/3057 3717/3753/3115 3690/3754/3116
f 3690/3754/3116 3692/3751/3113 3691/3755/3117
f 3692/3751/3113 3693/3756/3118 3691/3755/3117
f 3688/3685/3057 3690/3754/3116 3689/3757/3119
f 3690/3754/3116 3691/3755/3117 3689/3757/3119
f 3688/3685/3057 3689/3757/3119 3687/3665/3038
f 3687/3665/3038 3689/3757/3119 3806/3667/3040
f 3806/3667/3040 3689/3757/3119 3807/3758/3120
f 3689/3757/3119 3691/3755/3117 3807/3758/3120
f 3691/3755/3117 3693/3756/3118 3807/3758/3120
f 3693/3756/3118 3808/3759/3121 3807/3758/3120
f 3758/3760/3122 3759/3761/3123 3757/3762/3124
f 4504/3763/3125 3758/3760/3122 3757/3762/3124
f 3759/3761/3123 3758/3760/3122 3797/3764/3126
f 3758/3760/3122 3785/3765/3127 3797/3764/3126
f 3797/3764/3126 3785/3765/3127 3784/3766/3128
f 3785/3765/3127 3786/3767/3129 3784/3766/3128
f 3784/3766/3128 3786/3767/3129 3791/3768/3130
f 3786/3767/3129 3792/3769/3131 3791/3768/3130
f 3791/3768/3130 3792/3769/3131 3795/3770/3132
f 3792/3769/3131 3779/3771/3133 3795/3770/3132
f 3795/3770/3132 3779/3771/3133 3778/3772/3134
f 3779/3771/3133 3780/3773/3135 3778/3772/3134
f 3778/3772/3134 3780/3773/3135 3787/3774/3136
f 3780/3773/3135 3788/3775/3137 3787/3774/3136
f 3787/3774/3136 3788/3775/3137 3793/3776/3138
f 3788/3775/3137 3794/3777/3139 3793/3776/3138
f 3794/3777/3139 3782/3778/3140 3793/3776/3138
f 3782/3778/3140 3796/3779/3141 3793/3776/3138
f 3796/3779/3141 3782/3778/3140 3781/3780/3142
f 3782/3778/3140 3783/3781/3143 3781/3780/3142
f 3783/3781/3143 3789/3782/3144 3781/3780/3142
f 3789/3782/3144 3790/3783/3145 3781/3780/3142
f 3789/3782/3144 3798/3784/3146 3790/3783/3145
f 3798/3784/3146 3799/3785/3147 3790/3783/3145
f 3838/3786/3148 3839/3787/3149 3837/3788/3150
f 3934/3789/3151 3839/3787/3149 3838/3786/3148
f 3934/3789/3151 3920/3790/3152 3839/3787/3149
f 3909/3791/3153 3934/3789/3151 3838/3786/3148
f 3920/3790/3152 3840/3792/3154 3839/3787/3149
f 3837/3788/3150 3839/3787/3149 3840/3792/3154
f 3920/3790/3152 3921/3793/3155 3840/3792/3154
f 3909/3791/3153 3838/3786/3148 3903/3794/3156
f 3909/3791/3153 3903/3794/3156 3902/3795/3157
f 3904/3796/3158 3909/3791/3153 3902/3795/3157
f 3903/3794/3156 3838/3786/3148 3916/3797/3159
f 3916/3797/3159 3838/3786/3148 3837/3788/3150
f 3901/3798/3160 3903/3794/3156 3916/3797/3159
f 3902/3795/3157 3903/3794/3156 3901/3798/3160
f 3916/3797/3159 3837/3788/3150 3938/3799/3161
f 3917/3800/3162 3901/3798/3160 3916/3797/3159
f 3917/3800/3162 3916/3797/3159 3938/3799/3161
f 3935/3801/3163 3901/3798/3160 3917/3800/3162
f 3935/3801/3163 3902/3795/3157 3901/3798/3160
f 3913/3802/3164 3935/3801/3163 3917/3800/3162
f 3837/3788/3150 3842/3803/3165 3938/3799/3161
f 3842/3803/3165 3837/3788/3150 3840/3792/3154
f 3842/3803/3165 3939/3804/3166 3938/3799/3161
f 3935/3801/3163 3913/3802/3164 3872/3805/3167
f 3935/3801/3163 3872/3805/3167 3902/3795/3157
f 3913/3802/3164 3873/3806/3168 3872/3805/3167
f 3872/3805/3167 3873/3806/3168 3871/3807/3169
f 3842/3803/3165 3844/3808/3170 3939/3804/3166
f 3844/3808/3170 3946/3809/3171 3939/3804/3166
f 3842/3803/3165 3840/3792/3154 3841/3810/3172
f 3844/3808/3170 3842/3803/3165 3841/3810/3172
f 3921/3793/3155 3841/3810/3172 3840/3792/3154
f 3946/3809/3171 3844/3808/3170 3942/3811/3173
f 3841/3810/3172 3921/3793/3155 3843/3812/3174
f 3844/3808/3170 3841/3810/3172 3843/3812/3174
f 3921/3793/3155 3922/3813/3175 3843/3812/3174
f 3844/3808/3170 3846/3814/3176 3942/3811/3173
f 3846/3814/3176 3844/3808/3170 3843/3812/3174
f 3843/3812/3174 3922/3813/3175 3845/3815/2969
f 3846/3814/3176 3843/3812/3174 3845/3815/2969
f 3922/3813/3175 3923/3816/3177 3845/3815/2969
f 3846/3814/3176 3848/3817/3178 3942/3811/3173
f 3848/3817/3178 3846/3814/3176 3845/3815/2969
f 3848/3817/3178 3943/3818/3179 3942/3811/3173
f 3845/3815/2969 3923/3816/3177 3847/3819/3180
f 3848/3817/3178 3845/3815/2969 3847/3819/3180
f 3923/3816/3177 3924/3820/3181 3847/3819/3180
f 3850/3821/1047 3848/3817/3178 3847/3819/3180
f 3924/3820/3181 3925/3822/3182 3847/3819/3180
f 3850/3821/1047 3847/3819/3180 3849/3823/2977
f 3925/3822/3182 3849/3823/2977 3847/3819/3180
f 4505/3824/1047 3850/3821/1047 3849/3823/2977
f 3925/3822/3182 3926/3825/3183 3849/3823/2977
f 4505/3824/1047 3849/3823/2977 3851/3826/1047
f 3926/3825/3183 3852/3827/3184 3849/3823/2977
f 3849/3823/2977 3852/3827/3184 3851/3826/1047
f 3854/3828/1047 3855/3829/3185 3853/3830/3186
f 4506/3831/1047 3854/3828/1047 3853/3830/3186
f 4506/3831/1047 3853/3830/3186 3856/3832/1047
f 3927/3833/3187 3853/3830/3186 3855/3829/3185
f 4509/3834/3188 3927/3833/3187 3855/3829/3185
f 3853/3830/3186 3857/3835/3189 3856/3832/1047
f 3853/3830/3186 3927/3833/3187 3857/3835/3189
f 3927/3833/3187 3928/3836/3190 3857/3835/3189
f 3856/3832/1047 3857/3835/3189 3858/3837/3191
f 3857/3835/3189 3928/3836/3190 3859/3838/3192
f 3857/3835/3189 3859/3838/3192 3858/3837/3191
f 3928/3836/3190 3929/3839/3193 3859/3838/3192
f 3929/3839/3193 3930/3840/3194 3859/3838/3192
f 3930/3840/3194 3861/3841/3195 3859/3838/3192
f 3930/3840/3194 3931/3842/3196 3861/3841/3195
f 3858/3837/3191 3859/3838/3192 3860/3843/3197
f 3859/3838/3192 3861/3841/3195 3860/3843/3197
f 3858/3837/3191 3860/3843/3197 3940/3844/3198
f 4510/3845/3199 3858/3837/3191 3940/3844/3198
f 3860/3843/3197 3862/3846/3200 3940/3844/3198
f 3860/3843/3197 3861/3841/3195 3862/3846/3200
f 3862/3846/3200 3941/3847/3201 3940/3844/3198
f 3941/3847/3201 3862/3846/3200 3937/3848/3202
f 3861/3841/3195 3863/3849/2959 3862/3846/3200
f 3931/3842/3196 3863/3849/2959 3861/3841/3195
f 3862/3846/3200 3864/3850/3203 3937/3848/3202
f 3862/3846/3200 3863/3849/2959 3864/3850/3203
f 3937/3848/3202 3864/3850/3203 3936/3851/3204
f 3863/3849/2959 3931/3842/3196 3865/3852/3205
f 3863/3849/2959 3865/3852/3205 3864/3850/3203
f 3931/3842/3196 3932/3853/3206 3865/3852/3205
f 3864/3850/3203 3866/3854/3207 3936/3851/3204
f 3864/3850/3203 3865/3852/3205 3866/3854/3207
f 3865/3852/3205 3932/3853/3206 3867/3855/3208
f 3865/3852/3205 3867/3855/3208 3866/3854/3207
f 3932/3853/3206 3933/3856/3209 3867/3855/3208
f 3867/3855/3208 3933/3856/3209 3899/3857/3210
f 3866/3854/3207 3867/3855/3208 3899/3857/3210
f 3933/3856/3209 3908/3858/3211 3899/3857/3210
f 3866/3854/3207 3915/3859/3212 3936/3851/3204
f 3915/3859/3212 3866/3854/3207 3899/3857/3210
f 3915/3859/3212 3914/3860/3213 3936/3851/3204
f 3908/3858/3211 3870/3861/3214 3899/3857/3210
f 3915/3859/3212 3899/3857/3210 3870/3861/3214
f 3870/3861/3214 3908/3858/3211 3868/3862/3215
f 3869/3863/3216 3915/3859/3212 3870/3861/3214
f 3914/3860/3213 3915/3859/3212 3869/3863/3216
f 3869/3863/3216 3870/3861/3214 3868/3862/3215
f 3908/3858/3211 3906/3864/3217 3868/3862/3215
f 3869/3863/3216 3912/3865/3218 3914/3860/3213
f 3912/3865/3218 3869/3863/3216 3868/3862/3215
f 3912/3865/3218 3911/3866/3219 3914/3860/3213
f 3911/3866/3219 3912/3865/3218 3910/3867/3220
f 3912/3865/3218 3868/3862/3215 3910/3867/3220
f 4508/3868/3221 3911/3866/3219 3910/3867/3220
f 3868/3862/3215 3906/3864/3217 3905/3869/3222
f 3868/3862/3215 3905/3869/3222 3910/3867/3220
f 3906/3864/3217 3907/3870/3223 3905/3869/3222
f 4508/3868/3221 3910/3867/3220 3944/3871/3224
f 3907/3870/3223 3918/3872/3225 3905/3869/3222
f 3918/3872/3225 3919/3873/3226 3905/3869/3222
f 3910/3867/3220 3905/3869/3222 3919/3873/3226
f 3918/3872/3225 3947/3874/3227 3919/3873/3226
f 3910/3867/3220 3945/3875/3228 3944/3871/3224
f 3945/3875/3228 3910/3867/3220 3919/3873/3226
f 3944/3871/3224 3945/3875/3228 3871/3807/3169
f 3945/3875/3228 3957/3876/3229 3871/3807/3169
f 3957/3876/3229 3945/3875/3228 3919/3873/3226
f 3957/3876/3229 3872/3805/3167 3871/3807/3169
f 3887/3877/3230 3957/3876/3229 3919/3873/3226
f 3957/3876/3229 3887/3877/3230 3872/3805/3167
f 3947/3874/3227 3887/3877/3230 3919/3873/3226
f 3887/3877/3230 3888/3878/3231 3872/3805/3167
f 3887/3877/3230 3947/3874/3227 3888/3878/3231
f 3872/3805/3167 3888/3878/3231 3902/3795/3157
f 3947/3874/3227 3948/3879/3232 3888/3878/3231
f 3904/3796/3158 3902/3795/3157 3888/3878/3231
f 3948/3879/3232 3904/3796/3158 3888/3878/3231
f 3875/3880/3233 3876/3881/3234 3874/3882/3234
f 4507/3883/3233 3875/3880/3233 3874/3882/3234
f 3876/3881/3234 3877/3884/3235 3874/3882/3234
f 3877/3884/3235 3878/3885/3235 3874/3882/3234
f 3877/3884/3235 3891/3886/3236 3878/3885/3235
f 3891/3886/3236 3882/3887/3236 3878/3885/3235
f 3891/3886/3236 3883/3888/3237 3882/3887/3236
f 3883/3888/3237 3884/3889/3238 3882/3887/3236
f 3884/3889/3238 3883/3888/3237 3889/3890/3239
f 3883/3888/3237 3890/3891/3240 3889/3890/3239
f 3889/3890/3239 3890/3891/3240 3955/3892/3241
f 3890/3891/3240 3953/3893/3242 3955/3892/3241
f 3955/3892/3241 3953/3893/3242 3952/3894/3243
f 3953/3893/3242 3954/3895/3244 3952/3894/3243
f 3954/3895/3244 3958/3896/3245 3952/3894/3243
f 3958/3896/3245 3960/3897/3246 3952/3894/3243
f 3959/3898/3247 3960/3897/3246 3958/3896/3245
f 3950/3899/3248 3959/3898/3247 3958/3896/3245
f 3959/3898/3247 3950/3899/3248 3949/3900/3249
f 3950/3899/3248 3951/3901/3250 3949/3900/3249
f 3949/3900/3249 3951/3901/3250 3956/3902/3251
f 3896/3903/3252 3949/3900/3249 3956/3902/3251
f 3956/3902/3251 3897/3904/3253 3896/3903/3252
f 3897/3904/3253 3898/3905/3254 3896/3903/3252
f 3897/3904/3253 3900/3906/3255 3898/3905/3254
f 3900/3906/3255 3892/3907/3256 3898/3905/3254
f 3900/3906/3255 3893/3908/3257 3892/3907/3256
f 3893/3908/3257 3879/3909/3257 3892/3907/3256
f 3893/3908/3257 3880/3910/3258 3879/3909/3257
f 3880/3910/3258 3881/3911/3258 3879/3909/3257
f 3880/3910/3258 3885/3912/3259 3881/3911/3258
f 3885/3912/3259 3886/3913/3259 3881/3911/3258
f 3886/3913/3259 3885/3912/3259 3894/3914/3260
f 3885/3912/3259 3895/3915/3260 3894/3914/3260
f 3962/3916/3261 3963/3917/3262 3961/3918/3262
f 4511/3919/3261 3962/3916/3261 3961/3918/3262
f 4027/3920/3263 3961/3918/3262 3963/3917/3262
f 4519/3921/3263 4027/3920/3263 3963/3917/3262
f 4519/3921/3263 4028/3922/3264 4027/3920/3263
f 4028/3922/3264 4029/3923/3264 4027/3920/3263
f 4029/3923/3264 4028/3922/3264 4081/3924/3265
f 4028/3922/3264 3992/3925/3265 4081/3924/3265
f 4081/3924/3265 3992/3925/3265 3991/3926/3266
f 3992/3925/3265 3993/3927/3266 3991/3926/3266
f 3965/3928/3267 3966/3929/3267 3964/3930/3268
f 4085/3931/3268 3965/3928/3267 3964/3930/3268
f 4084/3932/3269 4085/3931/3268 3964/3930/3268
f 4010/3933/3269 4084/3932/3269 3964/3930/3268
f 4084/3932/3269 4010/3933/3269 4009/3934/3270
f 4010/3933/3269 4011/3935/3270 4009/3934/3270
f 4009/3934/3270 4011/3935/3270 3978/3936/3271
f 4011/3935/3270 3976/3937/3271 3978/3936/3271
f 3977/3938/3272 3978/3936/3271 3976/3937/3271
f 4512/3939/3272 3977/3938/3272 3976/3937/3271
f 3968/3940/3273 3969/3938/3274 3967/3939/3274
f 4086/3941/3273 3968/3940/3273 3967/3939/3274
f 4087/3942/3275 3968/3940/3273 4086/3941/3273
f 4013/3943/3275 4087/3942/3275 4086/3941/3273
f 4087/3942/3275 4013/3943/3275 4012/3944/3276
f 4013/3943/3275 4014/3945/3276 4012/3944/3276
f 4012/3944/3276 4014/3945/3276 3982/3946/3277
f 3984/3947/3277 4012/3944/3276 3982/3946/3277
f 3983/3948/3278 3984/3947/3277 3982/3946/3277
f 4513/3949/3278 3983/3948/3278 3982/3946/3277
f 3971/3948/3279 3972/3949/3279 3970/3950/3280
f 4089/3951/3280 3971/3948/3279 3970/3950/3280
f 4088/3952/3281 4089/3951/3280 3970/3950/3280
f 4016/3953/3281 4088/3952/3281 3970/3950/3280
f 4088/3952/3281 4016/3953/3281 4015/3954/3282
f 4016/3953/3281 4017/3955/3282 4015/3954/3282
f 4015/3954/3282 4017/3955/3282 3990/3956/3283
f 4017/3955/3282 3988/3957/3283 3990/3956/3283
f 3989/3958/3284 3990/3956/3283 3988/3957/3283
f 4515/3959/3284 3989/3958/3284 3988/3957/3283
f 3974/3960/3285 3975/3961/3285 3973/3962/3286
f 4093/3963/3286 3974/3960/3285 3973/3962/3286
f 4092/3964/3287 4093/3963/3286 3973/3962/3286
f 4022/3965/3287 4092/3964/3287 3973/3962/3286
f 4092/3964/3287 4022/3965/3287 4021/3966/3288
f 4022/3965/3287 4023/3967/3288 4021/3966/3288
f 4021/3966/3288 4023/3967/3288 4002/3968/3289
f 4023/3967/3288 4000/3969/3289 4002/3968/3289
f 4001/3970/3290 4002/3968/3289 4000/3969/3289
f 4517/3971/3290 4001/3970/3290 4000/3969/3289
f 3980/3970/3291 3981/3971/3291 3979/3972/3292
f 4095/3973/3292 3980/3970/3291 3979/3972/3292
f 4094/3974/3293 4095/3973/3292 3979/3972/3292
f 4025/3975/3293 4094/3974/3293 3979/3972/3292
f 4094/3974/3293 4025/3975/3293 4024/3976/3294
f 4025/3975/3293 4026/3977/3294 4024/3976/3294
f 4024/3976/3294 4026/3977/3294 3987/3978/3295
f 4026/3977/3294 3985/3979/3295 3987/3978/3295
f 3986/3927/3296 3987/3978/3295 3985/3979/3295
f 4514/3926/3296 3986/3927/3296 3985/3979/3295
f 3995/3960/3297 3996/3980/3298 3994/3981/3298
f 4516/3961/3297 3995/3960/3297 3994/3981/3298
f 4020/3982/3299 3994/3981/3298 3996/3980/3298
f 4018/3983/3299 4020/3982/3299 3996/3980/3298
f 4019/3984/3300 4020/3982/3299 4018/3983/3299
f 4091/3985/3300 4019/3984/3300 4018/3983/3299
f 4019/3984/3300 4091/3985/3300 4090/3986/3301
f 4030/3987/3301 4019/3984/3300 4090/3986/3301
f 4090/3986/3301 4031/3958/3302 4030/3987/3301
f 4031/3958/3302 4032/3959/3302 4030/3987/3301
f 3998/3916/3303 3999/3919/3303 3997/3988/3304
f 4082/3989/3304 3998/3916/3303 3997/3988/3304
f 3997/3988/3304 4007/3990/3305 4082/3989/3304
f 4007/3990/3305 4083/3991/3305 4082/3989/3304
f 4083/3991/3305 4007/3990/3305 4006/3992/3306
f 4007/3990/3305 4008/3993/3307 4006/3992/3306
f 4006/3992/3306 4008/3993/3307 4005/3994/3308
f 4008/3993/3307 4003/3995/3308 4005/3994/3308
f 4004/3996/3309 4005/3994/3308 4003/3995/3308
f 4518/3997/3309 4004/3996/3309 4003/3995/3308
f 4034/3998/3310 4035/3999/3311 4033/4000/3312
f 4034/3998/3310 4033/4000/3312 4096/4001/3313
f 4033/4000/3312 4097/4002/3314 4096/4001/3313
f 4035/3999/3311 4038/4003/3315 4033/4000/3312
f 4038/4003/3315 4037/4004/3316 4033/4000/3312
f 4037/4004/3316 4038/4003/3315 4036/4005/3317
f 4037/4004/3316 4036/4005/3317 4098/4006/3318
f 4520/4007/3319 4037/4004/3316 4098/4006/3318
f 4040/4008/3320 4041/4009/3321 4039/4010/3322
f 4040/4008/3320 4039/4010/3322 4099/4006/3323
f 4039/4010/3322 4100/4007/3324 4099/4006/3323
f 4039/4010/3322 4041/4009/3321 4043/4011/3325
f 4041/4009/3321 4044/4012/3326 4043/4011/3325
f 4043/4011/3325 4044/4012/3326 4042/4013/3327
f 4043/4011/3325 4042/4013/3327 4101/4014/3328
f 4521/4015/3329 4043/4011/3325 4101/4014/3328
f 4046/4016/3330 4047/4017/3331 4045/4018/3332
f 4046/4016/3330 4045/4018/3332 4102/4014/3333
f 4045/4018/3332 4103/4015/3334 4102/4014/3333
f 4047/4017/3331 4050/4019/3335 4045/4018/3332
f 4050/4019/3335 4049/4020/3336 4045/4018/3332
f 4049/4020/3336 4050/4019/3335 4048/4021/3337
f 4049/4020/3336 4048/4021/3337 4104/4022/3338
f 4522/4023/3339 4049/4020/3336 4104/4022/3338
f 4052/4024/3340 4053/4025/3341 4051/4026/3342
f 4052/4024/3340 4051/4026/3342 4105/4022/3343
f 4051/4026/3342 4106/4023/3344 4105/4022/3343
f 4051/4026/3342 4053/4025/3341 4055/4027/3345
f 4053/4025/3341 4056/4028/3346 4055/4027/3345
f 4055/4027/3345 4056/4028/3346 4054/4029/3347
f 4055/4027/3345 4054/4029/3347 4107/4030/3348
f 4523/4031/3349 4055/4027/3345 4107/4030/3348
f 4058/4032/3350 4059/4033/3351 4057/4034/3352
f 4058/4032/3350 4057/4034/3352 4108/4030/3353
f 4057/4034/3352 4109/4031/3354 4108/4030/3353
f 4059/4033/3351 4062/4035/3355 4057/4034/3352
f 4062/4035/3355 4061/4036/3356 4057/4034/3352
f 4061/4036/3356 4062/4035/3355 4060/4037/3357
f 4061/4036/3356 4060/4037/3357 4110/4038/3358
f 4524/4039/3359 4061/4036/3356 4110/4038/3358
f 4064/4040/3360 4065/4041/3361 4063/4042/3362
f 4064/4040/3360 4063/4042/3362 4111/4038/3363
f 4063/4042/3362 4112/4039/3364 4111/4038/3363
f 4065/4041/3361 4068/4043/3365 4063/4042/3362
f 4068/4043/3365 4067/4044/3366 4063/4042/3362
f 4067/4044/3366 4068/4043/3365 4066/4045/3367
f 4067/4044/3366 4066/4045/3367 4113/4046/3368
f 4525/4047/3369 4067/4044/3366 4113/4046/3368
f 4070/4048/3370 4071/4049/3371 4069/4050/3372
f 4070/4048/3370 4069/4050/3372 4114/4046/3373
f 4069/4050/3372 4115/4047/3374 4114/4046/3373
f 4071/4049/3371 4074/4051/3375 4069/4050/3372
f 4074/4051/3375 4073/4052/3376 4069/4050/3372
f 4073/4052/3376 4074/4051/3375 4072/4053/3377
f 4073/4052/3376 4072/4053/3377 4116/4054/3378
f 4526/4055/3379 4073/4052/3376 4116/4054/3378
f 4076/4056/3380 4077/4057/3381 4075/4058/3382
f 4076/4056/3380 4075/4058/3382 4117/4054/3383
f 4075/4058/3382 4118/4055/3384 4117/4054/3383
f 4077/4057/3381 4080/4059/3385 4075/4058/3382
f 4080/4059/3385 4079/4060/3386 4075/4058/3382
f 4079/4060/3386 4080/4059/3385 4078/4061/3387
f 4079/4060/3386 4078/4061/3387 4119/4062/3388
f 4527/4063/3389 4079/4060/3386 4119/4062/3388
f 4121/4064/3390 4122/4065/3391 4120/4066/3391
f 4528/4067/3390 4121/4064/3390 4120/4066/3391
f 4161/4068/3392 4120/4066/3391 4122/4065/3391
f 4159/4069/3392 4161/4068/3392 4122/4065/3391
f 4160/4070/3393 4161/4068/3392 4159/4069/3392
f 4190/4071/3393 4160/4070/3393 4159/4069/3392
f 4160/4070/3393 4190/4071/3393 4189/4072/3394
f 4190/4071/3393 4133/4073/3395 4189/4072/3394
f 4189/4072/3394 4133/4073/3395 4132/4074/3396
f 4133/4073/3395 4134/4075/3396 4132/4074/3396
f 4124/4076/3397 4125/4077/3397 4123/4078/3398
f 4196/4079/3398 4124/4076/3397 4123/4078/3398
f 4154/4080/3399 4196/4079/3398 4123/4078/3398
f 4155/4081/3399 4154/4080/3399 4123/4078/3398
f 4154/4080/3399 4155/4081/3399 4153/4082/3400
f 4531/4083/3400 4154/4080/3399 4153/4082/3400
f 4531/4083/3400 4153/4082/3400 4143/4084/3401
f 4153/4082/3400 4141/4085/3401 4143/4084/3401
f 4142/4086/3402 4143/4084/3401 4141/4085/3401
f 4530/4087/3402 4142/4086/3402 4141/4085/3401
f 4127/4088/3403 4128/4086/3404 4126/4087/3404
f 4198/4089/3403 4127/4088/3403 4126/4087/3404
f 4199/4090/3405 4127/4088/3403 4198/4089/3403
f 4157/4091/3405 4199/4090/3405 4198/4089/3403
f 4199/4090/3405 4157/4091/3405 4156/4092/3406
f 4157/4091/3405 4158/4093/3406 4156/4092/3406
f 4156/4092/3406 4158/4093/3406 4129/4094/3407
f 4158/4093/3406 4197/4095/3407 4129/4094/3407
f 4197/4095/3407 4130/4074/3408 4129/4094/3407
f 4130/4074/3408 4131/4075/3408 4129/4094/3407
f 4136/4076/3409 4137/4096/3410 4135/4097/3410
f 4529/4077/3409 4136/4076/3409 4135/4097/3410
f 4152/4098/3411 4135/4097/3410 4137/4096/3410
f 4150/4099/3411 4152/4098/3411 4137/4096/3410
f 4151/4100/3412 4152/4098/3411 4150/4099/3411
f 4194/4101/3412 4151/4100/3412 4150/4099/3411
f 4151/4100/3412 4194/4101/3412 4162/4102/3413
f 4194/4101/3412 4195/4103/3413 4162/4102/3413
f 4195/4103/3413 4163/4104/3414 4162/4102/3413
f 4163/4104/3414 4164/4105/3414 4162/4102/3413
f 4139/4064/3415 4140/4067/3415 4138/4106/3416
f 4193/4107/3416 4139/4064/3415 4138/4106/3416
f 4192/4108/3417 4193/4107/3416 4138/4106/3416
f 4148/4109/3417 4192/4108/3417 4138/4106/3416
f 4192/4108/3417 4148/4109/3417 4147/4110/3418
f 4148/4109/3417 4149/4111/3418 4147/4110/3418
f 4147/4110/3418 4149/4111/3418 4144/4112/3419
f 4149/4111/3418 4191/4113/3419 4144/4112/3419
f 4191/4113/3419 4145/4114/3420 4144/4112/3419
f 4145/4114/3420 4146/4115/3420 4144/4112/3419
f 4166/4116/3421 4167/4117/3422 4165/4118/3423
f 4166/4116/3421 4165/4118/3423 4200/4119/3424
f 4165/4118/3423 4201/4120/3425 4200/4119/3424
f 4167/4117/3422 4170/4121/3426 4165/4118/3423
f 4170/4121/3426 4169/4122/3427 4165/4118/3423
f 4169/4122/3427 4170/4121/3426 4168/4123/3428
f 4169/4122/3427 4168/4123/3428 4202/4124/3429
f 4532/4125/3430 4169/4122/3427 4202/4124/3429
f 4172/4126/3431 4173/4127/3432 4171/4128/3433
f 4172/4126/3431 4171/4128/3433 4203/4124/3434
f 4171/4128/3433 4204/4125/3435 4203/4124/3434
f 4171/4128/3433 4173/4127/3432 4175/4129/3436
f 4173/4127/3432 4176/4130/3437 4175/4129/3436
f 4175/4129/3436 4176/4130/3437 4174/4131/3438
f 4175/4129/3436 4174/4131/3438 4205/4132/3439
f 4533/4133/3440 4175/4129/3436 4205/4132/3439
f 4178/4134/3441 4179/4135/3442 4177/4136/3443
f 4178/4134/3441 4177/4136/3443 4206/4132/3444
f 4177/4136/3443 4207/4133/3445 4206/4132/3444
f 4177/4136/3443 4179/4135/3442 4181/4137/3446
f 4179/4135/3442 4182/4138/3447 4181/4137/3446
f 4181/4137/3446 4182/4138/3447 4180/4139/3448
f 4181/4137/3446 4180/4139/3448 4208/4140/3449
f 4534/4141/3450 4181/4137/3446 4208/4140/3449
f 4184/4142/3451 4185/4143/3452 4183/4144/3453
f 4184/4142/3451 4183/4144/3453 4209/4140/3454
f 4183/4144/3453 4210/4141/3455 4209/4140/3454
f 4185/4143/3452 4188/4145/3456 4183/4144/3453
f 4188/4145/3456 4187/4146/3457 4183/4144/3453
f 4187/4146/3457 4188/4145/3456 4186/4147/3458
f 4187/4146/3457 4186/4147/3458 4211/4148/3459
f 4535/4149/3460 4187/4146/3457 4211/4148/3459
f 4213/4150/3461 4214/4151/3461 4212/4152/3462
f 4283/4153/3462 4213/4150/3461 4212/4152/3462
f 4282/4154/3463 4283/4153/3462 4212/4152/3462
f 4240/4155/3463 4282/4154/3463 4212/4152/3462
f 4282/4154/3463 4240/4155/3463 4239/4156/3464
f 4240/4155/3463 4241/4157/3464 4239/4156/3464
f 4239/4156/3464 4241/4157/3464 4281/4158/3465
f 4224/4159/3465 4239/4156/3464 4281/4158/3465
f 4281/4158/3465 4225/4160/3466 4224/4159/3465
f 4225/4160/3466 4226/4161/3466 4224/4159/3465
f 4216/4162/3467 4217/4161/3468 4215/4160/3469
f 4284/4163/3467 4216/4162/3467 4215/4160/3469
f 4243/4164/3470 4216/4162/3467 4284/4163/3467
f 4244/4165/3470 4243/4164/3470 4284/4163/3467
f 4243/4164/3470 4244/4165/3470 4242/4166/3471
f 4540/4167/3472 4243/4164/3470 4242/4166/3471
f 4540/4167/3472 4242/4166/3471 4229/4168/3473
f 4242/4166/3471 4227/4169/3473 4229/4168/3473
f 4228/4170/3474 4229/4168/3473 4227/4169/3473
f 4536/4171/3474 4228/4170/3474 4227/4169/3473
f 4219/4170/3475 4220/4171/3475 4218/4172/3476
f 4286/4173/3476 4219/4170/3475 4218/4172/3476
f 4285/4174/3477 4286/4173/3476 4218/4172/3476
f 4246/4175/3477 4285/4174/3477 4218/4172/3476
f 4285/4174/3477 4246/4175/3477 4245/4176/3478
f 4246/4175/3477 4247/4177/3478 4245/4176/3478
f 4245/4176/3478 4247/4177/3478 4232/4178/3479
f 4247/4177/3478 4230/4179/3479 4232/4178/3479
f 4231/4104/3480 4232/4178/3479 4230/4179/3479
f 4537/4105/3480 4231/4104/3480 4230/4179/3479
f 4222/4076/3481 4223/4077/3481 4221/4078/3482
f 4289/4079/3482 4222/4076/3481 4221/4078/3482
f 4288/4080/3483 4289/4079/3482 4221/4078/3482
f 4252/4081/3483 4288/4080/3483 4221/4078/3482
f 4288/4080/3483 4252/4081/3483 4251/4083/3484
f 4252/4081/3483 4253/4082/3484 4251/4083/3484
f 4251/4083/3484 4253/4082/3484 4238/4084/3485
f 4253/4082/3484 4236/4085/3485 4238/4084/3485
f 4237/4086/3486 4238/4084/3485 4236/4085/3485
f 4539/4087/3486 4237/4086/3486 4236/4085/3485
f 4234/4076/3487 4235/4096/3488 4233/4097/3488
f 4538/4077/3487 4234/4076/3487 4233/4097/3488
f 4248/4098/3489 4233/4097/3488 4235/4096/3488
f 4541/4099/3489 4248/4098/3489 4235/4096/3488
f 4541/4099/3489 4249/4101/3490 4248/4098/3489
f 4249/4101/3490 4250/4100/3490 4248/4098/3489
f 4250/4100/3490 4249/4101/3490 4254/4102/3491
f 4249/4101/3490 4287/4103/3491 4254/4102/3491
f 4287/4103/3491 4255/4104/3492 4254/4102/3491
f 4255/4104/3492 4256/4105/3492 4254/4102/3491
f 4258/4180/3493 4259/4181/3494 4257/4182/3495
f 4258/4180/3493 4257/4182/3495 4290/4183/3496
f 4257/4182/3495 4291/4184/3496 4290/4183/3496
f 4257/4182/3495 4259/4181/3494 4261/4185/3497
f 4259/4181/3494 4262/4186/3498 4261/4185/3497
f 4261/4185/3497 4262/4186/3498 4260/4187/3499
f 4261/4185/3497 4260/4187/3499 4292/4188/3500
f 4542/4189/3501 4261/4185/3497 4292/4188/3500
f 4264/4190/3502 4265/4191/3503 4263/4192/3504
f 4264/4190/3502 4263/4192/3504 4293/4188/3505
f 4263/4192/3504 4294/4189/3506 4293/4188/3505
f 4265/4191/3503 4268/4193/3507 4263/4192/3504
f 4268/4193/3507 4267/4194/3508 4263/4192/3504
f 4267/4194/3508 4268/4193/3507 4266/4195/3509
f 4267/4194/3508 4266/4195/3509 4295/4196/3510
f 4543/4197/3511 4267/4194/3508 4295/4196/3510
f 4270/4198/3512 4271/4199/3513 4269/4200/3514
f 4270/4198/3512 4269/4200/3514 4296/4196/3515
f 4269/4200/3514 4297/4197/3516 4296/4196/3515
f 4269/4200/3514 4271/4199/3513 4273/4201/3517
f 4271/4199/3513 4274/4202/3518 4273/4201/3517
f 4273/4201/3517 4274/4202/3518 4272/4203/3519
f 4273/4201/3517 4272/4203/3519 4298/4204/3520
f 4544/4205/3521 4273/4201/3517 4298/4204/3520
f 4276/4206/3522 4277/4207/3523 4275/4208/3524
f 4276/4206/3522 4275/4208/3524 4299/4204/3525
f 4275/4208/3524 4300/4205/3526 4299/4204/3525
f 4275/4208/3524 4277/4207/3523 4279/4209/3527
f 4277/4207/3523 4280/4210/3528 4279/4209/3527
f 4279/4209/3527 4280/4210/3528 4278/4211/3529
f 4279/4209/3527 4278/4211/3529 4301/4119/3530
f 4545/4120/3531 4279/4209/3527 4301/4119/3530
f 4303/4064/3532 4304/4065/3533 4302/4066/3533
f 4546/4067/3534 4303/4064/3532 4302/4066/3533
f 4304/4065/3533 4368/4069/3535 4302/4066/3533
f 4368/4069/3535 4370/4068/3535 4302/4066/3533
f 4369/4070/3536 4370/4068/3535 4368/4069/3535
f 4422/4071/3536 4369/4070/3536 4368/4069/3535
f 4369/4070/3536 4422/4071/3536 4333/4072/3537
f 4422/4071/3536 4334/4073/3537 4333/4072/3537
f 4333/4072/3537 4334/4073/3537 4332/4075/3538
f 4551/4074/3538 4333/4072/3537 4332/4075/3538
f 4306/4150/3539 4307/4151/3539 4305/4152/3540
f 4427/4153/3540 4306/4150/3539 4305/4152/3540
f 4426/4154/3541 4427/4153/3540 4305/4152/3540
f 4351/4155/3541 4426/4154/3541 4305/4152/3540
f 4426/4154/3541 4351/4155/3541 4350/4156/3542
f 4351/4155/3541 4352/4157/3542 4350/4156/3542
f 4350/4156/3542 4352/4157/3542 4319/4159/3543
f 4352/4157/3542 4317/4158/3543 4319/4159/3543
f 4318/4161/3544 4319/4159/3543 4317/4158/3543
f 4547/4160/3544 4318/4161/3544 4317/4158/3543
f 4309/4161/3545 4310/4160/3545 4308/4163/3546
f 4429/4162/3546 4309/4161/3545 4308/4163/3546
f 4428/4164/3547 4429/4162/3546 4308/4163/3546
f 4354/4165/3547 4428/4164/3547 4308/4163/3546
f 4428/4164/3547 4354/4165/3547 4353/4167/3548
f 4354/4165/3547 4355/4166/3548 4353/4167/3548
f 4353/4167/3548 4355/4166/3548 4325/4168/3549
f 4355/4166/3548 4323/4169/3549 4325/4168/3549
f 4324/4170/3550 4325/4168/3549 4323/4169/3549
f 4548/4171/3550 4324/4170/3550 4323/4169/3549
f 4312/4170/3551 4313/4171/3551 4311/4172/3251
f 4431/4173/3251 4312/4170/3551 4311/4172/3251
f 4430/4174/3552 4431/4173/3251 4311/4172/3251
f 4357/4175/3552 4430/4174/3552 4311/4172/3251
f 4430/4174/3552 4357/4175/3552 4356/4176/3553
f 4357/4175/3552 4358/4177/3553 4356/4176/3553
f 4356/4176/3553 4358/4177/3553 4331/4178/3554
f 4358/4177/3553 4329/4179/3554 4331/4178/3554
f 4330/4104/3555 4331/4178/3554 4329/4179/3554
f 4550/4105/3555 4330/4104/3555 4329/4179/3554
f 4315/4076/3556 4316/4077/3556 4314/4078/3557
f 4435/4079/3557 4315/4076/3556 4314/4078/3557
f 4314/4078/3557 4363/4081/3558 4435/4079/3557
f 4363/4081/3558 4436/4080/3558 4435/4079/3557
f 4436/4080/3558 4363/4081/3558 4362/4083/3559
f 4363/4081/3558 4364/4082/3559 4362/4083/3559
f 4362/4083/3559 4364/4082/3559 4341/4084/3560
f 4364/4082/3559 4434/4085/3560 4341/4084/3560
f 4434/4085/3560 4342/4087/3561 4341/4084/3560
f 4342/4087/3561 4343/4086/3561 4341/4084/3560
f 4321/4088/3562 4322/4086/3563 4320/4087/3563
f 4437/4089/3562 4321/4088/3562 4320/4087/3563
f 4366/4090/3564 4321/4088/3562 4437/4089/3562
f 4367/4091/3564 4366/4090/3564 4437/4089/3562
f 4366/4090/3564 4367/4091/3564 4365/4093/3565
f 4553/4092/3565 4366/4090/3564 4365/4093/3565
f 4553/4092/3565 4365/4093/3565 4328/4094/3566
f 4365/4093/3565 4326/4095/3566 4328/4094/3566
f 4327/4075/3567 4328/4094/3566 4326/4095/3566
f 4549/4074/3567 4327/4075/3567 4326/4095/3566
f 4336/4076/3568 4337/4096/3569 4335/4097/3569
f 4552/4077/3568 4336/4076/3568 4335/4097/3569
f 4361/4098/3570 4335/4097/3569 4337/4096/3569
f 4359/4099/3570 4361/4098/3570 4337/4096/3569
f 4360/4100/3571 4361/4098/3570 4359/4099/3570
f 4432/4101/3571 4360/4100/3571 4359/4099/3570
f 4360/4100/3571 4432/4101/3571 4371/4102/3572
f 4432/4101/3571 4433/4103/3572 4371/4102/3572
f 4433/4103/3572 4372/4104/3573 4371/4102/3572
f 4372/4104/3573 4373/4105/3573 4371/4102/3572
f 4339/4064/3574 4340/4067/3574 4338/4106/3575
f 4425/4107/3575 4339/4064/3574 4338/4106/3575
f 4424/4108/3576 4425/4107/3575 4338/4106/3575
f 4348/4109/3576 4424/4108/3576 4338/4106/3575
f 4424/4108/3576 4348/4109/3576 4347/4110/3577
f 4348/4109/3576 4349/4111/3577 4347/4110/3577
f 4347/4110/3577 4349/4111/3577 4344/4112/3578
f 4349/4111/3577 4423/4113/3578 4344/4112/3578
f 4423/4113/3578 4345/4114/3579 4344/4112/3578
f 4345/4114/3579 4346/4115/3579 4344/4112/3578
f 4375/4180/3580 4376/4181/3581 4374/4182/3582
f 4375/4180/3580 4374/4182/3582 4438/4183/3583
f 4374/4182/3582 4439/4184/3584 4438/4183/3583
f 4376/4181/3581 4379/4186/3585 4374/4182/3582
f 4379/4186/3585 4378/4185/3586 4374/4182/3582
f 4378/4185/3586 4379/4186/3585 4377/4187/3587
f 4378/4185/3586 4377/4187/3587 4440/4188/3588
f 4554/4189/3589 4378/4185/3586 4440/4188/3588
f 4381/4190/3590 4382/4191/3591 4380/4192/3592
f 4381/4190/3590 4380/4192/3592 4441/4188/3593
f 4380/4192/3592 4442/4189/3594 4441/4188/3593
f 4382/4191/3591 4385/4193/3595 4380/4192/3592
f 4385/4193/3595 4384/4194/3596 4380/4192/3592
f 4384/4194/3596 4385/4193/3595 4383/4195/3597
f 4384/4194/3596 4383/4195/3597 4443/4196/3598
f 4555/4197/3599 4384/4194/3596 4443/4196/3598
f 4387/4198/3600 4388/4199/3601 4386/4200/3602
f 4387/4198/3600 4386/4200/3602 4444/4196/3603
f 4386/4200/3602 4445/4197/3604 4444/4196/3603
f 4386/4200/3602 4388/4199/3601 4390/4201/3605
f 4388/4199/3601 4391/4202/3606 4390/4201/3605
f 4390/4201/3605 4391/4202/3606 4389/4203/3607
f 4390/4201/3605 4389/4203/3607 4446/4204/3608
f 4556/4205/3609 4390/4201/3605 4446/4204/3608
f 4393/4206/3610 4394/4207/3611 4392/4208/3612
f 4393/4206/3610 4392/4208/3612 4447/4204/3613
f 4392/4208/3612 4448/4205/3614 4447/4204/3613
f 4392/4208/3612 4394/4207/3611 4396/4209/3615
f 4394/4207/3611 4397/4210/3616 4396/4209/3615
f 4396/4209/3615 4397/4210/3616 4395/4211/3617
f 4396/4209/3615 4395/4211/3617 4449/4119/3618
f 4557/4120/3619 4396/4209/3615 4449/4119/3618
f 4399/4116/3620 4400/4117/3621 4398/4118/3622
f 4399/4116/3620 4398/4118/3622 4450/4119/3623
f 4398/4118/3622 4451/4120/3624 4450/4119/3623
f 4400/4117/3621 4403/4121/3625 4398/4118/3622
f 4403/4121/3625 4402/4122/3626 4398/4118/3622
f 4402/4122/3626 4403/4121/3625 4401/4123/3627
f 4402/4122/3626 4401/4123/3627 4452/4124/3628
f 4558/4125/3629 4402/4122/3626 4452/4124/3628
f 4405/4126/3630 4406/4127/3631 4404/4128/3632
f 4405/4126/3630 4404/4128/3632 4453/4124/3633
f 4404/4128/3632 4454/4125/3634 4453/4124/3633
f 4404/4128/3632 4406/4127/3631 4408/4129/3635
f 4406/4127/3631 4409/4130/3636 4408/4129/3635
f 4408/4129/3635 4409/4130/3636 4407/4131/3637
f 4408/4129/3635 4407/4131/3637 4455/4132/3638
f 4559/4133/3639 4408/4129/3635 4455/4132/3638
f 4411/4134/3640 4412/4135/3641 4410/4136/3642
f 4411/4134/3640 4410/4136/3642 4456/4132/3643
f 4410/4136/3642 4457/4133/3644 4456/4132/3643
f 4410/4136/3642 4412/4135/3641 4414/4137/3645
f 4412/4135/3641 4415/4138/3646 4414/4137/3645
f 4414/4137/3645 4415/4138/3646 4413/4139/3647
f 4414/4137/3645 4413/4139/3647 4458/4140/3648
f 4560/4141/3649 4414/4137/3645 4458/4140/3648
f 4417/4142/3650 4418/4143/3651 4416/4144/3652
f 4417/4142/3650 4416/4144/3652 4459/4140/3653
f 4416/4144/3652 4460/4141/3654 4459/4140/3653
f 4416/4144/3652 4418/4143/3651 4420/4146/3655
f 4418/4143/3651 4421/4145/3656 4420/4146/3655
f 4420/4146/3655 4421/4145/3656 4419/4147/3657
f 4420/4146/3655 4419/4147/3657 4461/4148/3658
f 4561/4149/3659 4420/4146/3655 4461/4148/3658
f 4567/4212/3660 4568/4213/3661 4566/4214/3662
f 4568/4213/3661 4641/4215/3663 4566/4214/3662
f 4600/4216/3664 4567/4212/3660 4566/4214/3662
f 4640/4217/3665 4567/4212/3660 4600/4216/3664
f 4566/4214/3662 4641/4215/3663 4601/4218/3666
f 4566/4214/3662 4601/4218/3666 4600/4216/3664
f 4641/4215/3663 4644/4219/3667 4601/4218/3666
f 4645/4220/3668 4601/4218/3666 4644/4219/3667
f 4601/4218/3666 4645/4220/3668 4643/4221/3669
f 4600/4216/3664 4602/4222/3670 4640/4217/3665
f 4601/4218/3666 4602/4222/3670 4600/4216/3664
f 4602/4222/3670 4601/4218/3666 4643/4221/3669
f 4602/4222/3670 4642/4223/3671 4640/4217/3665
f 4602/4222/3670 4643/4221/3669 4642/4223/3671
f 4570/4224/3672 4571/4225/3673 4569/4226/3674
f 4666/4227/3675 4571/4225/3673 4570/4224/3672
f 4610/4228/3676 4666/4227/3675 4570/4224/3672
f 4666/4227/3675 4648/4229/3677 4571/4225/3673
f 4610/4228/3676 4570/4224/3672 4609/4230/3678
f 4570/4224/3672 4621/4231/3679 4609/4230/3678
f 4621/4231/3679 4570/4224/3672 4569/4226/3674
f 4621/4231/3679 4620/4232/3680 4609/4230/3678
f 4648/4229/3677 4649/4233/3681 4571/4225/3673
f 4649/4233/3681 4569/4226/3674 4571/4225/3673
f 4650/4234/3682 4649/4233/3681 4648/4229/3677
f 4665/4235/3683 4650/4234/3682 4648/4229/3677
f 4649/4233/3681 4650/4234/3682 4637/4236/3684
f 4569/4226/3674 4649/4233/3681 4637/4236/3684
f 4612/4237/3685 4650/4234/3682 4665/4235/3683
f 4650/4234/3682 4612/4237/3685 4637/4236/3684
f 4613/4238/3686 4612/4237/3685 4665/4235/3683
f 4612/4237/3685 4613/4238/3686 4611/4239/3687
f 4616/4240/3688 4612/4237/3685 4611/4239/3687
f 4616/4240/3688 4637/4236/3684 4612/4237/3685
f 4617/4241/3689 4616/4240/3688 4611/4239/3687
f 4569/4226/3674 4637/4236/3684 4630/4242/3690
f 4637/4236/3684 4639/4243/3691 4630/4242/3690
f 4630/4242/3690 4631/4244/3692 4569/4226/3674
f 4638/4245/3693 4639/4243/3691 4637/4236/3684
f 4624/4246/3694 4569/4226/3674 4631/4244/3692
f 4638/4245/3693 4637/4236/3684 4632/4247/3695
f 4632/4247/3695 4637/4236/3684 4616/4240/3688
f 4634/4248/3696 4638/4245/3693 4632/4247/3695
f 4625/4249/3697 4624/4246/3694 4631/4244/3692
f 4624/4246/3694 4621/4231/3679 4569/4226/3674
f 4633/4250/3698 4634/4248/3696 4632/4247/3695
f 4633/4250/3698 4632/4247/3695 4616/4240/3688
f 4634/4248/3696 4633/4250/3698 4636/4251/3699
f 4625/4249/3697 4626/4252/3700 4624/4246/3694
f 4625/4249/3697 4629/4253/3701 4626/4252/3700
f 4619/4254/3702 4621/4231/3679 4624/4246/3694
f 4626/4252/3700 4619/4254/3702 4624/4246/3694
f 4620/4232/3680 4621/4231/3679 4619/4254/3702
f 4629/4253/3701 4628/4255/3703 4626/4252/3700
f 4626/4252/3700 4628/4255/3703 4619/4254/3702
f 4628/4255/3703 4629/4253/3701 4627/4256/3704
f 4628/4255/3703 4627/4256/3704 4635/4257/3705
f 4619/4254/3702 4595/4258/3706 4620/4232/3680
f 4619/4254/3702 4628/4255/3703 4595/4258/3706
f 4595/4258/3706 4623/4259/3707 4620/4232/3680
f 4623/4259/3707 4595/4258/3706 4622/4260/3708
f 4596/4261/3709 4628/4255/3703 4635/4257/3705
f 4628/4255/3703 4596/4261/3709 4595/4258/3706
f 4636/4251/3699 4596/4261/3709 4635/4257/3705
f 4633/4250/3698 4596/4261/3709 4636/4251/3699
f 4595/4258/3706 4594/4262/3710 4622/4260/3708
f 4595/4258/3706 4596/4261/3709 4594/4262/3710
f 4594/4262/3710 4614/4263/3711 4622/4260/3708
f 4594/4262/3710 4615/4264/3712 4614/4263/3711
f 4615/4264/3712 4594/4262/3710 4617/4241/3689
f 4594/4262/3710 4596/4261/3709 4618/4265/3713
f 4618/4265/3713 4596/4261/3709 4633/4250/3698
f 4594/4262/3710 4618/4265/3713 4617/4241/3689
f 4618/4265/3713 4633/4250/3698 4616/4240/3688
f 4617/4241/3689 4618/4265/3713 4616/4240/3688
f 4573/4266/3714 4574/4267/3715 4572/4268/3716
f 4689/4269/3717 4573/4266/3714 4572/4268/3716
f 4689/4269/3717 4690/4270/367 4573/4266/3714
f 4691/4271/367 4573/4266/3714 4690/4270/367
f 4692/4272/367 4573/4266/3714 4691/4271/367
f 4573/4266/3714 4654/4273/3718 4574/4267/3715
f 4573/4266/3714 4692/4272/367 4654/4273/3718
f 4654/4273/3718 4655/4274/3719 4574/4267/3715
f 4652/4275/3720 4655/4274/3719 4654/4273/3718
f 4658/4276/3721 4654/4273/3718 4692/4272/367
f 4593/4277/3722 4652/4275/3720 4654/4273/3718
f 4658/4276/3721 4593/4277/3722 4654/4273/3718
f 4651/4278/3723 4652/4275/3720 4593/4277/3722
f 4591/4279/367 4593/4277/3722 4658/4276/3721
f 4592/4280/3724 4651/4278/3723 4593/4277/3722
f 4592/4280/3724 4593/4277/3722 4591/4279/367
f 4651/4278/3723 4592/4280/3724 4653/4281/3725
f 4653/4281/3725 4592/4280/3724 4591/4279/367
f 4699/4282/3726 4651/4278/3723 4653/4281/3725
f 4693/4283/367 4591/4279/367 4658/4276/3721
f 4657/4284/3727 4693/4283/367 4658/4276/3721
f 4694/4285/367 4693/4283/367 4657/4284/3727
f 4657/4284/3727 4658/4276/3721 4656/4286/878
f 4700/4287/878 4657/4284/3727 4656/4286/878
f 4576/4288/3728 4577/4289/3729 4575/4290/3730
f 4671/4291/3731 4576/4288/3728 4575/4290/3730
f 4577/4289/3729 4576/4288/3728 4669/4292/3732
f 4670/4293/3733 4671/4291/3731 4575/4290/3730
f 4608/4294/3734 4577/4289/3729 4669/4292/3732
f 4603/4295/3735 4670/4293/3733 4575/4290/3730
f 4697/4296/378 4608/4294/3734 4669/4292/3732
f 4670/4293/3733 4603/4295/3735 4696/4297/367
f 4606/4298/3736 4608/4294/3734 4697/4296/378
f 4696/4297/367 4603/4295/3735 4605/4299/3737
f 4607/4300/3736 4608/4294/3734 4606/4298/3736
f 4607/4300/3736 4606/4298/3736 4667/4301/3738
f 4606/4298/3736 4668/4302/3738 4667/4301/3738
f 4604/4303/3737 4605/4299/3737 4603/4295/3735
f 4599/4304/3739 4605/4299/3737 4604/4303/3737
f 4597/4305/3739 4599/4304/3739 4604/4303/3737
f 4598/4306/175 4599/4304/3739 4597/4305/3739
f 4695/4307/175 4598/4306/175 4597/4305/3739
f 4579/4308/3740 4580/4309/3741 4578/4310/3742
f 4672/4311/3743 4579/4308/3740 4578/4310/3742
f 4578/4310/3742 4580/4309/3741 4589/4312/3744
f 4580/4309/3741 4590/4313/3745 4589/4312/3744
f 4589/4312/3744 4590/4313/3745 4588/4314/3746
f 4587/4315/3747 4589/4312/3744 4588/4314/3746
f 4587/4315/3747 4588/4314/3746 4586/4316/3748
f 4587/4315/3747 4585/4317/3749 4589/4312/3744
f 4585/4317/3749 4583/4318/3750 4589/4312/3744
f 4589/4312/3744 4583/4318/3750 4578/4310/3742
f 4583/4318/3750 4585/4317/3749 4584/4319/3751
f 4581/4320/3752 4583/4318/3750 4584/4319/3751
f 4583/4318/3750 4582/4321/3753 4578/4310/3742
f 4582/4321/3753 4583/4318/3750 4581/4320/3752
f 4578/4310/3742 4582/4321/3753 4672/4311/3743
f 4646/4322/3754 4582/4321/3753 4581/4320/3752
f 4582/4321/3753 4647/4323/3755 4672/4311/3743
f 4647/4323/3755 4582/4321/3753 4646/4322/3754
f 4698/4324/3756 4647/4323/3755 4646/4322/3754
f 4660/4325/3757 4661/4326/878 4659/4327/878
f 4701/4328/3758 4660/4325/3757 4659/4327/878
f 4701/4328/3758 4664/4329/3759 4660/4325/3757
f 4664/4329/3759 4663/4330/3760 4660/4325/3757
f 4663/4330/3760 4664/4329/3759 4662/4331/1128
f 4702/4332/1128 4663/4330/3760 4662/4331/1128
f 4674/4333/3761 4675/4334/3762 4673/4335/3763
f 4688/4336/3764 4674/4333/3761 4673/4335/3763
f 4674/4333/3761 4684/4337/3765 4675/4334/3762
f 4684/4337/3765 4685/4338/3766 4675/4334/3762
f 4676/4339/3767 4674/4333/3761 4688/4336/3764
f 4685/4338/3766 4684/4337/3765 4682/4340/3768
f 4686/4341/3769 4676/4339/3767 4688/4336/3764
f 4684/4337/3765 4683/4342/3770 4682/4340/3768
f 4682/4340/3768 4683/4342/3770 4681/4343/3771
f 4679/4344/3772 4683/4342/3770 4684/4337/3765
f 4678/4345/3773 4684/4337/3765 4674/4333/3761
f 4676/4339/3767 4678/4345/3773 4674/4333/3761
f 4678/4345/3773 4679/4344/3772 4684/4337/3765
f 4687/4346/3774 4676/4339/3767 4686/4341/3769
f 4703/4347/3775 4687/4346/3774 4686/4341/3769
f 4687/4346/3774 4677/4348/3776 4676/4339/3767
f 4677/4348/3776 4678/4345/3773 4676/4339/3767
f 4678/4345/3773 4677/4348/3776 4679/4344/3772
f 4677/4348/3776 4680/4349/3777 4679/4344/3772
f 4705/4350/3778 4706/4351/3779 4704/4352/3780
f 4714/4353/3781 4705/4350/3778 4704/4352/3780
f 4714/4353/3781 4728/4354/3782 4705/4350/3778
f 4704/4352/3780 4706/4351/3779 4723/4355/3783
f 4728/4354/3782 4714/4353/3781 4713/4356/3784
f 4706/4351/3779 4711/4357/3785 4723/4355/3783
f 4717/4358/3786 4714/4353/3781 4704/4352/3780
f 4723/4355/3783 4717/4358/3786 4704/4352/3780
f 4714/4353/3781 4715/4359/3787 4713/4356/3784
f 4713/4356/3784 4715/4359/3787 4727/4360/3788
f 4715/4359/3787 4714/4353/3781 4716/4361/3789
f 4714/4353/3781 4717/4358/3786 4716/4361/3789
f 4715/4359/3787 4716/4361/3789 4719/4362/3790
f 4718/4360/3791 4715/4359/3787 4719/4362/3790
f 4719/4362/3790 4720/4363/1047 4718/4360/3791
f 4720/4363/1047 4719/4362/3790 4726/4364/3792
f 4719/4362/3790 4716/4361/3789 4726/4364/3792
f 4978/4365/1047 4720/4363/1047 4726/4364/3792
f 4978/4365/1047 4726/4364/3792 4743/4366/1047
f 4716/4361/3789 4722/4367/3793 4726/4364/3792
f 4716/4361/3789 4717/4358/3786 4722/4367/3793
f 4726/4364/3792 4744/4368/3794 4743/4366/1047
f 4743/4366/1047 4744/4368/3794 4742/4369/3795
f 4722/4367/3793 4740/4370/3796 4726/4364/3792
f 4740/4370/3796 4744/4368/3794 4726/4364/3792
f 4737/4371/3797 4742/4369/3795 4744/4368/3794
f 4740/4370/3796 4737/4371/3797 4744/4368/3794
f 4737/4371/3797 4739/4372/3798 4742/4369/3795
f 4738/4373/3799 4739/4372/3798 4737/4371/3797
f 4741/4374/3800 4738/4373/3799 4737/4371/3797
f 4741/4374/3800 4737/4371/3797 4740/4370/3796
f 4738/4373/3799 4741/4374/3800 4731/4375/3801
f 4745/4376/3802 4740/4370/3796 4722/4367/3793
f 4745/4376/3802 4741/4374/3800 4740/4370/3796
f 4729/4377/3803 4731/4375/3801 4741/4374/3800
f 4745/4376/3802 4729/4377/3803 4741/4374/3800
f 4730/4378/3804 4731/4375/3801 4729/4377/3803
f 4729/4377/3803 4747/4379/3805 4730/4378/3804
f 4745/4376/3802 4747/4379/3805 4729/4377/3803
f 4747/4379/3805 4734/4380/3806 4730/4378/3804
f 4722/4367/3793 4721/4381/3807 4745/4376/3802
f 4721/4381/3807 4722/4367/3793 4717/4358/3786
f 4745/4376/3802 4746/4382/3808 4747/4379/3805
f 4721/4381/3807 4746/4382/3808 4745/4376/3802
f 4747/4379/3805 4735/4383/3809 4734/4380/3806
f 4746/4382/3808 4735/4383/3809 4747/4379/3805
f 4735/4383/3809 4736/4384/3810 4734/4380/3806
f 4735/4383/3809 4746/4382/3808 4733/4385/3811
f 4735/4383/3809 4733/4385/3811 4736/4384/3810
f 4746/4382/3808 4721/4381/3807 4733/4385/3811
f 4733/4385/3811 4732/4386/3812 4736/4384/3810
f 4732/4386/3812 4733/4385/3811 4707/4387/3813
f 4721/4381/3807 4707/4387/3813 4733/4385/3811
f 4709/4388/1087 4732/4386/3812 4707/4387/3813
f 4708/4389/3814 4709/4388/1087 4707/4387/3813
f 4724/4390/3815 4708/4389/3814 4707/4387/3813
f 4707/4387/3813 4721/4381/3807 4724/4390/3815
f 4712/4391/3816 4708/4389/3814 4724/4390/3815
f 4721/4381/3807 4725/4392/3817 4724/4390/3815
f 4725/4392/3817 4721/4381/3807 4717/4358/3786
f 4725/4392/3817 4717/4358/3786 4723/4355/3783
f 4725/4392/3817 4710/4393/3818 4724/4390/3815
f 4710/4393/3818 4712/4391/3816 4724/4390/3815
f 4710/4393/3818 4725/4392/3817 4723/4355/3783
f 4711/4357/3785 4712/4391/3816 4710/4393/3818
f 4723/4355/3783 4711/4357/3785 4710/4393/3818
f 4749/4394/175 4750/4395/3819 4748/4396/3819
f 4748/4396/3819 4750/4395/3819 4769/4397/3820
f 4754/4398/175 4749/4394/175 4748/4396/3819
f 4980/4399/3820 4748/4396/3819 4769/4397/3820
f 4755/4400/3821 4749/4394/175 4754/4398/175
f 4980/4399/3820 4769/4397/3820 4777/4401/3822
f 4759/4402/3821 4755/4400/3821 4754/4398/175
f 4769/4397/3820 4772/4403/3822 4777/4401/3822
f 4760/4404/3823 4755/4400/3821 4759/4402/3821
f 4777/4401/3822 4772/4403/3822 4757/4405/3824
f 4761/4406/3823 4760/4404/3823 4759/4402/3821
f 4772/4403/3822 4758/4407/3824 4757/4405/3824
f 4762/4408/3825 4760/4404/3823 4761/4406/3823
f 4757/4405/3824 4758/4407/3824 4756/4409/3826
f 4773/4410/3825 4762/4408/3825 4761/4406/3823
f 4774/4411/3826 4757/4405/3824 4756/4409/3826
f 4753/4412/3827 4762/4408/3825 4773/4410/3825
f 4774/4411/3826 4756/4409/3826 4768/4413/3828
f 4751/4414/3827 4753/4412/3827 4773/4410/3825
f 4767/4415/3828 4774/4411/3826 4768/4413/3828
f 4752/4416/3829 4753/4412/3827 4751/4414/3827
f 4767/4415/3828 4768/4413/3828 4766/4417/3830
f 4770/4418/3829 4752/4416/3829 4751/4414/3827
f 4776/4419/3830 4767/4415/3828 4766/4417/3830
f 4776/4419/3830 4766/4417/3830 4775/4420/62
f 4982/4421/62 4776/4419/3830 4775/4420/62
f 4771/4422/3831 4752/4416/3829 4770/4418/3829
f 4981/4423/3831 4771/4422/3831 4770/4418/3829
f 4981/4423/3831 4763/4424/3832 4771/4422/3831
f 4763/4424/3832 4765/4425/3832 4771/4422/3831
f 4764/4426/3833 4765/4425/3832 4763/4424/3832
f 4979/4427/3833 4764/4426/3833 4763/4424/3832
f 4779/4428/3834 4780/4429/3835 4778/4430/3836
f 4983/4431/3837 4779/4428/3834 4778/4430/3836
f 4778/4430/3836 4780/4429/3835 4787/4432/3838
f 4780/4429/3835 4800/4433/3839 4787/4432/3838
f 4800/4433/3839 4788/4434/3840 4787/4432/3838
f 4788/4434/3840 4789/4435/3841 4787/4432/3838
f 4789/4435/3841 4788/4434/3840 4794/4436/3842
f 4788/4434/3840 4795/4437/3843 4794/4436/3842
f 4795/4437/3843 4782/4438/3844 4794/4436/3842
f 4782/4438/3844 4798/4439/3845 4794/4436/3842
f 4798/4439/3845 4782/4438/3844 4781/4440/3846
f 4782/4438/3844 4783/4441/3847 4781/4440/3846
f 4781/4440/3846 4783/4441/3847 4790/4442/3848
f 4783/4441/3847 4791/4443/3849 4790/4442/3848
f 4791/4443/3849 4796/4444/3850 4790/4442/3848
f 4796/4444/3850 4797/4445/3851 4790/4442/3848
f 4796/4444/3850 4799/4446/3852 4797/4445/3851
f 4799/4446/3852 4784/4447/3853 4797/4445/3851
f 4799/4446/3852 4785/4448/3854 4784/4447/3853
f 4785/4448/3854 4786/4449/3855 4784/4447/3853
f 4786/4449/3855 4785/4448/3854 4792/4450/3856
f 4785/4448/3854 4793/4451/3857 4792/4450/3856
f 4793/4451/3857 4801/4452/3858 4792/4450/3856
f 4801/4452/3858 4802/4453/3859 4792/4450/3856
f 4804/4454/3860 4805/4455/3861 4803/4456/3861
f 4984/4457/3860 4804/4454/3860 4803/4456/3861
f 4805/4455/3861 4806/4458/3862 4803/4456/3861
f 4806/4458/3862 4807/4459/3862 4803/4456/3861
f 4806/4458/3862 4818/4460/3863 4807/4459/3862
f 4818/4460/3863 4811/4461/3863 4807/4459/3862
f 4818/4460/3863 4812/4462/3864 4811/4461/3863
f 4812/4462/3864 4813/4463/3865 4811/4461/3863
f 4813/4463/3865 4812/4462/3864 4816/4464/3866
f 4812/4462/3864 4817/4465/3867 4816/4464/3866
f 4816/4464/3866 4817/4465/3867 4833/4466/3868
f 4817/4465/3867 4831/4467/3869 4833/4466/3868
f 4833/4466/3868 4831/4467/3869 4830/4468/3870
f 4831/4467/3869 4832/4469/3871 4830/4468/3870
f 4832/4469/3871 4835/4470/3872 4830/4468/3870
f 4835/4470/3872 4837/4471/3873 4830/4468/3870
f 4836/4472/3874 4837/4471/3873 4835/4470/3872
f 4828/4473/3875 4836/4472/3874 4835/4470/3872
f 4836/4472/3874 4828/4473/3875 4827/4474/3876
f 4828/4473/3875 4829/4475/3877 4827/4474/3876
f 4827/4474/3876 4829/4475/3877 4834/4476/3878
f 4823/4477/3879 4827/4474/3876 4834/4476/3878
f 4834/4476/3878 4824/4478/3880 4823/4477/3879
f 4824/4478/3880 4825/4479/3881 4823/4477/3879
f 4824/4478/3880 4819/4480/3882 4825/4479/3881
f 4819/4480/3882 4826/4481/3883 4825/4479/3881
f 4826/4481/3883 4819/4480/3882 4808/4482/3884
f 4819/4480/3882 4820/4483/3884 4808/4482/3884
f 4820/4483/3884 4809/4484/3885 4808/4482/3884
f 4809/4484/3885 4810/4485/3885 4808/4482/3884
f 4809/4484/3885 4814/4486/3886 4810/4485/3885
f 4814/4486/3886 4815/4487/3886 4810/4485/3885
f 4814/4486/3886 4821/4488/3887 4815/4487/3886
f 4821/4488/3887 4822/4489/3887 4815/4487/3886
f 4839/4150/3888 4840/4151/3888 4838/4152/3889
f 4890/4153/3890 4839/4150/3888 4838/4152/3889
f 4889/4154/3891 4890/4153/3890 4838/4152/3889
f 4857/4155/3892 4889/4154/3891 4838/4152/3889
f 4889/4154/3891 4857/4155/3892 4856/4156/3893
f 4857/4155/3892 4858/4157/3893 4856/4156/3893
f 4856/4156/3893 4858/4157/3893 4849/4159/3894
f 4858/4157/3893 4847/4158/3894 4849/4159/3894
f 4848/4161/3895 4849/4159/3894 4847/4158/3894
f 4985/4160/3895 4848/4161/3895 4847/4158/3894
f 4842/4161/3896 4843/4160/3896 4841/4163/3897
f 4892/4162/3897 4842/4161/3896 4841/4163/3897
f 4891/4164/3898 4892/4162/3897 4841/4163/3897
f 4860/4165/3898 4891/4164/3898 4841/4163/3897
f 4891/4164/3898 4860/4165/3898 4859/4167/3899
f 4860/4165/3898 4861/4166/3899 4859/4167/3899
f 4859/4167/3899 4861/4166/3899 4852/4168/3900
f 4861/4166/3899 4850/4169/3900 4852/4168/3900
f 4851/4170/3901 4852/4168/3900 4850/4169/3900
f 4986/4171/3901 4851/4170/3901 4850/4169/3900
f 4845/4170/3902 4846/4171/3902 4844/4172/3903
f 4894/4173/3903 4845/4170/3902 4844/4172/3903
f 4893/4174/3904 4894/4173/3903 4844/4172/3903
f 4863/4175/3904 4893/4174/3904 4844/4172/3903
f 4893/4174/3904 4863/4175/3904 4862/4176/3905
f 4863/4175/3904 4864/4177/3905 4862/4176/3905
f 4862/4176/3905 4864/4177/3905 4855/4178/3906
f 4864/4177/3905 4853/4179/3906 4855/4178/3906
f 4854/4104/3907 4855/4178/3906 4853/4179/3906
f 4987/4105/3907 4854/4104/3907 4853/4179/3906
f 4866/4180/3908 4867/4181/3909 4865/4182/3910
f 4866/4180/3908 4865/4182/3910 4895/4183/3911
f 4865/4182/3910 4896/4184/3912 4895/4183/3911
f 4867/4181/3909 4870/4186/3913 4865/4182/3910
f 4870/4186/3913 4869/4185/3914 4865/4182/3910
f 4869/4185/3914 4870/4186/3913 4868/4187/3915
f 4869/4185/3914 4868/4187/3915 4897/4188/3916
f 4988/4189/3917 4869/4185/3914 4897/4188/3916
f 4872/4190/3918 4873/4191/3919 4871/4192/3920
f 4872/4190/3918 4871/4192/3920 4898/4188/3921
f 4871/4192/3920 4899/4189/3922 4898/4188/3921
f 4871/4192/3920 4873/4191/3919 4875/4194/3923
f 4873/4191/3919 4876/4193/3924 4875/4194/3923
f 4875/4194/3923 4876/4193/3924 4874/4195/3925
f 4875/4194/3923 4874/4195/3925 4900/4196/3926
f 4989/4197/3927 4875/4194/3923 4900/4196/3926
f 4878/4198/3928 4879/4199/3929 4877/4200/3930
f 4878/4198/3928 4877/4200/3930 4901/4196/3931
f 4877/4200/3930 4902/4197/3932 4901/4196/3931
f 4879/4199/3929 4882/4202/3933 4877/4200/3930
f 4882/4202/3933 4881/4201/3934 4877/4200/3930
f 4881/4201/3934 4882/4202/3933 4880/4203/3935
f 4881/4201/3934 4880/4203/3935 4903/4204/3936
f 4990/4205/3937 4881/4201/3934 4903/4204/3936
f 4884/4206/3938 4885/4207/3939 4883/4208/3940
f 4884/4206/3938 4883/4208/3940 4904/4204/3941
f 4883/4208/3940 4905/4205/3942 4904/4204/3941
f 4885/4207/3939 4888/4210/3943 4883/4208/3940
f 4888/4210/3943 4887/4209/3944 4883/4208/3940
f 4887/4209/3944 4888/4210/3943 4886/4211/3945
f 4887/4209/3944 4886/4211/3945 4906/4119/3946
f 4991/4120/3947 4887/4209/3944 4906/4119/3946
f 4908/4064/3948 4909/4065/3949 4907/4066/3949
f 4992/4067/3948 4908/4064/3948 4907/4066/3949
f 4933/4068/3950 4907/4066/3949 4909/4065/3949
f 4931/4069/3950 4933/4068/3950 4909/4065/3949
f 4932/4070/3951 4933/4068/3950 4931/4069/3950
f 4959/4071/3951 4932/4070/3951 4931/4069/3950
f 4932/4070/3951 4959/4071/3951 4958/4072/3952
f 4959/4071/3951 4917/4073/3952 4958/4072/3952
f 4958/4072/3952 4917/4073/3952 4916/4074/3953
f 4917/4073/3952 4918/4075/3953 4916/4074/3953
f 4911/4086/3954 4912/4087/3954 4910/4089/3955
f 4964/4088/3955 4911/4086/3954 4910/4089/3955
f 4910/4089/3955 4929/4091/3956 4964/4088/3955
f 4929/4091/3956 4965/4090/3956 4964/4088/3955
f 4965/4090/3956 4929/4091/3956 4928/4092/3957
f 4929/4091/3956 4930/4093/3957 4928/4092/3957
f 4928/4092/3957 4930/4093/3957 4913/4094/3958
f 4930/4093/3957 4963/4095/3958 4913/4094/3958
f 4963/4095/3958 4914/4074/3959 4913/4094/3958
f 4914/4074/3959 4915/4075/3959 4913/4094/3958
f 4920/4064/3960 4921/4067/3960 4919/4106/3961
f 4962/4107/3961 4920/4064/3960 4919/4106/3961
f 4926/4108/3962 4962/4107/3961 4919/4106/3961
f 4927/4109/3962 4926/4108/3962 4919/4106/3961
f 4926/4108/3962 4927/4109/3962 4925/4111/3963
f 4961/4110/3963 4926/4108/3962 4925/4111/3963
f 4961/4110/3963 4925/4111/3963 4960/4113/3964
f 4922/4112/3964 4961/4110/3963 4960/4113/3964
f 4960/4113/3964 4923/4114/3965 4922/4112/3964
f 4923/4114/3965 4924/4115/3965 4922/4112/3964
f 4935/4116/3966 4936/4117/3967 4934/4118/3968
f 4935/4116/3966 4934/4118/3968 4966/4119/3969
f 4934/4118/3968 4967/4120/3970 4966/4119/3969
f 4936/4117/3967 4939/4121/3971 4934/4118/3968
f 4939/4121/3971 4938/4122/3972 4934/4118/3968
f 4938/4122/3972 4939/4121/3971 4937/4123/3973
f 4938/4122/3972 4937/4123/3973 4968/4124/3974
f 4993/4125/3975 4938/4122/3972 4968/4124/3974
f 4941/4126/3976 4942/4127/3977 4940/4128/3978
f 4941/4126/3976 4940/4128/3978 4969/4124/3979
f 4940/4128/3978 4970/4125/3980 4969/4124/3979
f 4940/4128/3978 4942/4127/3977 4944/4129/3981
f 4942/4127/3977 4945/4130/3982 4944/4129/3981
f 4944/4129/3981 4945/4130/3982 4943/4131/3983
f 4944/4129/3981 4943/4131/3983 4971/4132/3984
f 4994/4133/3985 4944/4129/3981 4971/4132/3984
f 4947/4134/3986 4948/4135/3987 4946/4136/3988
f 4947/4134/3986 4946/4136/3988 4972/4132/3989
f 4946/4136/3988 4973/4133/3990 4972/4132/3989
f 4948/4135/3987 4951/4138/3991 4946/4136/3988
f 4951/4138/3991 4950/4137/3992 4946/4136/3988
f 4950/4137/3992 4951/4138/3991 4949/4139/3993
f 4950/4137/3992 4949/4139/3993 4974/4140/3994
f 4995/4141/3995 4950/4137/3992 4974/4140/3994
f 4953/4142/3996 4954/4143/3997 4952/4144/3998
f 4953/4142/3996 4952/4144/3998 4975/4140/3999
f 4952/4144/3998 4976/4141/4000 4975/4140/3999
f 4952/4144/3998 4954/4143/3997 4956/4146/4001
f 4954/4143/3997 4957/4145/4002 4956/4146/4001
f 4956/4146/4001 4957/4145/4002 4955/4147/4003
f 4956/4146/4001 4955/4147/4003 4977/4148/4004
f 4996/4149/4005 4956/4146/4001 4977/4148/4004
f 4998/4490/4006 4999/4491/4007 4997/4492/4008
f 5001/4493/4009 4998/4490/4006 4997/4492/4008
f 4998/4490/4006 5001/4493/4009 5000/4494/4010
f 4997/4492/4008 4999/4491/4007 5002/4495/4011
f 5016/4496/4012 4998/4490/4006 5000/4494/4010
f 4999/4491/4007 4998/4490/4006 5017/4497/4013
f 4998/4490/4006 5016/4496/4012 5017/4497/4013
f 5027/4498/4014 4999/4491/4007 5017/4497/4013
f 5016/4496/4012 5018/4499/4015 5017/4497/4013
f 5016/4496/4012 5000/4494/4010 5014/4500/4016
f 5018/4499/4015 5016/4496/4012 5022/4501/4017
f 5015/4502/4018 5016/4496/4012 5014/4500/4016
f 5016/4496/4012 5015/4502/4018 5022/4501/4017
f 5012/4503/4019 5015/4502/4018 5014/4500/4016
f 5015/4502/4018 5012/4503/4019 5022/4501/4017
f 5013/4504/4020 5012/4503/4019 5014/4500/4016
f 5012/4503/4019 5023/4505/4021 5022/4501/4017
f 5012/4503/4019 5013/4504/4020 5010/4506/4022
f 5023/4505/4021 5012/4503/4019 5024/4507/4023
f 5012/4503/4019 5011/4508/4024 5024/4507/4023
f 5011/4508/4024 5012/4503/4019 5010/4506/4022
f 5024/4507/4023 5011/4508/4024 5025/4509/4025
f 5008/4510/4026 5011/4508/4024 5010/4506/4022
f 5011/4508/4024 5008/4510/4026 5025/4509/4025
f 5009/4511/4027 5008/4510/4026 5010/4506/4022
f 5025/4509/4025 5008/4510/4026 5026/4512/4028
f 5008/4510/4026 5009/4511/4027 5007/4513/4029
f 5006/4514/4030 5008/4510/4026 5007/4513/4029
f 5008/4510/4026 5006/4514/4030 5026/4512/4028
f 5006/4514/4030 5007/4513/4029 5005/4515/4031
f 5006/4514/4030 5028/4516/4032 5026/4512/4028
f 5028/4516/4032 5006/4514/4030 5005/4515/4031
f 5028/4516/4032 5029/4517/4033 5026/4512/4028
f 5056/4518/4034 5029/4517/4033 5028/4516/4032
f 5028/4516/4032 5005/4515/4031 5037/4519/4035
f 5037/4519/4035 5056/4518/4034 5028/4516/4032
f 5005/4515/4031 5038/4520/4036 5037/4519/4035
f 5037/4519/4035 5039/4521/4037 5056/4518/4034
f 5037/4519/4035 5038/4520/4036 5039/4521/4037
f 5039/4521/4037 5055/4522/4038 5056/4518/4034
f 5038/4520/4036 5040/4523/4039 5039/4521/4037
f 5039/4521/4037 5041/4524/4040 5055/4522/4038
f 5039/4521/4037 5040/4523/4039 5041/4524/4040
f 5041/4524/4040 5054/4525/4041 5055/4522/4038
f 5040/4523/4039 5042/4526/4042 5041/4524/4040
f 5041/4524/4040 5043/4527/4043 5054/4525/4041
f 5041/4524/4040 5042/4526/4042 5043/4527/4043
f 5043/4527/4043 5053/4528/4044 5054/4525/4041
f 5042/4526/4042 5044/4529/4045 5043/4527/4043
f 5052/4530/4046 5053/4528/4044 5043/4527/4043
f 5043/4527/4043 5044/4529/4045 5045/4531/4047
f 5115/4532/4048 5052/4530/4046 5043/4527/4043
f 5115/4532/4048 5043/4527/4043 5045/4531/4047
f 5115/4532/4048 5046/4533/4049 5052/4530/4046
f 5115/4532/4048 5045/4531/4047 5046/4533/4049
f 5046/4533/4049 5048/4534/4050 5052/4530/4046
f 5045/4531/4047 5033/4535/4051 5046/4533/4049
f 5047/4536/4052 5048/4534/4050 5046/4533/4049
f 5046/4533/4049 5033/4535/4051 5031/4537/4053
f 5031/4537/4053 5047/4536/4052 5046/4533/4049
f 5033/4535/4051 5032/4538/4054 5031/4537/4053
f 5031/4537/4053 5032/4538/4054 5030/4539/4055
f 5031/4537/4053 5057/4540/4056 5047/4536/4052
f 5057/4540/4056 5031/4537/4053 5030/4539/4055
f 5057/4540/4056 5058/4541/4057 5047/4536/4052
f 5057/4540/4056 5030/4539/4055 5035/4542/4058
f 5057/4540/4056 5049/4543/4059 5058/4541/4057
f 5049/4543/4059 5057/4540/4056 5035/4542/4058
f 5049/4543/4059 5051/4544/4060 5058/4541/4057
f 5050/4545/4061 5051/4544/4060 5049/4543/4059
f 5049/4543/4059 5035/4542/4058 5034/4546/4062
f 5034/4546/4062 5050/4545/4061 5049/4543/4059
f 5035/4542/4058 5036/4547/4063 5034/4546/4062
f 5034/4546/4062 5036/4547/4063 5092/4548/4064
f 5034/4546/4062 5106/4549/4065 5050/4545/4061
f 5106/4549/4065 5034/4546/4062 5092/4548/4064
f 5106/4549/4065 5107/4550/4066 5050/4545/4061
f 5107/4550/4066 5106/4549/4065 5113/4551/4067
f 5089/4552/4068 5106/4549/4065 5092/4548/4064
f 5106/4549/4065 5089/4552/4068 5113/4551/4067
f 5087/4553/4069 5089/4552/4068 5092/4548/4064
f 5113/4551/4067 5089/4552/4068 5104/4554/4070
f 5088/4555/4071 5089/4552/4068 5087/4553/4069
f 5089/4552/4068 5088/4555/4071 5104/4554/4070
f 5091/4556/4072 5088/4555/4071 5087/4553/4069
f 5088/4555/4071 5091/4556/4072 5090/4557/4073
f 5088/4555/4071 5103/4558/4074 5104/4554/4070
f 5103/4558/4074 5088/4555/4071 5090/4557/4073
f 5103/4558/4074 5105/4559/4075 5104/4554/4070
f 5103/4558/4074 5090/4557/4073 5101/4560/4076
f 5105/4559/4075 5103/4558/4074 5108/4561/4077
f 5102/4562/4078 5103/4558/4074 5101/4560/4076
f 5103/4558/4074 5102/4562/4078 5108/4561/4077
f 5099/4563/4079 5102/4562/4078 5101/4560/4076
f 5102/4562/4078 5099/4563/4079 5108/4561/4077
f 5100/4564/4080 5099/4563/4079 5101/4560/4076
f 5099/4563/4079 5109/4565/4081 5108/4561/4077
f 5099/4563/4079 5100/4564/4080 5097/4566/4082
f 5099/4563/4079 5098/4567/4083 5109/4565/4081
f 5098/4567/4083 5099/4563/4079 5097/4566/4082
f 5098/4567/4083 5110/4568/4084 5109/4565/4081
f 5095/4569/4085 5098/4567/4083 5097/4566/4082
f 5098/4567/4083 5095/4569/4085 5110/4568/4084
f 5096/4570/4086 5095/4569/4085 5097/4566/4082
f 5095/4569/4085 5111/4571/4087 5110/4568/4084
f 5095/4569/4085 5096/4570/4086 5094/4572/4088
f 5095/4569/4085 5093/4573/4089 5111/4571/4087
f 5093/4573/4089 5095/4569/4085 5094/4572/4088
f 5093/4573/4089 5112/4574/4090 5111/4571/4087
f 5093/4573/4089 5094/4572/4088 5065/4575/4091
f 5112/4574/4090 5093/4573/4089 5086/4576/4092
f 5114/4577/4093 5093/4573/4089 5065/4575/4091
f 5093/4573/4089 5114/4577/4093 5086/4576/4092
f 5114/4577/4093 5065/4575/4091 5064/4578/4094
f 5114/4577/4093 5064/4578/4094 5086/4576/4092
f 5064/4578/4094 5083/4579/4095 5086/4576/4092
f 5065/4575/4091 5066/4580/4096 5064/4578/4094
f 5082/4581/4097 5083/4579/4095 5064/4578/4094
f 5064/4578/4094 5066/4580/4096 5067/4582/4098
f 5067/4582/4098 5082/4581/4097 5064/4578/4094
f 5066/4580/4096 5068/4583/4099 5067/4582/4098
f 5067/4582/4098 5068/4583/4099 5069/4584/4100
f 5067/4582/4098 5071/4585/4101 5082/4581/4097
f 5071/4585/4101 5067/4582/4098 5069/4584/4100
f 5071/4585/4101 5081/4586/4102 5082/4581/4097
f 5071/4585/4101 5069/4584/4100 5070/4587/4103
f 5071/4585/4101 5073/4588/4104 5081/4586/4102
f 5073/4588/4104 5071/4585/4101 5070/4587/4103
f 5073/4588/4104 5080/4589/4105 5081/4586/4102
f 5073/4588/4104 5070/4587/4103 5072/4590/4106
f 5079/4591/4107 5080/4589/4105 5073/4588/4104
f 5116/4592/4108 5073/4588/4104 5072/4590/4106
f 5116/4592/4108 5079/4591/4107 5073/4588/4104
f 5116/4592/4108 5072/4590/4106 5074/4593/4109
f 5116/4592/4108 5074/4593/4109 5079/4591/4107
f 5074/4593/4109 5076/4594/4110 5079/4591/4107
f 5072/4590/4106 5062/4595/4111 5074/4593/4109
f 5075/4596/4112 5076/4594/4110 5074/4593/4109
f 5074/4593/4109 5062/4595/4111 5060/4597/4113
f 5060/4597/4113 5075/4596/4112 5074/4593/4109
f 5062/4595/4111 5061/4598/4114 5060/4597/4113
f 5060/4597/4113 5061/4598/4114 5059/4599/4115
f 5060/4597/4113 5084/4600/4116 5075/4596/4112
f 5084/4600/4116 5060/4597/4113 5059/4599/4115
f 5084/4600/4116 5085/4601/4117 5075/4596/4112
f 5084/4600/4116 5059/4599/4115 5063/4602/4118
f 5084/4600/4116 5077/4603/4119 5085/4601/4117
f 5077/4603/4119 5084/4600/4116 5063/4602/4118
f 5077/4603/4119 5078/4604/4120 5085/4601/4117
f 5019/4605/4121 5078/4604/4120 5077/4603/4119
f 5077/4603/4119 5063/4602/4118 5003/4606/4122
f 5003/4606/4122 5019/4605/4121 5077/4603/4119
f 5063/4602/4118 5004/4607/4123 5003/4606/4122
f 5003/4606/4122 5004/4607/4123 5002/4495/4011
f 5003/4606/4122 5020/4608/4124 5019/4605/4121
f 5020/4608/4124 5003/4606/4122 5002/4495/4011
f 5020/4608/4124 5021/4609/4125 5019/4605/4121
f 4999/4491/4007 5020/4608/4124 5002/4495/4011
f 5021/4609/4125 5020/4608/4124 5027/4498/4014
f 5020/4608/4124 4999/4491/4007 5027/4498/4014
f 5118/4610/4126 5119/4611/4127 5117/4612/4128
f 5121/4613/4129 5118/4610/4126 5117/4612/4128
f 5119/4611/4127 5124/4614/4130 5117/4612/4128
f 5122/4615/4131 5121/4613/4129 5117/4612/4128
f 5121/4613/4129 5122/4615/4131 5120/4616/4132
f 5126/4617/4133 5120/4616/4132 5122/4615/4131
f 5132/4618/4133 5126/4617/4133 5122/4615/4131
f 5122/4615/4131 5117/4612/4128 5123/4619/4134
f 5124/4614/4130 5123/4619/4134 5117/4612/4128
f 5127/4620/4135 5122/4615/4131 5123/4619/4134
f 5124/4614/4130 5125/4621/4136 5123/4619/4134
f 5127/4620/4135 5123/4619/4134 5125/4621/4136
f 5131/4622/4137 5127/4620/4135 5125/4621/4136
f 5130/4623/4138 5127/4620/4135 5131/4622/4137
f 5128/4624/4139 5130/4623/4138 5131/4622/4137
f 5129/4625/4140 5130/4623/4138 5128/4624/4139
f 5133/4626/4141 5129/4625/4140 5128/4624/4139
f 5135/4351/4142 5136/4350/4143 5134/4352/4144
f 5134/4352/4144 5154/4355/4145 5135/4351/4142
f 5154/4355/4145 5140/4357/4146 5135/4351/4142
f 5134/4352/4144 5136/4350/4143 5147/4353/4147
f 5144/4354/4148 5147/4353/4147 5136/4350/4143
f 5151/4358/4149 5154/4355/4145 5134/4352/4144
f 5151/4358/4149 5134/4352/4144 5147/4353/4147
f 5154/4355/4145 5141/4393/4150 5140/4357/4146
f 5141/4393/4150 5142/4391/4151 5140/4357/4146
f 5153/4392/4152 5141/4393/4150 5154/4355/4145
f 5151/4358/4149 5153/4392/4152 5154/4355/4145
f 5141/4393/4150 5139/4390/4153 5142/4391/4151
f 5141/4393/4150 5153/4392/4152 5139/4390/4153
f 5139/4390/4153 5138/4389/4154 5142/4391/4151
f 5152/4381/4155 5153/4392/4152 5151/4358/4149
f 5153/4392/4152 5152/4381/4155 5139/4390/4153
f 5138/4389/4154 5139/4390/4153 5137/4387/4156
f 5152/4381/4155 5137/4387/4156 5139/4390/4153
f 5162/4388/1087 5138/4389/4154 5137/4387/4156
f 5161/4386/4157 5162/4388/1087 5137/4387/4156
f 5176/4385/4158 5161/4386/4157 5137/4387/4156
f 5137/4387/4156 5152/4381/4155 5176/4385/4158
f 5165/4384/4159 5161/4386/4157 5176/4385/4158
f 5163/4383/4160 5165/4384/4159 5176/4385/4158
f 5164/4380/4161 5165/4384/4159 5163/4383/4160
f 5152/4381/4155 5177/4382/4162 5176/4385/4158
f 5177/4382/4162 5163/4383/4160 5176/4385/4158
f 5175/4379/4163 5164/4380/4161 5163/4383/4160
f 5163/4383/4160 5177/4382/4162 5175/4379/4163
f 5160/4378/4164 5164/4380/4161 5175/4379/4163
f 5177/4382/4162 5152/4381/4155 5171/4376/4165
f 5177/4382/4162 5171/4376/4165 5175/4379/4163
f 5158/4377/4166 5160/4378/4164 5175/4379/4163
f 5175/4379/4163 5171/4376/4165 5158/4377/4166
f 5159/4375/4167 5160/4378/4164 5158/4377/4166
f 5170/4374/4168 5159/4375/4167 5158/4377/4166
f 5171/4376/4165 5170/4374/4168 5158/4377/4166
f 5170/4374/4168 5166/4373/4169 5159/4375/4167
f 5152/4381/4155 5157/4367/4170 5171/4376/4165
f 5157/4367/4170 5152/4381/4155 5151/4358/4149
f 5170/4374/4168 5171/4376/4165 5169/4370/4171
f 5169/4370/4171 5171/4376/4165 5157/4367/4170
f 5170/4374/4168 5167/4371/4172 5166/4373/4169
f 5167/4371/4172 5170/4374/4168 5169/4370/4171
f 5167/4371/4172 5168/4372/4173 5166/4373/4169
f 5168/4372/4173 5167/4371/4172 5172/4369/4174
f 5172/4369/4174 5167/4371/4172 5173/4368/4175
f 5167/4371/4172 5169/4370/4171 5173/4368/4175
f 5173/4368/4175 5174/4366/1047 5172/4369/4174
f 5173/4368/4175 5169/4370/4171 5155/4364/4176
f 5174/4366/1047 5173/4368/4175 5155/4364/4176
f 5169/4370/4171 5157/4367/4170 5155/4364/4176
f 5178/4365/1047 5174/4366/1047 5155/4364/4176
f 5178/4365/1047 5155/4364/4176 5149/4363/1047
f 5157/4367/4170 5146/4361/4177 5155/4364/4176
f 5151/4358/4149 5146/4361/4177 5157/4367/4170
f 5151/4358/4149 5147/4353/4147 5146/4361/4177
f 5155/4364/4176 5150/4362/4178 5149/4363/1047
f 5146/4361/4177 5150/4362/4178 5155/4364/4176
f 5149/4363/1047 5150/4362/4178 5148/4360/4179
f 5143/4359/4180 5148/4360/4179 5150/4362/4178
f 5146/4361/4177 5143/4359/4180 5150/4362/4178
f 5147/4353/4147 5143/4359/4180 5146/4361/4177
f 5147/4353/4147 5144/4354/4148 5143/4359/4180
f 5144/4354/4148 5145/4356/4181 5143/4359/4180
f 5143/4359/4180 5145/4356/4181 5156/4360/4182
